{
    "center_latitude": -7.981844,
    "center_longitude": 113.391984,
    "impact_radius_km": 244.71,
    "impact_area_km2": 188129.23,
    "total_events": 2091
}