{
    "center_latitude": -8.019781,
    "center_longitude": 113.482267,
    "impact_radius_km": 254.41,
    "impact_area_km2": 203341.14,
    "total_events": 2091
}