{
    "center_latitude": -8.001083,
    "center_longitude": 113.503147,
    "impact_radius_km": 254.4,
    "impact_area_km2": 203317.01,
    "total_events": 2091
}