{
    "center_latitude": -7.971147,
    "center_longitude": 113.406741,
    "impact_radius_km": 244.87,
    "impact_area_km2": 188368.05,
    "total_events": 2091
}