{
    "center_latitude": -8.003854,
    "center_longitude": 113.470688,
    "impact_radius_km": 252.24,
    "impact_area_km2": 199885.41,
    "total_events": 2091
}