Tanggal,Lintang,Bujur,Magnitudo,Kedalaman,Lokasi,Pheromone_Score,Status_Zona,Radius_Visual_KM,ACO_Center_Lat,ACO_Center_Lon,ACO_Impact_Radius_km
2022-01-01 07:19:00,-8.15271639163772,114.382883140033,4.98,62.0,Banyuwangi,0.38889615995718074,Aman,12.409903797142194,-7.985072888551868,113.44194229158558,248.58077809975046
2022-01-01 09:27:00,-8.20184973231255,112.885895966267,2.14,174.0,Laut Jawa Timur,0.0,Aman,3.130550111402148,-7.985072888551868,113.44194229158558,248.58077809975046
2022-01-01 09:29:00,-8.15544860525971,113.28648176098,7.99,421.0,Lumajang,0.8979188059643421,Terdampak,28.668853759590966,-7.985072888551868,113.44194229158558,248.58077809975046
2022-01-01 14:02:00,-7.84234983182878,113.168277797944,7.4,176.0,"Probolinggo, Jawa Timur",0.3569725864124323,Aman,22.285952688221435,-7.985072888551868,113.44194229158558,248.58077809975046
2022-01-02 13:54:00,-7.19882202183768,112.929921652772,5.5,27.0,Laut Jawa Timur,0.02522974542083369,Aman,12.996272185833456,-7.985072888551868,113.44194229158558,248.58077809975046
2022-01-03 22:30:00,-7.68683062963732,113.280158528909,4.66,549.0,"Probolinggo, Jawa Timur",0.5953516090583872,Aman,11.85624955901827,-7.985072888551868,113.44194229158558,248.58077809975046
2022-01-05 22:12:00,-8.30755868100784,114.365018906659,6.09,103.0,Banyuwangi,0.35697258641243335,Aman,16.63832348065844,-7.985072888551868,113.44194229158558,248.58077809975046
2022-01-05 22:25:00,-7.59930410438993,112.98925214586,5.8,482.0,"Pasuruan, Jawa Timur",0.001132486779588459,Aman,13.972995368838708,-7.985072888551868,113.44194229158558,248.58077809975046
2022-01-06 03:32:00,-8.00925436433367,112.693499131075,7.57,488.0,"Malang, Jawa Timur",0.8930274135876594,Terdampak,26.407764482094606,-7.985072888551868,113.44194229158558,248.58077809975046
2022-01-07 05:01:00,-7.81699253104566,113.246798086895,2.51,512.0,"Probolinggo, Jawa Timur",0.5954235497068315,Aman,4.6869140765667545,-7.985072888551868,113.44194229158558,248.58077809975046
2022-01-07 15:39:00,-8.20398789252763,114.327283615676,3.11,685.0,"Banyuwangi, Jawa Timur",0.2976758045292142,Aman,5.974329619884133,-7.985072888551868,113.44194229158558,248.58077809975046
2022-01-08 07:30:00,-8.21760877484517,113.14956304743,4.91,461.0,Lumajang,0.0,Aman,10.879833224824727,-7.985072888551868,113.44194229158558,248.58077809975046
2022-01-08 13:31:00,-8.30383985460679,114.331246035942,3.08,392.0,Banyuwangi,0.0,Aman,5.405378062633547,-7.985072888551868,113.44194229158558,248.58077809975046
2022-01-08 16:59:00,-8.12334829617477,114.451455649838,6.36,233.0,"Banyuwangi, Jawa Timur",0.702324195470756,Aman,19.418748297402303,-7.985072888551868,113.44194229158558,248.58077809975046
2022-01-09 06:12:00,-8.21237187476595,113.264363310294,4.68,387.0,"Laut Selatan Jawa, Barat Daya Lumajang",0.0,Aman,10.124387981502881,-7.985072888551868,113.44194229158558,248.58077809975046
2022-01-09 11:36:00,-8.12622436707412,113.241955796981,7.32,641.0,"Laut Selatan Jawa, Barat Daya Lumajang",0.7756399025077425,Terdampak,24.41300211574001,-7.985072888551868,113.44194229158558,248.58077809975046
2022-01-09 14:30:00,-7.7131317097396,112.820913761155,3.02,248.0,"Pasuruan, Jawa Timur",0.0,Aman,5.248200453488796,-7.985072888551868,113.44194229158558,248.58077809975046
2022-01-09 15:52:00,-7.01036667272679,112.61214752396,7.92,59.0,Laut Jawa Timur,0.0,Aman,22.288855690680936,-7.985072888551868,113.44194229158558,248.58077809975046
2022-01-09 16:43:00,-8.09192684373659,113.294640450469,4.3,476.0,"Laut Selatan Jawa, Barat Daya Lumajang",0.0,Aman,8.916669781930919,-7.985072888551868,113.44194229158558,248.58077809975046
2022-01-09 18:46:00,-8.26735128859648,114.386821976702,6.57,347.0,Banyuwangi,0.5953516090584139,Aman,19.847989037081486,-7.985072888551868,113.44194229158558,248.58077809975046
2022-01-09 23:37:00,-8.19897044581846,113.153553692118,3.52,196.0,"Laut Selatan Jawa, Barat Daya Lumajang",0.0,Aman,6.604105389831389,-7.985072888551868,113.44194229158558,248.58077809975046
2022-01-10 04:04:00,-7.70634616581684,112.952158659529,5.59,351.0,"Pasuruan, Jawa Timur",0.02522974542083136,Aman,13.316573054188696,-7.985072888551868,113.44194229158558,248.58077809975046
2022-01-10 05:41:00,-8.13963866055159,114.310481147133,6.26,18.0,"Banyuwangi, Jawa Timur",0.5953516090583872,Aman,18.45992604743374,-7.985072888551868,113.44194229158558,248.58077809975046
2022-01-11 21:33:00,-7.7702926713286,113.253764471901,2.33,554.0,"Laut Jawa, Barat Daya Probolinggo",0.0,Aman,3.5565906427363836,-7.985072888551868,113.44194229158558,248.58077809975046
2022-01-12 12:03:00,-8.28896235721151,114.328854050137,7.14,522.0,"Banyuwangi, Jawa Timur",0.0,Aman,19.078635800287188,-7.985072888551868,113.44194229158558,248.58077809975046
2022-01-13 12:11:00,-8.11974496159428,113.247859541832,5.82,607.0,Lumajang,0.5953516090584066,Aman,16.54828279642887,-7.985072888551868,113.44194229158558,248.58077809975046
2022-01-13 15:20:00,-8.20644430209516,114.403128544716,7.54,125.0,Banyuwangi,0.7072155878475018,Aman,25.09681694175806,-7.985072888551868,113.44194229158558,248.58077809975046
2022-01-14 03:57:00,-7.73340864918694,112.826132734651,7.92,103.0,"Pasuruan, Jawa Timur",0.7738379022646077,Terdampak,27.463244090147466,-7.985072888551868,113.44194229158558,248.58077809975046
2022-01-14 15:01:00,-7.80143099788125,113.206854105667,2.96,174.0,"Probolinggo, Jawa Timur",0.0,Aman,5.092576558089235,-7.985072888551868,113.44194229158558,248.58077809975046
2022-01-15 17:57:00,-7.57968119695344,112.897496265699,3.93,629.0,"Pasuruan, Jawa Timur",0.0,Aman,7.790921447428411,-7.985072888551868,113.44194229158558,248.58077809975046
2022-01-16 10:32:00,-7.7932636434112,113.128530178617,5.08,179.0,"Probolinggo, Jawa Timur",0.0,Aman,11.449738512298,-7.985072888551868,113.44194229158558,248.58077809975046
2022-01-16 10:53:00,-7.70096335320676,112.831388308501,6.56,672.0,"Pasuruan, Jawa Timur",0.0,Aman,16.801797999023794,-7.985072888551868,113.44194229158558,248.58077809975046
2022-01-16 13:17:00,-7.54708250232353,112.988438405254,6.14,303.0,"Pasuruan, Jawa Timur",1.0,Terdampak,19.778616467286074,-7.985072888551868,113.44194229158558,248.58077809975046
2022-01-17 02:34:00,-8.02359737208676,112.662722699917,7.59,491.0,"Malang, Jawa Timur",0.0,Aman,20.910415562585072,-7.985072888551868,113.44194229158558,248.58077809975046
2022-01-17 04:03:00,-7.68311596629558,112.957374184082,6.29,577.0,"Pasuruan, Jawa Timur",0.6079664817688119,Aman,18.65248484658991,-7.985072888551868,113.44194229158558,248.58077809975046
2022-01-17 08:18:00,-8.13291312311967,114.32371184208,6.85,160.0,"Banyuwangi, Jawa Timur",0.0018020002431915728,Aman,17.937857657454177,-7.985072888551868,113.44194229158558,248.58077809975046
2022-01-17 18:43:00,-7.80110865289656,113.164249172228,6.42,394.0,"Laut Jawa, Barat Daya Probolinggo",0.0,Aman,16.266815545766786,-7.985072888551868,113.44194229158558,248.58077809975046
2022-01-17 19:05:00,-7.74891187787154,113.577829941283,7.8,555.0,Laut Jawa Timur,0.0,Aman,21.784214468279547,-7.985072888551868,113.44194229158558,248.58077809975046
2022-01-18 07:31:00,-8.17777045512617,114.371112020437,6.06,369.0,"Banyuwangi, Jawa Timur",0.0,Aman,14.917942753610498,-7.985072888551868,113.44194229158558,248.58077809975046
2022-01-18 08:20:00,-8.15960013805227,113.303353682572,2.22,415.0,Lumajang,0.012614872710416844,Aman,3.3202434633693727,-7.985072888551868,113.44194229158558,248.58077809975046
2022-01-18 14:38:00,-7.98265062853448,112.711858226778,4.42,368.0,"Malang, Jawa Timur",0.0,Aman,9.292517850399857,-7.985072888551868,113.44194229158558,248.58077809975046
2022-01-19 13:40:00,-8.1523113980531,113.145445639266,4.49,8.0,Lumajang,0.6079664817687976,Aman,11.24942278708571,-7.985072888551868,113.44194229158558,248.58077809975046
2022-01-19 15:05:00,-8.26950681827163,114.38130219927,7.16,415.0,"Banyuwangi, Jawa Timur",0.4761620977354207,Aman,21.895670313813987,-7.985072888551868,113.44194229158558,248.58077809975046
2022-01-19 16:09:00,-8.1728909584967,114.278022025734,6.97,263.0,Banyuwangi,0.5953516090584264,Aman,21.687906096869792,-7.985072888551868,113.44194229158558,248.58077809975046
2022-01-20 05:55:00,-7.7521552322209,113.19574466878,7.14,635.0,"Laut Jawa, Barat Daya Probolinggo",0.7064461007499762,Aman,23.122044160909724,-7.985072888551868,113.44194229158558,248.58077809975046
2022-01-20 10:39:00,-7.95170837905292,112.693011987337,3.14,371.0,"Malang, Jawa Timur",0.0,Aman,5.564094176054176,-7.985072888551868,113.44194229158558,248.58077809975046
2022-01-20 22:07:00,-8.16457888200431,111.89124458411,5.47,695.0,Laut Jawa Timur,0.0,Aman,12.79325302649799,-7.985072888551868,113.44194229158558,248.58077809975046
2022-01-20 23:28:00,-8.19562313215788,114.388666145348,5.56,258.0,Banyuwangi,7.194064843563088e-05,Aman,13.11056959703417,-7.985072888551868,113.44194229158558,248.58077809975046
2022-01-21 06:35:00,-7.73323225452793,113.246322790409,7.54,234.0,"Probolinggo, Jawa Timur",0.5953516090583875,Aman,24.402002981375013,-7.985072888551868,113.44194229158558,248.58077809975046
2022-01-21 12:39:00,-7.731588686935,113.201097495371,3.09,157.0,"Probolinggo, Jawa Timur",0.031923573544747744,Aman,5.483744327018598,-7.985072888551868,113.44194229158558,248.58077809975046
2022-01-21 21:39:00,-8.22031617834406,114.466732982373,2.95,649.0,"Banyuwangi, Jawa Timur",0.0,Aman,5.066791391008713,-7.985072888551868,113.44194229158558,248.58077809975046
2022-01-23 00:09:00,-8.28175692690936,114.469037572426,2.87,356.0,Banyuwangi,0.0,Aman,4.862088337329959,-7.985072888551868,113.44194229158558,248.58077809975046
2022-01-24 04:19:00,-8.17731673536337,114.296742643856,3.34,105.0,Banyuwangi,0.0,Aman,6.104072738754019,-7.985072888551868,113.44194229158558,248.58077809975046
2022-01-25 06:23:00,-7.868107490892,112.577538000006,4.42,515.0,"Malang, Jawa Timur",0.0,Aman,9.292517850399857,-7.985072888551868,113.44194229158558,248.58077809975046
2022-01-25 08:11:00,-7.58221269360043,112.814524199208,2.41,64.0,"Pasuruan, Jawa Timur",0.0,Aman,3.741326101798666,-7.985072888551868,113.44194229158558,248.58077809975046
2022-01-25 08:40:00,-7.63740227223858,113.314035586113,2.67,502.0,Laut Jawa Timur,0.0,Aman,4.362815948444307,-7.985072888551868,113.44194229158558,248.58077809975046
2022-01-27 04:40:00,-8.30439789048969,114.449915635736,2.02,121.0,"Banyuwangi, Jawa Timur",0.0,Aman,2.8709594215174827,-7.985072888551868,113.44194229158558,248.58077809975046
2022-01-27 19:51:00,-8.15442261573888,113.137654516681,7.59,514.0,Lumajang,0.5953516090584146,Aman,24.645130427964613,-7.985072888551868,113.44194229158558,248.58077809975046
2022-01-28 05:10:00,-7.84410354356831,113.175921186547,7.97,194.0,"Probolinggo, Jawa Timur",0.477964097978615,Aman,25.726551713976285,-7.985072888551868,113.44194229158558,248.58077809975046
2022-01-28 07:08:00,-7.56991573237603,112.938683230822,2.81,101.0,"Pasuruan, Jawa Timur",0.0,Aman,4.710418346601499,-7.985072888551868,113.44194229158558,248.58077809975046
2022-01-28 21:48:00,-7.9285001177916,112.654128433326,5.69,47.0,"Malang, Jawa Timur",0.0,Aman,13.57276718285553,-7.985072888551868,113.44194229158558,248.58077809975046
2022-02-01 03:01:00,-8.19754042975993,114.381285753171,2.75,175.0,Banyuwangi,0.10697258641241864,Aman,4.706709108682018,-7.985072888551868,113.44194229158558,248.58077809975046
2022-02-02 04:55:00,-8.23905154586907,114.307711170617,4.66,438.0,Banyuwangi,0.24586874636956077,Aman,10.801556678983886,-7.985072888551868,113.44194229158558,248.58077809975046
2022-02-02 08:09:00,-8.22942241743471,113.254955897704,4.98,4.0,"Laut Selatan Jawa, Barat Daya Lumajang",0.007259636009670522,Aman,11.137528583254564,-7.985072888551868,113.44194229158558,248.58077809975046
2022-02-02 18:36:00,-8.13739873477284,113.181876172633,6.5,535.0,"Laut Selatan Jawa, Barat Daya Lumajang",0.0644133904792897,Aman,16.892047425792356,-7.985072888551868,113.44194229158558,248.58077809975046
2022-02-03 14:13:00,-7.75057323612375,113.26387183864,2.69,272.0,"Probolinggo, Jawa Timur",0.21394517282483863,Aman,4.695101248467803,-7.985072888551868,113.44194229158558,248.58077809975046
2022-02-03 19:59:00,-8.10730382878481,113.190346891566,7.04,605.0,"Laut Selatan Jawa, Barat Daya Lumajang",0.5953516090583942,Aman,22.01544385655135,-7.985072888551868,113.44194229158558,248.58077809975046
2022-02-04 16:55:00,-7.73973419595775,112.980277846884,5.25,173.0,"Pasuruan, Jawa Timur",0.4046483909416409,Aman,13.48954755580815,-7.985072888551868,113.44194229158558,248.58077809975046
2022-02-05 10:54:00,-7.67399833975204,112.976242268489,7.02,500.0,"Pasuruan, Jawa Timur",0.02522974542083136,Aman,18.740468005340663,-7.985072888551868,113.44194229158558,248.58077809975046
2022-02-05 13:47:00,-8.23034075564232,113.230769577776,5.68,86.0,Lumajang,0.35697258641244184,Aman,14.986703946832922,-7.985072888551868,113.44194229158558,248.58077809975046
2022-02-05 15:12:00,-8.23270061327013,114.282157236108,7.84,181.0,"Banyuwangi, Jawa Timur",0.8930274135875975,Terdampak,27.833121334922478,-7.985072888551868,113.44194229158558,248.58077809975046
2022-02-05 20:47:00,-8.15064688429448,114.331819012491,6.69,359.0,Banyuwangi,0.0,Aman,17.30370795523318,-7.985072888551868,113.44194229158558,248.58077809975046
2022-02-06 06:04:00,-8.11064890326468,113.230165320065,7.57,527.0,"Laut Selatan Jawa, Barat Daya Lumajang",0.38889615995716914,Aman,23.257777954409782,-7.985072888551868,113.44194229158558,248.58077809975046
2022-02-07 11:02:00,-8.12504204654977,114.451351754325,7.35,448.0,Banyuwangi,0.5953516090584094,Aman,23.485481345484082,-7.985072888551868,113.44194229158558,248.58077809975046
2022-02-07 14:43:00,-8.27103024296422,114.389258231817,6.74,669.0,"Banyuwangi, Jawa Timur",0.8930274135876168,Terdampak,22.185931289547607,-7.985072888551868,113.44194229158558,248.58077809975046
2022-02-07 18:34:00,-8.16760723442728,113.127414439521,6.75,196.0,"Laut Selatan Jawa, Barat Daya Lumajang",0.02522974542083136,Aman,17.66975074946252,-7.985072888551868,113.44194229158558,248.58077809975046
2022-02-07 21:54:00,-7.77651050326017,113.192598684095,3.15,479.0,"Laut Jawa, Barat Daya Probolinggo",0.0,Aman,5.590695395029137,-7.985072888551868,113.44194229158558,248.58077809975046
2022-02-08 08:21:00,-7.89428874053942,112.705946759895,7.2,609.0,"Malang, Jawa Timur",0.0,Aman,19.319627325598184,-7.985072888551868,113.44194229158558,248.58077809975046
2022-02-09 09:31:00,-8.29208644950122,114.278446978825,2.05,271.0,"Banyuwangi, Jawa Timur",0.0,Aman,2.935153317971652,-7.985072888551868,113.44194229158558,248.58077809975046
2022-02-10 05:16:00,-8.20352013369729,114.452107863937,4.85,242.0,"Banyuwangi, Jawa Timur",0.5953516090583866,Aman,12.588705243859325,-7.985072888551868,113.44194229158558,248.58077809975046
2022-02-11 08:35:00,-8.03408260535956,112.542038261998,2.69,591.0,"Malang, Jawa Timur",0.0,Aman,4.411928036584459,-7.985072888551868,113.44194229158558,248.58077809975046
2022-02-11 08:44:00,-7.92475365450343,112.61816114508,7.36,158.0,"Malang, Jawa Timur",0.0,Aman,19.96717947032079,-7.985072888551868,113.44194229158558,248.58077809975046
2022-02-11 21:33:00,-7.60543451163741,112.908138483958,3.86,504.0,"Pasuruan, Jawa Timur",0.0,Aman,7.5836967238939605,-7.985072888551868,113.44194229158558,248.58077809975046
2022-02-11 22:10:00,-8.26316033899466,114.382851105853,7.42,142.0,Banyuwangi,0.8930274135875309,Terdampak,25.62675853027785,-7.985072888551868,113.44194229158558,248.58077809975046
2022-02-11 23:24:00,-8.10115265387647,113.211811196954,4.72,357.0,Lumajang,0.17848629320622666,Aman,10.80354920610955,-7.985072888551868,113.44194229158558,248.58077809975046
2022-02-13 11:28:00,-6.87371136643448,112.88336902477,4.83,549.0,Laut Jawa Timur,0.0,Aman,10.615017051328746,-7.985072888551868,113.44194229158558,248.58077809975046
2022-02-13 16:07:00,-8.16170708010888,114.414362239168,2.19,318.0,Banyuwangi,0.0,Aman,3.2409040405417744,-7.985072888551868,113.44194229158558,248.58077809975046
2022-02-13 19:26:00,-8.17950914963197,113.132305990933,2.23,658.0,"Laut Selatan Jawa, Barat Daya Lumajang",0.012614872710414516,Aman,3.3427027854906055,-7.985072888551868,113.44194229158558,248.58077809975046
2022-02-14 02:59:00,-8.0789965988141,113.28145732121,3.13,135.0,"Laut Selatan Jawa, Barat Daya Lumajang",0.0,Aman,5.537535282054643,-7.985072888551868,113.44194229158558,248.58077809975046
2022-02-14 05:22:00,-8.29788184943061,114.32358196158,4.8,148.0,Banyuwangi,0.0,Aman,10.516273104099188,-7.985072888551868,113.44194229158558,248.58077809975046
2022-02-15 16:43:00,-8.00474299426531,112.611739760813,6.59,80.0,"Malang, Jawa Timur",0.009782784753369016,Aman,16.96683506315258,-7.985072888551868,113.44194229158558,248.58077809975046
2022-02-15 20:35:00,-8.18447569793037,112.080121225062,3.52,699.0,Laut Jawa Timur,0.0,Aman,6.604105389831389,-7.985072888551868,113.44194229158558,248.58077809975046
2022-02-15 21:37:00,-8.19351789597949,114.328644527731,5.09,673.0,Banyuwangi,0.0,Aman,11.48356342778669,-7.985072888551868,113.44194229158558,248.58077809975046
2022-02-16 07:06:00,-7.71691174874219,112.964883744488,5.05,202.0,"Pasuruan, Jawa Timur",0.5953516090584741,Aman,13.375361363270983,-7.985072888551868,113.44194229158558,248.58077809975046
2022-02-18 07:13:00,-8.23816514027818,114.375220366988,7.11,2.0,Banyuwangi,1.0,Terdampak,24.646074299774398,-7.985072888551868,113.44194229158558,248.58077809975046
2022-02-18 09:10:00,-7.67741369169507,113.275978297965,2.8,120.0,"Laut Jawa, Barat Daya Probolinggo",0.0,Aman,4.685296148590822,-7.985072888551868,113.44194229158558,248.58077809975046
2022-02-19 22:49:00,-7.80287808731127,113.126508812528,3.85,587.0,"Probolinggo, Jawa Timur",0.10697258641241937,Aman,7.796674648785262,-7.985072888551868,113.44194229158558,248.58077809975046
2022-02-20 00:53:00,-8.11700017676059,113.310328940987,3.73,574.0,Lumajang,0.5953516090583637,Aman,8.490469471444849,-7.985072888551868,113.44194229158558,248.58077809975046
2022-02-20 07:16:00,-8.24100145078895,114.305442267593,7.78,629.0,"Banyuwangi, Jawa Timur",0.24586874636956055,Aman,23.301123907122637,-7.985072888551868,113.44194229158558,248.58077809975046
2022-02-20 12:04:00,-7.59158082733055,113.211850519404,5.94,605.0,Laut Jawa Timur,0.0,Aman,14.477036437061283,-7.985072888551868,113.44194229158558,248.58077809975046
2022-02-20 21:40:00,-7.81342045880331,113.176191293074,7.52,691.0,"Laut Jawa, Barat Daya Probolinggo",0.595351609058418,Aman,24.30497719574809,-7.985072888551868,113.44194229158558,248.58077809975046
2022-02-21 01:43:00,-8.06453969404832,113.265503495162,4.65,434.0,"Laut Selatan Jawa, Barat Daya Lumajang",0.0011324867795887766,Aman,10.030600973059597,-7.985072888551868,113.44194229158558,248.58077809975046
2022-02-21 14:48:00,-7.71225496568411,113.121289376148,5.21,375.0,Laut Jawa Timur,0.595351609058387,Aman,14.016030761715653,-7.985072888551868,113.44194229158558,248.58077809975046
2022-02-21 15:36:00,-7.83865915063453,113.167072080044,3.55,305.0,"Laut Jawa, Barat Daya Probolinggo",0.0,Aman,6.688712506902953,-7.985072888551868,113.44194229158558,248.58077809975046
2022-02-21 17:17:00,-8.08277720073108,113.177745309351,6.19,588.0,"Laut Selatan Jawa, Barat Daya Lumajang",0.20643361218871328,Aman,16.354297651383593,-7.985072888551868,113.44194229158558,248.58077809975046
2022-02-21 20:23:00,-8.00523137314947,112.556958352313,2.75,660.0,"Malang, Jawa Timur",0.0,Aman,4.560359086738675,-7.985072888551868,113.44194229158558,248.58077809975046
2022-02-22 05:36:00,-6.70581053790393,113.685016017036,2.12,231.0,Laut Jawa Timur,0.0,Aman,3.08676659305494,-7.985072888551868,113.44194229158558,248.58077809975046
2022-02-22 23:43:00,-8.070920125055,113.315202803782,7.25,478.0,"Laut Selatan Jawa, Barat Daya Lumajang",0.5953516090584078,Aman,23.007819780469887,-7.985072888551868,113.44194229158558,248.58077809975046
2022-02-23 04:38:00,-8.01616089990872,111.803838459129,3.09,334.0,Laut Jawa Timur,0.0,Aman,5.431724311855306,-7.985072888551868,113.44194229158558,248.58077809975046
2022-02-23 11:26:00,-7.66000304247274,113.236591311806,5.59,554.0,"Laut Jawa, Barat Daya Probolinggo",0.009782784753369016,Aman,13.255326450992623,-7.985072888551868,113.44194229158558,248.58077809975046
2022-02-23 14:04:00,-7.74617576075011,113.150135482702,2.98,635.0,"Probolinggo, Jawa Timur",0.0,Aman,5.144277597486356,-7.985072888551868,113.44194229158558,248.58077809975046
2022-02-23 17:41:00,-7.78585102885564,113.224128996494,5.04,234.0,"Probolinggo, Jawa Timur",0.3587745866556321,Aman,12.532607725109429,-7.985072888551868,113.44194229158558,248.58077809975046
2022-02-23 18:51:00,-8.24131181382789,114.347390555784,5.86,136.0,"Banyuwangi, Jawa Timur",0.0018739408916270978,Aman,14.193532877225316,-7.985072888551868,113.44194229158558,248.58077809975046
2022-02-24 06:32:00,-7.81430882056581,112.554324638461,7.39,248.0,Laut Jawa Timur,0.0,Aman,20.08938572978278,-7.985072888551868,113.44194229158558,248.58077809975046
2022-02-24 23:49:00,-8.14096062850951,114.411010258704,3.47,233.0,"Banyuwangi, Jawa Timur",0.0,Aman,6.463893795538414,-7.985072888551868,113.44194229158558,248.58077809975046
2022-02-25 10:46:00,-8.11554836970595,113.233355279625,6.9,94.0,Lumajang,0.35697258641244267,Aman,20.065836107031632,-7.985072888551868,113.44194229158558,248.58077809975046
2022-02-25 15:05:00,-6.54199611497349,112.12712821318,4.01,106.0,Laut Jawa Timur,0.0,Aman,8.030018742194814,-7.985072888551868,113.44194229158558,248.58077809975046
2022-02-25 23:04:00,-8.11724235683671,113.28473407964,5.64,373.0,"Laut Selatan Jawa, Barat Daya Lumajang",0.0015859893905947635,Aman,13.400630819443771,-7.985072888551868,113.44194229158558,248.58077809975046
2022-02-26 08:53:00,-7.49466104582514,112.962901097632,2.23,274.0,Laut Jawa Timur,0.0,Aman,3.3301001486441817,-7.985072888551868,113.44194229158558,248.58077809975046
2022-02-27 13:16:00,-7.67311358811478,113.264637029295,3.9,24.0,"Laut Jawa, Barat Daya Probolinggo",0.5953516090584052,Aman,9.077481397479028,-7.985072888551868,113.44194229158558,248.58077809975046
2022-02-28 01:21:00,-7.72668188074811,113.157767191468,3.18,591.0,"Laut Jawa, Barat Daya Probolinggo",0.0,Aman,5.670752331040389,-7.985072888551868,113.44194229158558,248.58077809975046
2022-02-28 10:42:00,-8.06505047106604,113.129435959385,2.05,235.0,"Laut Selatan Jawa, Barat Daya Lumajang",0.0,Aman,2.935153317971652,-7.985072888551868,113.44194229158558,248.58077809975046
2022-03-01 07:29:00,-7.51943686600455,113.061488601925,7.44,205.0,Laut Jawa Timur,0.0,Aman,20.293614365114955,-7.985072888551868,113.44194229158558,248.58077809975046
2022-03-01 10:11:00,-8.12180688860658,113.162982144169,5.25,355.0,Lumajang,0.02522974542083136,Aman,12.120309758556479,-7.985072888551868,113.44194229158558,248.58077809975046
2022-03-01 12:03:00,-7.95693493886951,113.066011635428,7.37,547.0,Laut Jawa Timur,0.0,Aman,20.00788726977439,-7.985072888551868,113.44194229158558,248.58077809975046
2022-03-02 01:20:00,-8.19508849113541,114.370330353609,5.02,253.0,Banyuwangi,0.0,Aman,11.247488964208854,-7.985072888551868,113.44194229158558,248.58077809975046
2022-03-02 07:15:00,-7.98358057449995,112.596355056545,4.97,128.0,"Malang, Jawa Timur",0.0,Aman,11.079867914375152,-7.985072888551868,113.44194229158558,248.58077809975046
2022-03-03 07:18:00,-8.10011522228483,113.271281790011,3.11,410.0,"Laut Selatan Jawa, Barat Daya Lumajang",0.0,Aman,5.484544739538552,-7.985072888551868,113.44194229158558,248.58077809975046
2022-03-03 18:08:00,-8.0504972789278,113.177002269181,3.89,235.0,"Laut Selatan Jawa, Barat Daya Lumajang",0.2139451728248196,Aman,8.164713390660582,-7.985072888551868,113.44194229158558,248.58077809975046
2022-03-04 06:17:00,-8.18358745442189,114.396771085159,2.32,307.0,"Banyuwangi, Jawa Timur",0.0,Aman,3.533718721120853,-7.985072888551868,113.44194229158558,248.58077809975046
2022-03-04 07:43:00,-8.09957898705701,113.226907131312,3.45,523.0,"Laut Selatan Jawa, Barat Daya Lumajang",0.35697258641244034,Aman,7.094344390729966,-7.985072888551868,113.44194229158558,248.58077809975046
2022-03-05 04:51:00,-8.19694581926633,113.18892956121,5.05,427.0,Lumajang,0.5054966547192313,Aman,13.069446660974725,-7.985072888551868,113.44194229158558,248.58077809975046
2022-03-05 09:33:00,-8.18311289723216,113.248425452094,3.19,186.0,Lumajang,0.0,Aman,5.697522180737868,-7.985072888551868,113.44194229158558,248.58077809975046
2022-03-05 09:40:00,-7.79478269137699,113.18842821553,6.01,182.0,"Laut Jawa, Barat Daya Probolinggo",0.5971536093015505,Aman,17.373180050657503,-7.985072888551868,113.44194229158558,248.58077809975046
2022-03-05 19:07:00,-7.70437509377559,113.296967530867,7.19,71.0,"Probolinggo, Jawa Timur",0.0764620197999064,Aman,19.72163445836537,-7.985072888551868,113.44194229158558,248.58077809975046
2022-03-05 20:02:00,-8.17234657134354,114.394943815129,5.67,634.0,"Banyuwangi, Jawa Timur",0.2140171134732551,Aman,14.36811972241536,-7.985072888551868,113.44194229158558,248.58077809975046
2022-03-05 20:47:00,-8.22676855068398,113.137644304062,2.86,623.0,Lumajang,0.0,Aman,4.8366988742323,-7.985072888551868,113.44194229158558,248.58077809975046
2022-03-06 12:56:00,-8.13623189172511,113.161886920496,3.86,63.0,Lumajang,0.2976758045292142,Aman,8.26094163097117,-7.985072888551868,113.44194229158558,248.58077809975046
2022-03-08 08:26:00,-8.19461441162424,114.452943393432,3.01,506.0,Banyuwangi,0.2976758045292642,Aman,5.688507564975493,-7.985072888551868,113.44194229158558,248.58077809975046
2022-03-08 12:49:00,-8.31588239426945,114.395848829355,7.32,78.0,"Banyuwangi, Jawa Timur",0.6002430014350768,Aman,23.37090116467243,-7.985072888551868,113.44194229158558,248.58077809975046
2022-03-09 07:07:00,-7.57620353777402,111.780958088402,5.61,149.0,Laut Jawa Timur,0.5054966547192565,Aman,15.302571781037406,-7.985072888551868,113.44194229158558,248.58077809975046
2022-03-11 01:21:00,-8.14474258351613,114.353040204573,3.21,560.0,"Banyuwangi, Jawa Timur",0.0,Aman,5.7511877903612225,-7.985072888551868,113.44194229158558,248.58077809975046
2022-03-11 01:55:00,-8.22863595230847,114.314579101808,7.91,446.0,"Banyuwangi, Jawa Timur",0.2826837122909838,Aman,24.133285406594712,-7.985072888551868,113.44194229158558,248.58077809975046
2022-03-11 05:54:00,-8.28852280097879,114.435771015062,3.66,224.0,Banyuwangi,0.0,Aman,7.001992287913491,-7.985072888551868,113.44194229158558,248.58077809975046
2022-03-11 21:39:00,-8.24732950070064,114.36929581527,2.57,337.0,Banyuwangi,0.0,Aman,4.120023422263519,-7.985072888551868,113.44194229158558,248.58077809975046
2022-03-12 09:54:00,-7.61979877051478,112.919572001427,7.67,363.0,"Pasuruan, Jawa Timur",0.6200618801697901,Aman,25.193269516819456,-7.985072888551868,113.44194229158558,248.58077809975046
2022-03-13 00:10:00,-8.19901528737578,113.127335818559,6.88,633.0,Lumajang,0.0,Aman,18.046070818879105,-7.985072888551868,113.44194229158558,248.58077809975046
2022-03-13 04:42:00,-8.1405602803515,114.430814805699,6.94,332.0,"Banyuwangi, Jawa Timur",0.35284133278197294,Aman,20.217915189774665,-7.985072888551868,113.44194229158558,248.58077809975046
2022-03-13 10:54:00,-8.17570607479093,113.309173260944,6.29,676.0,Lumajang,0.0,Aman,15.775239744612442,-7.985072888551868,113.44194229158558,248.58077809975046
2022-03-13 15:31:00,-7.96600779644989,112.613051863671,7.74,611.0,"Malang, Jawa Timur",1.0,Terdampak,27.993344790503333,-7.985072888551868,113.44194229158558,248.58077809975046
2022-03-13 23:57:00,-8.17181149865102,113.313760207642,6.57,501.0,"Laut Selatan Jawa, Barat Daya Lumajang",0.5652813270477429,Aman,19.69607188504679,-7.985072888551868,113.44194229158558,248.58077809975046
2022-03-14 01:21:00,-7.7173960749743,112.965284201234,5.88,586.0,"Pasuruan, Jawa Timur",0.5954235497068406,Aman,16.805150211455647,-7.985072888551868,113.44194229158558,248.58077809975046
2022-03-14 05:48:00,-8.04370020285825,112.547122522849,3.15,121.0,"Malang, Jawa Timur",0.0,Aman,5.590695395029137,-7.985072888551868,113.44194229158558,248.58077809975046
2022-03-15 10:16:00,-8.03478081177622,112.653986210918,6.62,301.0,"Malang, Jawa Timur",0.0,Aman,17.032836757275636,-7.985072888551868,113.44194229158558,248.58077809975046
2022-03-15 22:41:00,-7.97403324268903,112.601249467697,7.99,617.0,"Malang, Jawa Timur",0.5959897930966256,Aman,26.623133383986268,-7.985072888551868,113.44194229158558,248.58077809975046
2022-03-15 23:55:00,-8.20644133680306,113.272419548605,4.76,53.0,Lumajang,0.2976758045292142,Aman,11.312511290630264,-7.985072888551868,113.44194229158558,248.58077809975046
2022-03-16 06:37:00,-8.22439051956933,113.171881004667,6.92,119.0,"Laut Selatan Jawa, Barat Daya Lumajang",0.4639451728247876,Aman,20.73733041279814,-7.985072888551868,113.44194229158558,248.58077809975046
2022-03-16 13:31:00,-8.25186063602559,114.328079882398,2.83,642.0,"Banyuwangi, Jawa Timur",0.0,Aman,4.7607968870767845,-7.985072888551868,113.44194229158558,248.58077809975046
2022-03-17 12:23:00,-8.27099307168698,114.382228928615,6.63,26.0,"Banyuwangi, Jawa Timur",0.6128578741455061,Aman,20.21015628469032,-7.985072888551868,113.44194229158558,248.58077809975046
2022-03-17 12:50:00,-8.13371652538291,114.452862908667,7.42,685.0,"Banyuwangi, Jawa Timur",0.595351609058391,Aman,23.82178578427357,-7.985072888551868,113.44194229158558,248.58077809975046
2022-03-17 13:11:00,-8.30405243101412,114.431493441889,3.52,199.0,Banyuwangi,0.0,Aman,6.604105389831389,-7.985072888551868,113.44194229158558,248.58077809975046
2022-03-17 17:09:00,-7.6919720257962,113.112582286213,6.75,191.0,"Probolinggo, Jawa Timur",0.5953516090583866,Aman,20.669221353728044,-7.985072888551868,113.44194229158558,248.58077809975046
2022-03-17 18:40:00,-7.62977427094934,112.906459274275,5.08,347.0,"Pasuruan, Jawa Timur",0.0,Aman,11.449738512298,-7.985072888551868,113.44194229158558,248.58077809975046
2022-03-17 21:40:00,-8.31064129739266,114.382186229013,2.78,439.0,"Banyuwangi, Jawa Timur",0.0,Aman,4.635186296148192,-7.985072888551868,113.44194229158558,248.58077809975046
2022-03-18 00:50:00,-7.86739702752794,113.631194309509,6.34,550.0,Laut Jawa Timur,0.0,Aman,15.96371209963397,-7.985072888551868,113.44194229158558,248.58077809975046
2022-03-18 04:24:00,-8.19751163429206,113.223569452834,4.49,642.0,Lumajang,0.014674177130052464,Aman,9.556023075236398,-7.985072888551868,113.44194229158558,248.58077809975046
2022-03-18 06:48:00,-8.12270475446868,112.220224060191,7.13,299.0,Laut Jawa Timur,0.0,Aman,19.03856866993945,-7.985072888551868,113.44194229158558,248.58077809975046
2022-03-19 04:02:00,-8.08721506711017,113.179112285078,3.85,76.0,Lumajang,0.0,Aman,7.554245495084205,-7.985072888551868,113.44194229158558,248.58077809975046
2022-03-20 09:04:00,-8.15386902592192,113.240969050744,3.89,635.0,Lumajang,0.0,Aman,7.672279257169932,-7.985072888551868,113.44194229158558,248.58077809975046
2022-03-20 09:46:00,-8.1603382106384,113.12631249654,4.91,685.0,Lumajang,0.0,Aman,10.879833224824727,-7.985072888551868,113.44194229158558,248.58077809975046
2022-03-20 17:39:00,-8.08641306192319,113.281772352782,2.0,156.0,"Laut Selatan Jawa, Barat Daya Lumajang",0.0,Aman,2.8284271247461903,-7.985072888551868,113.44194229158558,248.58077809975046
2022-03-20 20:24:00,-8.08132086067745,113.201232929614,6.35,121.0,Lumajang,0.5953516090584164,Aman,18.85945094534487,-7.985072888551868,113.44194229158558,248.58077809975046
2022-03-21 23:16:00,-8.2060953719928,113.131766108845,7.03,260.0,Lumajang,0.2139451728248197,Aman,19.83579127248196,-7.985072888551868,113.44194229158558,248.58077809975046
2022-03-21 23:20:00,-8.15238394201192,114.270926815304,4.26,37.0,"Banyuwangi, Jawa Timur",0.2976758045292377,Aman,9.577738938203549,-7.985072888551868,113.44194229158558,248.58077809975046
2022-03-22 14:11:00,-7.92897050109725,112.685870003258,3.59,69.0,"Malang, Jawa Timur",0.0,Aman,6.802079020417213,-7.985072888551868,113.44194229158558,248.58077809975046
2022-03-22 17:29:00,-7.81906348379983,113.207049481131,6.82,145.0,"Laut Jawa, Barat Daya Probolinggo",0.6079664817688243,Aman,21.05897794015545,-7.985072888551868,113.44194229158558,248.58077809975046
2022-03-23 20:56:00,-8.06690476880406,113.136009756232,2.49,40.0,"Laut Selatan Jawa, Barat Daya Lumajang",0.0,Aman,3.929153725676816,-7.985072888551868,113.44194229158558,248.58077809975046
2022-03-24 01:25:00,-7.79336507804223,113.335282392927,2.23,318.0,Laut Jawa Timur,0.0018020002431911493,Aman,3.331900401027494,-7.985072888551868,113.44194229158558,248.58077809975046
2022-03-25 04:36:00,-7.66853221522505,112.91361381906,5.34,82.0,"Pasuruan, Jawa Timur",0.0,Aman,12.339906968855153,-7.985072888551868,113.44194229158558,248.58077809975046
2022-03-25 08:46:00,-8.19012165201571,114.326157767637,5.89,666.0,"Banyuwangi, Jawa Timur",0.013181116100211075,Aman,14.351156531582024,-7.985072888551868,113.44194229158558,248.58077809975046
2022-03-25 14:00:00,-7.93263450847861,112.724082187542,5.58,509.0,"Malang, Jawa Timur",0.0,Aman,13.181089181095771,-7.985072888551868,113.44194229158558,248.58077809975046
2022-03-25 17:00:00,-7.55811721418039,112.853489349413,4.45,440.0,"Pasuruan, Jawa Timur",0.0,Aman,9.3872852838294,-7.985072888551868,113.44194229158558,248.58077809975046
2022-03-25 20:39:00,-8.05285187583859,113.290404882995,4.71,611.0,Lumajang,0.10223383126959772,Aman,10.535400716106604,-7.985072888551868,113.44194229158558,248.58077809975046
2022-03-26 02:18:00,-8.09571109469132,113.229797148769,3.75,68.0,Lumajang,0.3569725864124329,Aman,8.039527520392122,-7.985072888551868,113.44194229158558,248.58077809975046
2022-03-26 02:32:00,-8.14795389320233,114.282335383747,5.2,170.0,"Banyuwangi, Jawa Timur",0.5953516090584048,Aman,13.975696875728897,-7.985072888551868,113.44194229158558,248.58077809975046
2022-03-26 05:09:00,-8.13886840125606,114.39503163616,7.54,243.0,Banyuwangi,0.4657471730679855,Aman,23.59699879299846,-7.985072888551868,113.44194229158558,248.58077809975046
2022-03-26 22:38:00,-7.72585441819778,113.178326184296,2.55,671.0,"Probolinggo, Jawa Timur",0.031923573544747744,Aman,4.111021514832423,-7.985072888551868,113.44194229158558,248.58077809975046
2022-03-28 07:45:00,-7.72804934553451,113.126105219838,7.47,16.0,"Probolinggo, Jawa Timur",0.6800761381740575,Aman,24.581910249728367,-7.985072888551868,113.44194229158558,248.58077809975046
2022-03-28 11:52:00,-8.07571807345168,113.117636825054,6.75,241.0,"Laut Selatan Jawa, Barat Daya Lumajang",0.5953516090584066,Aman,20.669221353728155,-7.985072888551868,113.44194229158558,248.58077809975046
2022-03-28 22:43:00,-7.6342203811905,112.95016660049,5.97,373.0,"Pasuruan, Jawa Timur",0.01710618718429726,Aman,14.661706929561788,-7.985072888551868,113.44194229158558,248.58077809975046
2022-03-28 23:16:00,-8.06119715316683,113.490313362148,6.45,358.0,Laut Jawa Timur,0.0,Aman,16.38096837796838,-7.985072888551868,113.44194229158558,248.58077809975046
2022-04-01 00:20:00,-8.19254954215754,113.224405188575,5.69,100.0,Lumajang,0.4688365652015176,Aman,15.48179004674249,-7.985072888551868,113.44194229158558,248.58077809975046
2022-04-01 03:45:00,-8.05579930181307,112.568003254838,6.39,568.0,"Malang, Jawa Timur",0.02522974542083369,Aman,16.2751894019921,-7.985072888551868,113.44194229158558,248.58077809975046
2022-04-02 03:26:00,-7.15927073270523,113.233107183962,2.61,544.0,Laut Jawa Timur,0.0,Aman,4.216584043986316,-7.985072888551868,113.44194229158558,248.58077809975046
2022-04-02 06:26:00,-8.06219681141768,113.249215073733,3.61,54.0,"Laut Selatan Jawa, Barat Daya Lumajang",0.0,Aman,6.859,-7.985072888551868,113.44194229158558,248.58077809975046
2022-04-02 07:47:00,-8.23685183427575,114.441525144961,4.33,97.0,Banyuwangi,0.0,Aman,9.010146336214524,-7.985072888551868,113.44194229158558,248.58077809975046
2022-04-02 13:04:00,-6.82797145770846,112.064900964794,4.42,445.0,Laut Jawa Timur,0.0,Aman,9.292517850399857,-7.985072888551868,113.44194229158558,248.58077809975046
2022-04-02 23:38:00,-7.8760886022347,112.673630410893,7.93,529.0,"Malang, Jawa Timur",0.052494161206349026,Aman,22.682758192173583,-7.985072888551868,113.44194229158558,248.58077809975046
2022-04-03 02:08:00,-7.71981052348225,112.829651588029,7.79,136.0,"Pasuruan, Jawa Timur",0.595351609058386,Aman,25.625635448076096,-7.985072888551868,113.44194229158558,248.58077809975046
2022-04-04 19:33:00,-8.25254937177893,114.448936768935,5.29,553.0,"Banyuwangi, Jawa Timur",0.0,Aman,12.167,-7.985072888551868,113.44194229158558,248.58077809975046
2022-04-05 13:21:00,-8.24774317343561,114.441997946487,3.07,91.0,Banyuwangi,0.0,Aman,5.379074548656115,-7.985072888551868,113.44194229158558,248.58077809975046
2022-04-06 14:05:00,-8.1872737049917,114.326765948102,4.18,496.0,Banyuwangi,0.0,Aman,8.546030189509043,-7.985072888551868,113.44194229158558,248.58077809975046
2022-04-07 13:53:00,-7.81220341339456,113.138194003997,7.75,92.0,"Probolinggo, Jawa Timur",1.0,Terdampak,28.047612977756234,-7.985072888551868,113.44194229158558,248.58077809975046
2022-04-08 06:21:00,-8.13898143760692,113.168213580124,3.57,698.0,"Laut Selatan Jawa, Barat Daya Lumajang",0.29767580452924897,Aman,7.347691618713142,-7.985072888551868,113.44194229158558,248.58077809975046
2022-04-08 09:49:00,-8.11189500466532,113.314748425455,7.46,313.0,"Laut Selatan Jawa, Barat Daya Lumajang",0.04453844625516448,Aman,20.647746335786703,-7.985072888551868,113.44194229158558,248.58077809975046
2022-04-08 14:19:00,-8.09195518371795,113.227244162403,2.79,642.0,Lumajang,0.0,Aman,4.6602187716887284,-7.985072888551868,113.44194229158558,248.58077809975046
2022-04-09 14:44:00,-8.28011715392486,114.277527251039,6.2,317.0,"Banyuwangi, Jawa Timur",0.7028904388606423,Aman,18.69321602740489,-7.985072888551868,113.44194229158558,248.58077809975046
2022-04-10 09:52:00,-7.84160254958148,113.282011093922,7.83,412.0,"Laut Jawa, Barat Daya Probolinggo",0.8808104886769933,Terdampak,27.69958427750291,-7.985072888551868,113.44194229158558,248.58077809975046
2022-04-10 12:32:00,-7.78166397077834,113.196867982276,6.79,226.0,"Laut Jawa, Barat Daya Probolinggo",0.29215227223851353,Aman,19.243856126337583,-7.985072888551868,113.44194229158558,248.58077809975046
2022-04-11 02:26:00,-7.87687024688277,112.553081899215,5.35,618.0,"Malang, Jawa Timur",0.3569725864124253,Aman,13.699802226830256,-7.985072888551868,113.44194229158558,248.58077809975046
2022-04-12 01:23:00,-7.74769262509067,113.287200030249,4.61,14.0,"Probolinggo, Jawa Timur",0.00014388129687105004,Aman,9.898517010199763,-7.985072888551868,113.44194229158558,248.58077809975046
2022-04-12 03:43:00,-7.74847325556225,113.239537978553,6.43,222.0,"Probolinggo, Jawa Timur",0.6085327251585849,Aman,19.281444973700772,-7.985072888551868,113.44194229158558,248.58077809975046
2022-04-12 06:30:00,-7.86728169868401,112.728471914011,4.26,125.0,"Malang, Jawa Timur",0.0,Aman,8.792540929674423,-7.985072888551868,113.44194229158558,248.58077809975046
2022-04-13 10:27:00,-8.2399417810064,114.286911130991,5.5,536.0,Banyuwangi,0.0,Aman,12.89864333951443,-7.985072888551868,113.44194229158558,248.58077809975046
2022-04-13 11:35:00,-7.67421736691755,113.296097008468,3.43,604.0,"Laut Jawa, Barat Daya Probolinggo",0.0,Aman,6.352448897866083,-7.985072888551868,113.44194229158558,248.58077809975046
2022-04-13 18:13:00,-8.21132460455381,114.288750958366,5.22,169.0,"Banyuwangi, Jawa Timur",0.2976758045292672,Aman,12.991352029113784,-7.985072888551868,113.44194229158558,248.58077809975046
2022-04-15 02:27:00,-8.12866197238231,114.458883203055,2.25,20.0,"Banyuwangi, Jawa Timur",0.0,Aman,3.375,-7.985072888551868,113.44194229158558,248.58077809975046
2022-04-16 06:38:00,-8.1940479328686,113.1465352443,3.79,627.0,Lumajang,0.0,Aman,7.378342564560147,-7.985072888551868,113.44194229158558,248.58077809975046
2022-04-16 17:15:00,-8.27115418328361,114.466218747229,4.43,614.0,Banyuwangi,0.0,Aman,9.32407137467319,-7.985072888551868,113.44194229158558,248.58077809975046
2022-04-17 13:59:00,-7.75641967398147,113.142733321624,7.77,278.0,"Probolinggo, Jawa Timur",0.08329468834317078,Aman,22.199872561014413,-7.985072888551868,113.44194229158558,248.58077809975046
2022-04-17 21:03:00,-8.29482370726076,114.334009603388,5.05,156.0,Banyuwangi,0.0,Aman,11.348463552393337,-7.985072888551868,113.44194229158558,248.58077809975046
2022-04-17 23:45:00,-8.03448810042287,113.251995046753,2.02,562.0,Lumajang,0.0,Aman,2.8709594215174827,-7.985072888551868,113.44194229158558,248.58077809975046
2022-04-18 03:59:00,-7.85195802754327,113.120749008961,3.83,537.0,"Laut Jawa, Barat Daya Probolinggo",0.0,Aman,7.4954577578690955,-7.985072888551868,113.44194229158558,248.58077809975046
2022-04-18 04:11:00,-7.78414010432825,113.196548517863,5.17,85.0,"Laut Jawa, Barat Daya Probolinggo",0.4761620977353997,Aman,13.434593381978143,-7.985072888551868,113.44194229158558,248.58077809975046
2022-04-18 19:10:00,-8.13634514420852,114.392704995675,3.16,592.0,Banyuwangi,0.0,Aman,5.617338871743453,-7.985072888551868,113.44194229158558,248.58077809975046
2022-04-19 04:32:00,-8.14758005560734,114.284223742696,6.97,24.0,Banyuwangi,0.5971536093015786,Aman,21.697853856141176,-7.985072888551868,113.44194229158558,248.58077809975046
2022-04-19 21:34:00,-8.14929102650441,114.280866850549,7.85,493.0,Banyuwangi,0.5953516090584071,Aman,25.922264768430008,-7.985072888551868,113.44194229158558,248.58077809975046
2022-04-20 18:49:00,-7.76537848737865,113.281809388424,3.89,351.0,"Probolinggo, Jawa Timur",0.0,Aman,7.672279257169932,-7.985072888551868,113.44194229158558,248.58077809975046
2022-04-21 06:36:00,-8.10319344780548,113.180956280778,6.38,343.0,Lumajang,0.02522974542083136,Aman,16.23699968298918,-7.985072888551868,113.44194229158558,248.58077809975046
2022-04-21 06:47:00,-7.75653338415411,113.131278792162,4.79,535.0,"Laut Jawa, Barat Daya Probolinggo",0.167381033420549,Aman,11.009844920060383,-7.985072888551868,113.44194229158558,248.58077809975046
2022-04-22 04:06:00,-8.13842042329365,113.188612406244,5.87,545.0,Lumajang,0.06384714708948966,Aman,14.494292678416533,-7.985072888551868,113.44194229158558,248.58077809975046
2022-04-22 20:00:00,-8.0597124863252,113.240941201986,4.08,566.0,"Laut Selatan Jawa, Barat Daya Lumajang",0.0,Aman,8.241196029703456,-7.985072888551868,113.44194229158558,248.58077809975046
2022-04-22 22:28:00,-8.30603012037511,114.272034356844,5.64,89.0,Banyuwangi,0.13889615995714805,Aman,13.952381169438535,-7.985072888551868,113.44194229158558,248.58077809975046
2022-04-23 17:03:00,-7.98054113835827,112.64433577505,7.78,252.0,"Malang, Jawa Timur",0.7023241954707877,Aman,26.272714988247593,-7.985072888551868,113.44194229158558,248.58077809975046
2022-04-23 19:45:00,-7.82430843885695,113.307995597068,6.72,396.0,"Laut Jawa, Barat Daya Probolinggo",0.02522974542083369,Aman,17.55208339529068,-7.985072888551868,113.44194229158558,248.58077809975046
2022-04-25 02:33:00,-8.05471009831849,113.300792273281,5.47,574.0,Lumajang,0.5953516090583872,Aman,15.078198158822987,-7.985072888551868,113.44194229158558,248.58077809975046
2022-04-25 07:38:00,-7.76033856817987,113.123582015978,3.85,441.0,"Laut Jawa, Barat Daya Probolinggo",0.0,Aman,7.554245495084205,-7.985072888551868,113.44194229158558,248.58077809975046
2022-04-25 09:51:00,-7.67095487297294,112.849554049088,4.92,496.0,"Pasuruan, Jawa Timur",0.0,Aman,10.913087922306866,-7.985072888551868,113.44194229158558,248.58077809975046
2022-04-25 18:17:00,-8.11775349615515,113.264291826428,3.01,588.0,"Laut Selatan Jawa, Barat Daya Lumajang",0.0,Aman,5.222154823442138,-7.985072888551868,113.44194229158558,248.58077809975046
2022-04-26 03:24:00,-8.17486411393137,114.292097093229,4.76,219.0,"Banyuwangi, Jawa Timur",0.35697258641243335,Aman,11.497252085567187,-7.985072888551868,113.44194229158558,248.58077809975046
2022-04-26 05:05:00,-8.17627876115419,114.45030667264,3.73,204.0,"Banyuwangi, Jawa Timur",0.0,Aman,7.203826552603831,-7.985072888551868,113.44194229158558,248.58077809975046
2022-04-26 12:10:00,-8.24181139582882,114.458734590792,6.54,407.0,Banyuwangi,0.3569725864124094,Aman,18.516131101240283,-7.985072888551868,113.44194229158558,248.58077809975046
2022-04-27 00:39:00,-8.14799716119452,113.273861991378,6.67,660.0,Lumajang,0.009782784753368063,Aman,17.276726851110578,-7.985072888551868,113.44194229158558,248.58077809975046
2022-04-27 00:59:00,-7.31505988296692,112.19866031425,5.01,439.0,Laut Jawa Timur,0.0,Aman,11.213897672085295,-7.985072888551868,113.44194229158558,248.58077809975046
2022-04-27 08:01:00,-8.12089797206299,114.311977888252,7.68,113.0,Banyuwangi,0.0036040004863831456,Aman,21.3064519821896,-7.985072888551868,113.44194229158558,248.58077809975046
2022-04-27 15:01:00,-7.75920480628043,113.230356734171,3.5,81.0,"Laut Jawa, Barat Daya Probolinggo",0.0,Aman,6.547900426854397,-7.985072888551868,113.44194229158558,248.58077809975046
2022-04-28 06:13:00,-8.09049818879595,113.183979203249,6.16,244.0,Lumajang,0.0,Aman,15.288717931860736,-7.985072888551868,113.44194229158558,248.58077809975046
2022-04-28 21:17:00,-8.20207495367567,113.314378699511,4.52,676.0,"Laut Selatan Jawa, Barat Daya Lumajang",0.0,Aman,9.609651814712121,-7.985072888551868,113.44194229158558,248.58077809975046
2022-05-01 04:55:00,-8.14178269440674,114.439565426962,7.9,495.0,Banyuwangi,0.21394517282483863,Aman,23.62964402114046,-7.985072888551868,113.44194229158558,248.58077809975046
2022-05-01 16:39:00,-7.65699585278452,112.826626588825,4.93,118.0,"Pasuruan, Jawa Timur",0.0,Aman,10.946376432409036,-7.985072888551868,113.44194229158558,248.58077809975046
2022-05-01 19:21:00,-7.73677680790763,112.956407776039,5.79,84.0,"Pasuruan, Jawa Timur",0.9850532307709164,Terdampak,18.04931050742733,-7.985072888551868,113.44194229158558,248.58077809975046
2022-05-01 19:26:00,-7.57181052773368,112.826607648753,2.49,378.0,"Pasuruan, Jawa Timur",0.0,Aman,3.929153725676816,-7.985072888551868,113.44194229158558,248.58077809975046
2022-05-01 22:32:00,-7.73388910665329,112.976080681666,2.91,281.0,"Pasuruan, Jawa Timur",0.0,Aman,4.964088133786507,-7.985072888551868,113.44194229158558,248.58077809975046
2022-05-01 23:28:00,-7.58330351031982,112.972509618219,3.31,449.0,"Pasuruan, Jawa Timur",0.0,Aman,6.0220171869565435,-7.985072888551868,113.44194229158558,248.58077809975046
2022-05-02 05:30:00,-8.12701262118055,114.359061196766,2.7,302.0,"Banyuwangi, Jawa Timur",0.0,Aman,4.436552715791846,-7.985072888551868,113.44194229158558,248.58077809975046
2022-05-02 06:56:00,-8.08309233246395,113.305221363698,3.99,538.0,Lumajang,0.0,Aman,7.970018757819834,-7.985072888551868,113.44194229158558,248.58077809975046
2022-05-02 12:21:00,-8.0664740525783,113.191395846379,7.49,630.0,Lumajang,0.06384714708948384,Aman,20.891162216615026,-7.985072888551868,113.44194229158558,248.58077809975046
2022-05-02 15:39:00,-6.52738137491591,112.967094415849,4.05,481.0,Laut Jawa Timur,0.0,Aman,8.150467777986734,-7.985072888551868,113.44194229158558,248.58077809975046
2022-05-04 03:24:00,-7.79649798160368,113.216359202194,2.99,696.0,"Probolinggo, Jawa Timur",0.0,Aman,5.170193323271385,-7.985072888551868,113.44194229158558,248.58077809975046
2022-05-04 16:09:00,-7.73915720504077,112.870373673242,7.56,240.0,"Pasuruan, Jawa Timur",0.3618639787891151,Aman,23.043135908326413,-7.985072888551868,113.44194229158558,248.58077809975046
2022-05-04 23:44:00,-8.198957812436,113.24650777967,7.36,40.0,"Laut Selatan Jawa, Barat Daya Lumajang",1.0,Terdampak,25.957333311417027,-7.985072888551868,113.44194229158558,248.58077809975046
2022-05-05 01:25:00,-7.68337123351076,113.609316472762,2.51,184.0,Laut Jawa Timur,0.0,Aman,3.9765878589564694,-7.985072888551868,113.44194229158558,248.58077809975046
2022-05-05 01:42:00,-8.27636644986669,114.352897866262,7.49,223.0,Banyuwangi,0.357610770450663,Aman,22.69767898672644,-7.985072888551868,113.44194229158558,248.58077809975046
2022-05-05 10:19:00,-8.23887242485175,114.313227200034,5.63,415.0,"Banyuwangi, Jawa Timur",0.03372557378793921,Aman,13.493809090325147,-7.985072888551868,113.44194229158558,248.58077809975046
2022-05-05 12:50:00,-7.72140555410886,112.881173091887,5.85,178.0,"Pasuruan, Jawa Timur",0.0,Aman,14.149262348263953,-7.985072888551868,113.44194229158558,248.58077809975046
2022-05-07 11:14:00,-7.71990302439608,112.880294057494,4.2,143.0,"Pasuruan, Jawa Timur",0.0,Aman,8.607438643406063,-7.985072888551868,113.44194229158558,248.58077809975046
2022-05-07 23:10:00,-8.30120748786595,114.275480398277,7.67,267.0,"Banyuwangi, Jawa Timur",0.2139451728248197,Aman,22.605264242649298,-7.985072888551868,113.44194229158558,248.58077809975046
2022-05-08 07:35:00,-8.14066192820271,113.18571009695,6.19,480.0,"Laut Selatan Jawa, Barat Daya Lumajang",0.06384714708949464,Aman,15.695525046525754,-7.985072888551868,113.44194229158558,248.58077809975046
2022-05-09 13:52:00,-7.78495843808582,113.215658126858,2.7,101.0,"Probolinggo, Jawa Timur",0.0,Aman,4.436552715791846,-7.985072888551868,113.44194229158558,248.58077809975046
2022-05-09 22:51:00,-8.20316453544393,113.286263700487,6.62,580.0,Lumajang,0.06384714708948966,Aman,17.359086167413547,-7.985072888551868,113.44194229158558,248.58077809975046
2022-05-10 01:26:00,-8.20381316320708,113.285075117842,3.28,473.0,Lumajang,0.0,Aman,5.940332650618145,-7.985072888551868,113.44194229158558,248.58077809975046
2022-05-10 19:11:00,-8.18175003646794,113.285288150242,7.46,179.0,Lumajang,0.8935936569773958,Terdampak,25.837723268009466,-7.985072888551868,113.44194229158558,248.58077809975046
2022-05-11 00:00:00,-7.97241558576762,112.611411384979,6.91,477.0,"Malang, Jawa Timur",0.7041261957139777,Aman,22.001207034913083,-7.985072888551868,113.44194229158558,248.58077809975046
2022-05-11 06:11:00,-7.99102909541357,111.754571335916,7.57,155.0,Laut Jawa Timur,0.2139451728248196,Aman,22.164623644885477,-7.985072888551868,113.44194229158558,248.58077809975046
2022-05-11 08:27:00,-7.96635740607139,112.728961704368,4.01,369.0,"Malang, Jawa Timur",0.29767580452925707,Aman,8.74712142903517,-7.985072888551868,113.44194229158558,248.58077809975046
2022-05-11 08:58:00,-7.58379692877719,112.877296976985,2.1,571.0,"Pasuruan, Jawa Timur",0.24030513356871655,Aman,3.262577306848804,-7.985072888551868,113.44194229158558,248.58077809975046
2022-05-11 18:55:00,-7.93193783037936,112.68044994832,4.84,166.0,"Malang, Jawa Timur",0.0,Aman,10.648,-7.985072888551868,113.44194229158558,248.58077809975046
2022-05-12 00:51:00,-8.26504965755131,114.422939776641,6.18,515.0,"Banyuwangi, Jawa Timur",0.004891392376684508,Aman,15.385780662984745,-7.985072888551868,113.44194229158558,248.58077809975046
2022-05-12 04:54:00,-8.25432284489187,114.405017596497,4.45,634.0,Banyuwangi,0.0,Aman,9.3872852838294,-7.985072888551868,113.44194229158558,248.58077809975046
2022-05-12 18:55:00,-7.75017897070311,113.264234781255,5.73,301.0,"Probolinggo, Jawa Timur",0.21394517282481862,Aman,14.596491378111146,-7.985072888551868,113.44194229158558,248.58077809975046
2022-05-14 18:10:00,-7.81960808447505,113.272636850257,5.55,654.0,"Probolinggo, Jawa Timur",0.6079664817687997,Aman,15.459669397101468,-7.985072888551868,113.44194229158558,248.58077809975046
2022-05-15 10:19:00,-8.11014758210653,113.208647735458,5.5,293.0,"Laut Selatan Jawa, Barat Daya Lumajang",0.1784862932062217,Aman,13.589312650632145,-7.985072888551868,113.44194229158558,248.58077809975046
2022-05-15 19:00:00,-7.94810844818933,112.610335515653,2.81,250.0,"Malang, Jawa Timur",0.0,Aman,4.710418346601499,-7.985072888551868,113.44194229158558,248.58077809975046
2022-05-16 07:25:00,-8.17756052858966,114.314680375116,4.3,265.0,Banyuwangi,0.0,Aman,8.916669781930919,-7.985072888551868,113.44194229158558,248.58077809975046
2022-05-17 16:08:00,-7.24776176169942,112.953103958954,3.44,618.0,Laut Jawa Timur,0.0,Aman,6.3802495249010445,-7.985072888551868,113.44194229158558,248.58077809975046
2022-05-17 19:58:00,-8.0831961922502,113.172058162153,6.18,270.0,Lumajang,0.0,Aman,15.36323637779488,-7.985072888551868,113.44194229158558,248.58077809975046
2022-05-17 22:50:00,-8.15316624704411,113.190816370321,2.65,558.0,"Laut Selatan Jawa, Barat Daya Lumajang",0.0,Aman,4.313887457966422,-7.985072888551868,113.44194229158558,248.58077809975046
2022-05-18 04:23:00,-8.14936015167184,114.32221519614,7.07,128.0,Banyuwangi,0.607966481768883,Aman,22.22746056262365,-7.985072888551868,113.44194229158558,248.58077809975046
2022-05-18 13:32:00,-8.20481562719508,114.270121604749,3.24,146.0,"Banyuwangi, Jawa Timur",0.0,Aman,5.832000000000001,-7.985072888551868,113.44194229158558,248.58077809975046
2022-05-19 00:31:00,-7.72741683055253,113.262977117297,7.97,42.0,"Laut Jawa, Barat Daya Probolinggo",1.0,Terdampak,29.25033432920041,-7.985072888551868,113.44194229158558,248.58077809975046
2022-05-19 04:12:00,-7.72716028258312,113.274027188451,3.73,600.0,"Laut Jawa, Barat Daya Probolinggo",0.2976758045292672,Aman,7.847148012024524,-7.985072888551868,113.44194229158558,248.58077809975046
2022-05-19 06:44:00,-8.03934491248025,113.276845207064,7.13,598.0,"Laut Selatan Jawa, Barat Daya Lumajang",0.0,Aman,19.03856866993945,-7.985072888551868,113.44194229158558,248.58077809975046
2022-05-19 21:43:00,-7.78256910402756,113.202013824869,4.02,165.0,"Probolinggo, Jawa Timur",0.012614872710416844,Aman,8.090577983429233,-7.985072888551868,113.44194229158558,248.58077809975046
2022-05-20 10:43:00,-8.19208179070307,114.396520530582,6.45,635.0,Banyuwangi,0.0,Aman,16.38096837796838,-7.985072888551868,113.44194229158558,248.58077809975046
2022-05-20 19:22:00,-7.7385367810981,112.990375184471,2.57,619.0,"Pasuruan, Jawa Timur",0.0,Aman,4.120023422263519,-7.985072888551868,113.44194229158558,248.58077809975046
2022-05-21 06:02:00,-7.38587783278115,113.187177352097,7.51,631.0,Laut Jawa Timur,0.0,Aman,20.580688788279172,-7.985072888551868,113.44194229158558,248.58077809975046
2022-05-21 16:09:00,-6.74651089906545,112.865687960193,7.09,31.0,Laut Jawa Timur,0.0,Aman,18.878581223174585,-7.985072888551868,113.44194229158558,248.58077809975046
2022-05-22 05:24:00,-7.7655202397697,113.289994894634,4.1,87.0,"Laut Jawa, Barat Daya Probolinggo",0.5719480309675827,Aman,9.726338249625682,-7.985072888551868,113.44194229158558,248.58077809975046
2022-05-22 23:32:00,-7.91563701252423,112.571005350992,3.06,463.0,"Malang, Jawa Timur",0.0,Aman,5.352813839467986,-7.985072888551868,113.44194229158558,248.58077809975046
2022-05-23 10:35:00,-8.03370195208047,112.560960287639,5.19,443.0,"Malang, Jawa Timur",0.0,Aman,11.82363560839051,-7.985072888551868,113.44194229158558,248.58077809975046
2022-05-23 22:01:00,-8.14318479082901,114.309542513086,7.75,439.0,Banyuwangi,0.5953516090584325,Aman,25.428515717479108,-7.985072888551868,113.44194229158558,248.58077809975046
2022-05-25 17:25:00,-8.29216378930697,114.379381488335,2.86,326.0,"Banyuwangi, Jawa Timur",0.0,Aman,4.8366988742323,-7.985072888551868,113.44194229158558,248.58077809975046
2022-05-25 18:00:00,-7.69604767901243,112.960640901062,2.96,654.0,"Pasuruan, Jawa Timur",0.0,Aman,5.092576558089235,-7.985072888551868,113.44194229158558,248.58077809975046
2022-05-25 20:19:00,-7.85248156181726,113.147972712487,6.76,526.0,"Laut Jawa, Barat Daya Probolinggo",0.35697258641243335,Aman,19.45824505363548,-7.985072888551868,113.44194229158558,248.58077809975046
2022-05-26 00:08:00,-7.73471819927468,112.847140197093,7.8,338.0,"Pasuruan, Jawa Timur",0.3888961599571638,Aman,24.325753674598708,-7.985072888551868,113.44194229158558,248.58077809975046
2022-05-26 10:47:00,-7.95227713199736,112.696081521658,4.29,278.0,"Malang, Jawa Timur",0.10697258641241937,Aman,9.170737356381968,-7.985072888551868,113.44194229158558,248.58077809975046
2022-05-26 13:21:00,-6.81916532003415,112.515849674762,2.09,69.0,Laut Jawa Timur,0.0,Aman,3.0214779496134003,-7.985072888551868,113.44194229158558,248.58077809975046
2022-05-26 13:46:00,-8.12531972901488,113.14648642914,7.3,494.0,Lumajang,0.595351609058369,Aman,23.24624160415888,-7.985072888551868,113.44194229158558,248.58077809975046
2022-05-26 19:42:00,-8.11535115648065,113.269823027096,4.15,91.0,"Laut Selatan Jawa, Barat Daya Lumajang",0.0,Aman,8.454192746797297,-7.985072888551868,113.44194229158558,248.58077809975046
2022-05-27 12:49:00,-8.05590090758904,113.194471277071,4.58,637.0,Lumajang,0.0,Aman,9.801628028036975,-7.985072888551868,113.44194229158558,248.58077809975046
2022-05-27 13:04:00,-7.72683678062556,113.228414119453,3.41,418.0,"Probolinggo, Jawa Timur",0.0,Aman,6.296969191603211,-7.985072888551868,113.44194229158558,248.58077809975046
2022-06-01 01:10:00,-8.22712411228992,113.274126406065,2.7,581.0,Lumajang,0.0,Aman,4.436552715791846,-7.985072888551868,113.44194229158558,248.58077809975046
2022-06-01 07:09:00,-8.07300260945005,113.22119094666,3.83,610.0,Lumajang,0.0,Aman,7.4954577578690955,-7.985072888551868,113.44194229158558,248.58077809975046
2022-06-01 12:59:00,-7.60175896264207,112.832402466995,2.64,655.0,"Pasuruan, Jawa Timur",0.0,Aman,4.2894922776477875,-7.985072888551868,113.44194229158558,248.58077809975046
2022-06-02 06:21:00,-8.23235676770176,113.16395805476,4.63,58.0,"Laut Selatan Jawa, Barat Daya Lumajang",0.0,Aman,9.962572308395055,-7.985072888551868,113.44194229158558,248.58077809975046
2022-06-02 07:40:00,-7.75070796900493,113.29900501541,4.11,278.0,"Probolinggo, Jawa Timur",0.0,Aman,8.332258457345164,-7.985072888551868,113.44194229158558,248.58077809975046
2022-06-02 08:58:00,-8.21527126983851,113.299175724003,4.57,559.0,Lumajang,0.0,Aman,9.769544155179402,-7.985072888551868,113.44194229158558,248.58077809975046
2022-06-02 14:31:00,-7.88621320547102,112.582521163403,7.36,137.0,"Malang, Jawa Timur",0.0,Aman,19.96717947032079,-7.985072888551868,113.44194229158558,248.58077809975046
2022-06-02 19:32:00,-8.13386024649192,114.467643224808,6.35,377.0,"Banyuwangi, Jawa Timur",0.00014388129687105004,Aman,16.002186718609707,-7.985072888551868,113.44194229158558,248.58077809975046
2022-06-03 13:29:00,-8.27434184580878,114.397725628458,7.72,286.0,"Banyuwangi, Jawa Timur",0.5953516090583688,Aman,25.2810092502569,-7.985072888551868,113.44194229158558,248.58077809975046
2022-06-03 17:09:00,-7.67747543432972,113.230645647213,5.95,407.0,"Probolinggo, Jawa Timur",0.5953516090584099,Aman,17.105820310599807,-7.985072888551868,113.44194229158558,248.58077809975046
2022-06-03 21:28:00,-7.72722249794534,112.837550071635,5.7,179.0,"Pasuruan, Jawa Timur",0.7738379022646339,Terdampak,16.767810145348886,-7.985072888551868,113.44194229158558,248.58077809975046
2022-06-04 00:27:00,-8.2984243668894,114.442673551254,5.13,491.0,Banyuwangi,0.0,Aman,11.619195195881684,-7.985072888551868,113.44194229158558,248.58077809975046
2022-06-04 05:33:00,-7.76235004637446,113.296510798237,3.14,366.0,"Probolinggo, Jawa Timur",0.0,Aman,5.564094176054176,-7.985072888551868,113.44194229158558,248.58077809975046
2022-06-04 08:48:00,-7.76437907385594,113.172912189247,5.43,591.0,"Probolinggo, Jawa Timur",0.0,Aman,12.653181694735911,-7.985072888551868,113.44194229158558,248.58077809975046
2022-06-05 15:09:00,-8.26473326261756,114.425139948562,2.66,603.0,Banyuwangi,0.0,Aman,4.338328710459824,-7.985072888551868,113.44194229158558,248.58077809975046
2022-06-06 20:16:00,-8.08265802893547,113.186376944447,6.72,352.0,Lumajang,0.008360632565729319,Aman,17.463924242493945,-7.985072888551868,113.44194229158558,248.58077809975046
2022-06-06 20:58:00,-8.13875005910294,114.391206310358,4.43,393.0,"Banyuwangi, Jawa Timur",0.0,Aman,9.32407137467319,-7.985072888551868,113.44194229158558,248.58077809975046
2022-06-06 22:55:00,-8.07026399496622,113.116735571268,4.9,24.0,"Laut Selatan Jawa, Barat Daya Lumajang",0.7738379022646168,Terdampak,13.364668304317268,-7.985072888551868,113.44194229158558,248.58077809975046
2022-06-06 23:18:00,-8.05651020091896,113.248547544306,7.3,150.0,"Laut Selatan Jawa, Barat Daya Lumajang",0.8930993542360373,Terdampak,25.008031140094516,-7.985072888551868,113.44194229158558,248.58077809975046
2022-06-07 10:37:00,-7.77700314178297,113.185674118421,2.41,421.0,"Laut Jawa, Barat Daya Probolinggo",0.297675804529233,Aman,4.075436779006407,-7.985072888551868,113.44194229158558,248.58077809975046
2022-06-08 04:09:00,-7.65546799064329,113.161611850874,7.12,539.0,"Probolinggo, Jawa Timur",0.0036040004863831456,Aman,19.01907084032112,-7.985072888551868,113.44194229158558,248.58077809975046
2022-06-08 05:19:00,-7.89791328925921,112.703397829845,7.78,98.0,"Malang, Jawa Timur",0.0,Aman,21.700482759606988,-7.985072888551868,113.44194229158558,248.58077809975046
2022-06-08 09:03:00,-8.21064680737985,113.153367286795,7.79,149.0,Lumajang,0.36958745912281155,Aman,24.153043502341756,-7.985072888551868,113.44194229158558,248.58077809975046
2022-06-09 02:15:00,-6.75919901247659,112.195434072432,5.9,342.0,Laut Jawa Timur,0.0,Aman,14.331050205759523,-7.985072888551868,113.44194229158558,248.58077809975046
2022-06-09 05:32:00,-7.81809703248024,113.243971764526,6.63,100.0,"Probolinggo, Jawa Timur",0.734319709663982,Aman,20.832215011546094,-7.985072888551868,113.44194229158558,248.58077809975046
2022-06-09 11:37:00,-7.76341737683768,113.119966581702,6.35,361.0,"Probolinggo, Jawa Timur",0.0036759411348186704,Aman,16.019142191045542,-7.985072888551868,113.44194229158558,248.58077809975046
2022-06-10 09:57:00,-6.45782113483385,113.74150322455,3.73,302.0,Laut Jawa Timur,0.0,Aman,7.203826552603831,-7.985072888551868,113.44194229158558,248.58077809975046
2022-06-10 20:41:00,-6.94146164909982,111.850922926714,5.96,310.0,Laut Jawa Timur,0.0,Aman,14.550214293954573,-7.985072888551868,113.44194229158558,248.58077809975046
2022-06-10 23:20:00,-8.31745949995717,114.292987547525,2.92,273.0,"Banyuwangi, Jawa Timur",0.0,Aman,4.9896981872654385,-7.985072888551868,113.44194229158558,248.58077809975046
2022-06-11 01:07:00,-8.25894665731741,114.327597484778,4.22,586.0,Banyuwangi,0.0,Aman,8.668993482521484,-7.985072888551868,113.44194229158558,248.58077809975046
2022-06-11 17:41:00,-8.18077810159097,114.364782287404,3.62,433.0,"Banyuwangi, Jawa Timur",0.012614872710416844,Aman,6.913585283136218,-7.985072888551868,113.44194229158558,248.58077809975046
2022-06-11 18:12:00,-8.05661057934703,112.586638023887,6.42,219.0,"Malang, Jawa Timur",0.02522974542083136,Aman,16.38993783027498,-7.985072888551868,113.44194229158558,248.58077809975046
2022-06-12 21:51:00,-6.97889037607905,113.501843241766,2.95,652.0,Laut Jawa Timur,0.0,Aman,5.066791391008713,-7.985072888551868,113.44194229158558,248.58077809975046
2022-06-12 22:53:00,-8.14999977978362,113.176191813904,5.55,176.0,Lumajang,0.02522974542083136,Aman,13.173896248110008,-7.985072888551868,113.44194229158558,248.58077809975046
2022-06-13 03:37:00,-8.14278961260397,114.27181250199,6.79,234.0,"Banyuwangi, Jawa Timur",0.0,Aman,17.69312971184013,-7.985072888551868,113.44194229158558,248.58077809975046
2022-06-13 10:24:00,-8.1795421301781,114.373610161437,5.86,682.0,"Banyuwangi, Jawa Timur",0.0,Aman,14.185558008058761,-7.985072888551868,113.44194229158558,248.58077809975046
2022-06-14 09:11:00,-6.96992239604898,113.652615714333,2.09,377.0,Laut Jawa Timur,0.0,Aman,3.0214779496134003,-7.985072888551868,113.44194229158558,248.58077809975046
2022-06-15 04:53:00,-7.62656846066204,112.976690985986,5.51,119.0,"Pasuruan, Jawa Timur",0.6762091150753496,Aman,15.557631074467215,-7.985072888551868,113.44194229158558,248.58077809975046
2022-06-16 10:49:00,-8.08122536259151,113.133319689605,5.64,308.0,Lumajang,0.003604000486382828,Aman,13.408739747746752,-7.985072888551868,113.44194229158558,248.58077809975046
2022-06-16 19:44:00,-7.82431156950753,113.230036429773,4.01,370.0,"Probolinggo, Jawa Timur",0.0,Aman,8.030018742194814,-7.985072888551868,113.44194229158558,248.58077809975046
2022-06-17 11:50:00,-8.19379646727291,113.214394587026,6.22,186.0,"Laut Selatan Jawa, Barat Daya Lumajang",0.5953516090583578,Aman,18.283276789914567,-7.985072888551868,113.44194229158558,248.58077809975046
2022-06-18 01:28:00,-8.26446742116282,114.279400523271,2.24,372.0,"Banyuwangi, Jawa Timur",7.194064843563088e-05,Aman,3.3525973733965713,-7.985072888551868,113.44194229158558,248.58077809975046
2022-06-18 09:30:00,-7.71333446169285,113.242673293793,3.53,670.0,"Laut Jawa, Barat Daya Probolinggo",0.17848629320621737,Aman,6.987398534402448,-7.985072888551868,113.44194229158558,248.58077809975046
2022-06-19 01:29:00,-7.78159723298717,113.230326745628,7.63,81.0,"Laut Jawa, Barat Daya Probolinggo",0.36841771122530775,Aman,23.40535697233966,-7.985072888551868,113.44194229158558,248.58077809975046
2022-06-19 05:48:00,-8.2640594684463,114.44898760626,5.74,210.0,"Banyuwangi, Jawa Timur",0.0,Aman,13.75206253621616,-7.985072888551868,113.44194229158558,248.58077809975046
2022-06-20 02:39:00,-6.36814897605771,112.846460068511,7.4,484.0,Laut Jawa Timur,0.0,Aman,20.13017635292846,-7.985072888551868,113.44194229158558,248.58077809975046
2022-06-21 02:49:00,-8.04830432511189,113.150934367708,6.43,473.0,Lumajang,0.5953516090583886,Aman,19.2169701891681,-7.985072888551868,113.44194229158558,248.58077809975046
2022-06-21 16:37:00,-8.10052614089929,113.286581625325,4.08,617.0,Lumajang,0.2976758045292142,Aman,8.977157427230939,-7.985072888551868,113.44194229158558,248.58077809975046
2022-06-21 23:08:00,-7.66901582851421,113.272934397582,7.5,173.0,"Laut Jawa, Barat Daya Probolinggo",0.595351609058397,Aman,24.208080348136892,-7.985072888551868,113.44194229158558,248.58077809975046
2022-06-22 01:59:00,-8.16436152167664,113.236051145874,4.87,425.0,"Laut Selatan Jawa, Barat Daya Lumajang",0.382202331833237,Aman,11.97942936090552,-7.985072888551868,113.44194229158558,248.58077809975046
2022-06-23 03:22:00,-8.03266255689616,112.62559368417,7.4,315.0,"Malang, Jawa Timur",0.06384714708948828,Aman,20.51575265209129,-7.985072888551868,113.44194229158558,248.58077809975046
2022-06-23 04:37:00,-7.71695013094065,113.302351068232,5.71,428.0,"Probolinggo, Jawa Timur",0.07646201979990418,Aman,13.957374504831837,-7.985072888551868,113.44194229158558,248.58077809975046
2022-06-24 18:27:00,-8.06176021544463,112.564392042059,2.42,290.0,"Malang, Jawa Timur",0.0,Aman,3.764636503037179,-7.985072888551868,113.44194229158558,248.58077809975046
2022-06-25 00:17:00,-6.91352985586164,112.448801998869,2.96,34.0,Laut Jawa Timur,0.0,Aman,5.092576558089235,-7.985072888551868,113.44194229158558,248.58077809975046
2022-06-25 20:44:00,-8.22802904955128,114.466445707416,7.4,539.0,Banyuwangi,0.0,Aman,20.13017635292846,-7.985072888551868,113.44194229158558,248.58077809975046
2022-06-26 20:43:00,-8.27394657863168,114.320793713613,3.71,101.0,Banyuwangi,0.4772945845150324,Aman,8.169183736247723,-7.985072888551868,113.44194229158558,248.58077809975046
2022-06-28 01:43:00,-7.79949231048795,113.223066739454,4.62,302.0,"Probolinggo, Jawa Timur",7.194064843552502e-05,Aman,9.930527908174216,-7.985072888551868,113.44194229158558,248.58077809975046
2022-06-28 08:38:00,-8.14524856505267,114.452252696895,6.04,439.0,Banyuwangi,0.5954235497068252,Aman,17.495719914284585,-7.985072888551868,113.44194229158558,248.58077809975046
2022-07-01 13:20:00,-8.03709298959736,112.674245077789,5.49,147.0,"Malang, Jawa Timur",0.0018020002431915728,Aman,12.870435215102237,-7.985072888551868,113.44194229158558,248.58077809975046
2022-07-02 06:25:00,-7.79565040913876,113.212357160458,6.43,300.0,"Laut Jawa, Barat Daya Probolinggo",0.009854725401804541,Aman,16.35304082754572,-7.985072888551868,113.44194229158558,248.58077809975046
2022-07-02 13:46:00,-8.24893456277642,114.407857612537,2.78,53.0,"Banyuwangi, Jawa Timur",0.06384714708948966,Aman,4.7239693225194,-7.985072888551868,113.44194229158558,248.58077809975046
2022-07-02 20:07:00,-8.12417114233239,113.287709677849,5.72,400.0,Lumajang,0.0,Aman,13.680250290107999,-7.985072888551868,113.44194229158558,248.58077809975046
2022-07-02 21:35:00,-7.82283572971251,113.234225155874,3.75,565.0,"Laut Jawa, Barat Daya Probolinggo",0.00014388129687105004,Aman,7.262157227188876,-7.985072888551868,113.44194229158558,248.58077809975046
2022-07-03 04:49:00,-7.78963233959496,113.449455953187,3.61,618.0,Laut Jawa Timur,0.0,Aman,6.859,-7.985072888551868,113.44194229158558,248.58077809975046
2022-07-03 05:05:00,-8.14013051677645,114.396462029208,2.89,655.0,"Banyuwangi, Jawa Timur",0.0,Aman,4.913,-7.985072888551868,113.44194229158558,248.58077809975046
2022-07-03 22:20:00,-6.68745487460298,113.105761574529,7.75,674.0,Laut Jawa Timur,0.0,Aman,21.575086905966334,-7.985072888551868,113.44194229158558,248.58077809975046
2022-07-04 10:33:00,-8.26646443080489,114.334224232228,3.9,21.0,"Banyuwangi, Jawa Timur",0.0,Aman,7.701882886671284,-7.985072888551868,113.44194229158558,248.58077809975046
2022-07-04 21:24:00,-8.17302161268084,114.45610416812,6.62,258.0,Banyuwangi,0.03199551419318316,Aman,17.196329068340912,-7.985072888551868,113.44194229158558,248.58077809975046
2022-07-05 15:49:00,-8.08582538697496,113.302806104191,3.4,633.0,"Laut Selatan Jawa, Barat Daya Lumajang",0.0,Aman,6.269290230959163,-7.985072888551868,113.44194229158558,248.58077809975046
2022-07-06 06:55:00,-8.25506339997221,114.416952159108,6.03,118.0,"Banyuwangi, Jawa Timur",0.031995514193183264,Aman,14.949433347884266,-7.985072888551868,113.44194229158558,248.58077809975046
2022-07-06 09:13:00,-7.9732371485001,112.664412862536,7.84,623.0,"Malang, Jawa Timur",0.6366296414564157,Aman,26.14458816677537,-7.985072888551868,113.44194229158558,248.58077809975046
2022-07-06 21:44:00,-7.79544711575622,113.688787245606,7.31,511.0,Laut Jawa Timur,0.0,Aman,19.76405553017902,-7.985072888551868,113.44194229158558,248.58077809975046
2022-07-07 00:01:00,-8.05747381392883,112.595965115152,4.8,515.0,"Malang, Jawa Timur",0.0,Aman,10.516273104099188,-7.985072888551868,113.44194229158558,248.58077809975046
2022-07-07 11:29:00,-8.05552846940793,113.188926827881,2.57,220.0,Lumajang,0.0,Aman,4.120023422263519,-7.985072888551868,113.44194229158558,248.58077809975046
2022-07-07 12:41:00,-8.2827337610955,114.375996613602,3.52,161.0,Banyuwangi,0.00021582194530657503,Aman,6.604532983093062,-7.985072888551868,113.44194229158558,248.58077809975046
2022-07-07 23:15:00,-7.68319598382031,112.836563616211,2.79,409.0,"Pasuruan, Jawa Timur",0.0,Aman,4.6602187716887284,-7.985072888551868,113.44194229158558,248.58077809975046
2022-07-08 03:27:00,-8.28085088846177,114.368828771407,5.22,158.0,"Banyuwangi, Jawa Timur",0.0,Aman,11.926300683782879,-7.985072888551868,113.44194229158558,248.58077809975046
2022-07-08 04:10:00,-7.50751493152334,113.572005273255,2.67,392.0,Laut Jawa Timur,0.0,Aman,4.362815948444307,-7.985072888551868,113.44194229158558,248.58077809975046
2022-07-08 11:34:00,-7.82910438599117,113.110070210443,4.88,392.0,"Laut Jawa, Barat Daya Probolinggo",0.0,Aman,10.780272352774766,-7.985072888551868,113.44194229158558,248.58077809975046
2022-07-09 03:25:00,-8.19413535009175,113.133436884172,5.27,11.0,"Laut Selatan Jawa, Barat Daya Lumajang",0.595351609058433,Aman,14.258846043994948,-7.985072888551868,113.44194229158558,248.58077809975046
2022-07-09 07:09:00,-8.1397187874562,114.446046499465,6.36,441.0,"Banyuwangi, Jawa Timur",0.7023241954707822,Aman,19.418748297402427,-7.985072888551868,113.44194229158558,248.58077809975046
2022-07-09 08:30:00,-6.98998021678238,112.435373479609,2.36,381.0,Laut Jawa Timur,0.0,Aman,3.6255007929939826,-7.985072888551868,113.44194229158558,248.58077809975046
2022-07-10 06:51:00,-8.31845013455685,114.351010997021,4.42,522.0,Banyuwangi,0.0,Aman,9.292517850399857,-7.985072888551868,113.44194229158558,248.58077809975046
2022-07-10 10:08:00,-8.10819240765251,113.273285933463,5.21,43.0,Lumajang,0.8930274135876138,Terdampak,15.078023080896154,-7.985072888551868,113.44194229158558,248.58077809975046
2022-07-11 16:24:00,-7.8143988038779,113.173728900042,2.82,657.0,"Probolinggo, Jawa Timur",0.0,Aman,4.735585285896559,-7.985072888551868,113.44194229158558,248.58077809975046
2022-07-11 16:57:00,-7.65779811977557,113.213206620349,2.7,73.0,"Laut Jawa, Barat Daya Probolinggo",0.0,Aman,4.436552715791846,-7.985072888551868,113.44194229158558,248.58077809975046
2022-07-11 19:09:00,-8.16368146420249,113.172087664635,4.62,72.0,"Laut Selatan Jawa, Barat Daya Lumajang",0.0011324867795887766,Aman,9.933687374871987,-7.985072888551868,113.44194229158558,248.58077809975046
2022-07-11 20:30:00,-8.22716135656347,113.161691692848,2.94,368.0,Lumajang,0.0,Aman,5.0410498906477805,-7.985072888551868,113.44194229158558,248.58077809975046
2022-07-11 23:30:00,-8.25281674766453,114.373945498226,7.7,6.0,Banyuwangi,1.0,Terdampak,27.77662272487424,-7.985072888551868,113.44194229158558,248.58077809975046
2022-07-13 10:41:00,-7.98216066657873,112.671045021097,6.91,477.0,"Malang, Jawa Timur",0.5953516090583989,Aman,21.408464944514673,-7.985072888551868,113.44194229158558,248.58077809975046
2022-07-14 09:02:00,-7.84974927974274,113.206866141664,7.36,40.0,"Laut Jawa, Barat Daya Probolinggo",0.5959897930965941,Aman,23.537250018692504,-7.985072888551868,113.44194229158558,248.58077809975046
2022-07-14 18:27:00,-7.71631303555341,113.248482790148,6.7,301.0,"Laut Jawa, Barat Daya Probolinggo",0.799067647685432,Terdampak,21.49987400017408,-7.985072888551868,113.44194229158558,248.58077809975046
2022-07-15 05:27:00,-8.04956637068358,113.182952753825,3.43,407.0,Lumajang,0.0,Aman,6.352448897866083,-7.985072888551868,113.44194229158558,248.58077809975046
2022-07-15 05:35:00,-7.63284074846125,112.994361378588,4.29,415.0,"Pasuruan, Jawa Timur",0.0,Aman,8.885583211022222,-7.985072888551868,113.44194229158558,248.58077809975046
2022-07-16 02:40:00,-8.13141213632452,113.227769499356,2.9,108.0,"Laut Selatan Jawa, Barat Daya Lumajang",0.012614872710416844,Aman,4.957211694215469,-7.985072888551868,113.44194229158558,248.58077809975046
2022-07-16 14:08:00,-7.62058885678814,112.970030739284,7.67,600.0,"Pasuruan, Jawa Timur",0.5953516090583872,Aman,25.035801698318295,-7.985072888551868,113.44194229158558,248.58077809975046
2022-07-16 22:06:00,-8.14608485049763,113.121375136024,7.31,311.0,Lumajang,0.8930274135876005,Terdampak,25.059008547814265,-7.985072888551868,113.44194229158558,248.58077809975046
2022-07-17 04:38:00,-8.19795717997582,113.287846947781,2.04,117.0,Lumajang,0.0,Aman,2.913702798845483,-7.985072888551868,113.44194229158558,248.58077809975046
2022-07-18 00:30:00,-8.23999313279351,114.384055143813,6.47,573.0,Banyuwangi,0.5953516090584559,Aman,19.396567318544168,-7.985072888551868,113.44194229158558,248.58077809975046
2022-07-18 21:03:00,-7.70610241454108,113.137852161739,4.7,249.0,"Laut Jawa, Barat Daya Probolinggo",0.0,Aman,10.189357192679037,-7.985072888551868,113.44194229158558,248.58077809975046
2022-07-20 06:10:00,-7.68310059848621,113.175267684174,6.95,260.0,"Laut Jawa, Barat Daya Probolinggo",0.4657471730680247,Aman,20.88223401803252,-7.985072888551868,113.44194229158558,248.58077809975046
2022-07-20 06:12:00,-7.07797588649039,112.333788003627,7.95,504.0,Laut Jawa Timur,0.0,Aman,22.415616765995978,-7.985072888551868,113.44194229158558,248.58077809975046
2022-07-20 15:07:00,-8.04588374145635,113.22498327429,4.83,321.0,"Laut Selatan Jawa, Barat Daya Lumajang",0.0,Aman,10.615017051328746,-7.985072888551868,113.44194229158558,248.58077809975046
2022-07-20 16:57:00,-7.83278310563697,113.273134857309,5.41,423.0,"Laut Jawa, Barat Daya Probolinggo",0.21574717306801083,Aman,13.397784970954794,-7.985072888551868,113.44194229158558,248.58077809975046
2022-07-20 21:08:00,-7.6828878332538,112.847570242577,2.4,654.0,"Pasuruan, Jawa Timur",0.0,Aman,3.71806401235912,-7.985072888551868,113.44194229158558,248.58077809975046
2022-07-21 02:05:00,-7.8505110435808,113.233939902377,2.37,118.0,"Laut Jawa, Barat Daya Probolinggo",0.0,Aman,3.6485686234467347,-7.985072888551868,113.44194229158558,248.58077809975046
2022-07-21 17:35:00,-7.4253072033348,113.52139716895,4.53,465.0,Laut Jawa Timur,0.0,Aman,9.641559884168123,-7.985072888551868,113.44194229158558,248.58077809975046
2022-07-22 20:10:00,-7.71643974248744,112.873162032405,5.02,134.0,"Pasuruan, Jawa Timur",0.0,Aman,11.247488964208854,-7.985072888551868,113.44194229158558,248.58077809975046
2022-07-23 03:26:00,-7.55643444389741,112.814980641971,5.77,124.0,"Pasuruan, Jawa Timur",0.058783477679049595,Aman,14.104437596139178,-7.985072888551868,113.44194229158558,248.58077809975046
2022-07-23 06:19:00,-8.20787341496401,113.246856460807,3.47,47.0,Lumajang,0.0,Aman,6.463893795538414,-7.985072888551868,113.44194229158558,248.58077809975046
2022-07-23 11:23:00,-7.76330758610314,113.263082194154,4.38,546.0,"Probolinggo, Jawa Timur",0.0,Aman,9.166660896967882,-7.985072888551868,113.44194229158558,248.58077809975046
2022-07-23 18:18:00,-8.21361596183952,113.195964194381,3.69,171.0,Lumajang,0.0,Aman,7.088258530838163,-7.985072888551868,113.44194229158558,248.58077809975046
2022-07-23 23:24:00,-7.54988253757172,112.864001509392,2.02,186.0,"Pasuruan, Jawa Timur",0.0,Aman,2.8709594215174827,-7.985072888551868,113.44194229158558,248.58077809975046
2022-07-24 21:51:00,-7.73343066051802,113.244806784106,6.27,96.0,"Probolinggo, Jawa Timur",0.5953516090583862,Aman,18.50417675732377,-7.985072888551868,113.44194229158558,248.58077809975046
2022-07-25 12:24:00,-8.30123038168256,114.315345630878,3.75,505.0,"Banyuwangi, Jawa Timur",0.0,Aman,7.261843774138907,-7.985072888551868,113.44194229158558,248.58077809975046
2022-07-26 17:22:00,-7.64311138129422,112.954658513307,5.75,553.0,"Pasuruan, Jawa Timur",0.0,Aman,13.788015629524068,-7.985072888551868,113.44194229158558,248.58077809975046
2022-07-26 22:05:00,-8.16645344460322,113.123830297823,5.54,168.0,"Laut Selatan Jawa, Barat Daya Lumajang",0.02522974542083115,Aman,13.138307166279283,-7.985072888551868,113.44194229158558,248.58077809975046
2022-07-27 15:36:00,-7.80356243786442,113.18248798557,5.56,542.0,"Laut Jawa, Barat Daya Probolinggo",0.5953516090583574,Aman,15.451855723657843,-7.985072888551868,113.44194229158558,248.58077809975046
2022-07-27 19:47:00,-8.22870914324894,113.308540089711,6.41,435.0,"Laut Selatan Jawa, Barat Daya Lumajang",0.07646201979990619,Aman,16.601090364661875,-7.985072888551868,113.44194229158558,248.58077809975046
2022-07-28 13:22:00,-8.10835961229041,112.451423940308,2.97,178.0,Laut Jawa Timur,0.0,Aman,5.118405318065384,-7.985072888551868,113.44194229158558,248.58077809975046
2022-07-28 14:49:00,-7.75644695158791,113.24300888203,5.82,283.0,"Probolinggo, Jawa Timur",0.7023961361192288,Aman,16.99917237693416,-7.985072888551868,113.44194229158558,248.58077809975046
2022-08-02 02:31:00,-8.04118413591428,112.574387813301,3.49,657.0,"Malang, Jawa Timur",0.0,Aman,6.519858050602022,-7.985072888551868,113.44194229158558,248.58077809975046
2022-08-02 05:25:00,-7.73150754115676,112.939159395007,7.81,50.0,"Pasuruan, Jawa Timur",0.44515212405506305,Aman,24.7409037978843,-7.985072888551868,113.44194229158558,248.58077809975046
2022-08-02 12:24:00,-8.11340388855387,113.21798912992,6.15,549.0,Lumajang,0.35697258641243185,Aman,16.884814675652635,-7.985072888551868,113.44194229158558,248.58077809975046
2022-08-03 22:14:00,-8.10258269127469,113.233766935201,2.16,312.0,Lumajang,0.0,Aman,3.174538706646999,-7.985072888551868,113.44194229158558,248.58077809975046
2022-08-04 01:43:00,-8.13829118103328,113.244507486002,2.37,685.0,"Laut Selatan Jawa, Barat Daya Lumajang",0.10697258641240032,Aman,3.765657670152703,-7.985072888551868,113.44194229158558,248.58077809975046
2022-08-04 02:20:00,-8.23192403846311,113.121917600783,3.41,216.0,Lumajang,0.0,Aman,6.296969191603211,-7.985072888551868,113.44194229158558,248.58077809975046
2022-08-04 12:14:00,-7.71703202391937,113.127114454187,4.39,624.0,"Laut Jawa, Barat Daya Probolinggo",0.0,Aman,9.198071482653306,-7.985072888551868,113.44194229158558,248.58077809975046
2022-08-05 13:34:00,-8.12142505751301,114.351782898713,5.33,213.0,Banyuwangi,0.0,Aman,12.305260541735798,-7.985072888551868,113.44194229158558,248.58077809975046
2022-08-05 18:26:00,-8.05608221293103,113.301461642743,2.37,352.0,"Laut Selatan Jawa, Barat Daya Lumajang",0.5953516090584017,Aman,4.300222983665438,-7.985072888551868,113.44194229158558,248.58077809975046
2022-08-06 03:16:00,-7.93591818140684,112.603620205434,2.37,142.0,"Malang, Jawa Timur",0.0,Aman,3.6485686234467347,-7.985072888551868,113.44194229158558,248.58077809975046
2022-08-08 13:38:00,-8.29490020759909,114.46263650349,5.65,552.0,"Banyuwangi, Jawa Timur",0.00014388129687105004,Aman,13.430476379410939,-7.985072888551868,113.44194229158558,248.58077809975046
2022-08-08 17:45:00,-8.07613415582572,113.162811839978,5.88,171.0,Lumajang,0.0018020002431916786,Aman,14.265950254706462,-7.985072888551868,113.44194229158558,248.58077809975046
2022-08-08 19:27:00,-8.26080533397126,114.384875027177,6.02,191.0,Banyuwangi,0.5953516090584444,Aman,17.408573839952904,-7.985072888551868,113.44194229158558,248.58077809975046
2022-08-09 20:30:00,-8.22011573581314,114.280443231374,2.61,678.0,"Banyuwangi, Jawa Timur",0.0,Aman,4.216584043986316,-7.985072888551868,113.44194229158558,248.58077809975046
2022-08-11 05:20:00,-7.78977478667859,113.24844832314,2.68,545.0,"Laut Jawa, Barat Daya Probolinggo",0.0,Aman,4.387349085723634,-7.985072888551868,113.44194229158558,248.58077809975046
2022-08-11 21:17:00,-7.8455510992932,113.12101507151,2.71,65.0,"Laut Jawa, Barat Daya Probolinggo",0.0,Aman,4.461223038584823,-7.985072888551868,113.44194229158558,248.58077809975046
2022-08-12 11:22:00,-7.90590090675314,113.40414682924,3.14,513.0,Laut Jawa Timur,0.012614872710416844,Aman,5.585151277988085,-7.985072888551868,113.44194229158558,248.58077809975046
2022-08-12 21:31:00,-8.11811400307238,113.251878382434,6.09,522.0,Lumajang,0.595351609058411,Aman,17.71309272094414,-7.985072888551868,113.44194229158558,248.58077809975046
2022-08-12 21:50:00,-7.65950901816368,113.205462003498,3.71,504.0,"Probolinggo, Jawa Timur",0.0,Aman,7.1459646654598,-7.985072888551868,113.44194229158558,248.58077809975046
2022-08-13 06:57:00,-8.01402313321484,112.60157632224,3.57,292.0,"Malang, Jawa Timur",0.0,Aman,6.7453163750857525,-7.985072888551868,113.44194229158558,248.58077809975046
2022-08-13 23:59:00,-7.77050002730015,113.142131210881,4.8,553.0,"Laut Jawa, Barat Daya Probolinggo",0.0005662433897944412,Aman,10.51805953513833,-7.985072888551868,113.44194229158558,248.58077809975046
2022-08-14 11:50:00,-7.80476360692387,113.142148148646,6.72,416.0,"Laut Jawa, Barat Daya Probolinggo",0.5953516090584507,Aman,20.531579763647695,-7.985072888551868,113.44194229158558,248.58077809975046
2022-08-14 17:20:00,-7.91917144259458,112.595568908905,3.72,501.0,"Malang, Jawa Timur",0.0,Aman,7.174876166178759,-7.985072888551868,113.44194229158558,248.58077809975046
2022-08-14 19:16:00,-6.28745315668485,112.775292016627,4.23,181.0,Laut Jawa Timur,0.0,Aman,8.699825687908927,-7.985072888551868,113.44194229158558,248.58077809975046
2022-08-14 21:50:00,-8.19301681644393,113.23419406743,7.51,261.0,"Laut Selatan Jawa, Barat Daya Lumajang",0.7787292946412765,Terdampak,25.38872436727765,-7.985072888551868,113.44194229158558,248.58077809975046
2022-08-15 00:45:00,-8.30133896962066,114.305854873024,6.46,380.0,Banyuwangi,0.2139451728248196,Aman,17.472913185803872,-7.985072888551868,113.44194229158558,248.58077809975046
2022-08-15 18:29:00,-7.88606056111835,112.615754158796,4.2,254.0,"Malang, Jawa Timur",0.35697258641243335,Aman,9.529224533882958,-7.985072888551868,113.44194229158558,248.58077809975046
2022-08-15 22:00:00,-7.73763031609188,112.982801763665,4.79,230.0,"Pasuruan, Jawa Timur",0.5953516090583865,Aman,12.355824390099457,-7.985072888551868,113.44194229158558,248.58077809975046
2022-08-16 03:32:00,-6.58236619967957,112.547826298433,5.24,104.0,Laut Jawa Timur,0.0,Aman,11.994908253088058,-7.985072888551868,113.44194229158558,248.58077809975046
2022-08-16 05:30:00,-8.1283389612867,113.25874818822,6.73,96.0,"Laut Selatan Jawa, Barat Daya Lumajang",0.8935936569773958,Terdampak,22.13954022539524,-7.985072888551868,113.44194229158558,248.58077809975046
2022-08-16 23:33:00,-8.13761699724894,113.19175642612,5.61,471.0,"Laut Selatan Jawa, Barat Daya Lumajang",0.06384714708948966,Aman,13.54204231930086,-7.985072888551868,113.44194229158558,248.58077809975046
2022-08-17 15:12:00,-7.62118954008028,112.893100230599,6.94,560.0,"Pasuruan, Jawa Timur",0.35704452706086875,Aman,20.24096885194592,-7.985072888551868,113.44194229158558,248.58077809975046
2022-08-19 00:09:00,-8.1714414139916,113.284399809678,7.59,626.0,Lumajang,0.8930274135876308,Terdampak,26.512487860654442,-7.985072888551868,113.44194229158558,248.58077809975046
2022-08-19 13:08:00,-8.1254375858759,114.454965704437,5.34,649.0,Banyuwangi,0.21394517282483747,Aman,13.131926027583392,-7.985072888551868,113.44194229158558,248.58077809975046
2022-08-19 16:38:00,-8.15505521463995,114.418538795845,5.35,660.0,"Banyuwangi, Jawa Timur",0.3889681006056196,Aman,13.818581598005721,-7.985072888551868,113.44194229158558,248.58077809975046
2022-08-19 18:49:00,-7.92198960716585,112.568761756743,7.36,556.0,"Malang, Jawa Timur",0.35697258641243546,Aman,22.1055001799853,-7.985072888551868,113.44194229158558,248.58077809975046
2022-08-20 00:51:00,-7.35477027737239,113.154944333589,3.15,436.0,Laut Jawa Timur,0.0,Aman,5.590695395029137,-7.985072888551868,113.44194229158558,248.58077809975046
2022-08-20 16:20:00,-8.12568821396498,113.118903594716,2.06,584.0,"Laut Selatan Jawa, Barat Daya Lumajang",0.0,Aman,2.956656219447909,-7.985072888551868,113.44194229158558,248.58077809975046
2022-08-21 06:52:00,-7.9329100320532,112.642735448579,4.59,490.0,"Malang, Jawa Timur",0.0,Aman,9.833746946103505,-7.985072888551868,113.44194229158558,248.58077809975046
2022-08-22 00:18:00,-7.91506858797473,112.637780947147,4.92,189.0,"Malang, Jawa Timur",0.0,Aman,10.913087922306866,-7.985072888551868,113.44194229158558,248.58077809975046
2022-08-22 05:10:00,-8.21368123903637,113.213197155412,3.25,553.0,Lumajang,0.40464839094160726,Aman,6.57027382714004,-7.985072888551868,113.44194229158558,248.58077809975046
2022-08-22 16:38:00,-8.20965168748542,114.343205196641,7.02,519.0,Banyuwangi,0.013181116100211287,Aman,18.673237780093547,-7.985072888551868,113.44194229158558,248.58077809975046
2022-08-23 18:17:00,-7.66048955788167,112.986585907671,6.64,352.0,"Pasuruan, Jawa Timur",0.02522974542083369,Aman,17.239588021382467,-7.985072888551868,113.44194229158558,248.58077809975046
2022-08-24 00:58:00,-7.86203380079757,112.024434345731,2.98,665.0,Laut Jawa Timur,0.0,Aman,5.144277597486356,-7.985072888551868,113.44194229158558,248.58077809975046
2022-08-24 06:45:00,-7.67118369635397,112.959477837214,6.81,317.0,"Pasuruan, Jawa Timur",0.025229745420833373,Aman,17.905870201239452,-7.985072888551868,113.44194229158558,248.58077809975046
2022-08-24 07:20:00,-8.22317132549448,113.167801867549,6.74,556.0,Lumajang,0.36186397878910026,Aman,19.3976327571648,-7.985072888551868,113.44194229158558,248.58077809975046
2022-08-26 05:50:00,-8.07136568876434,113.159869289226,7.17,71.0,"Laut Selatan Jawa, Barat Daya Lumajang",0.7774419027509716,Terdampak,23.6768389360999,-7.985072888551868,113.44194229158558,248.58077809975046
2022-08-26 09:40:00,-7.81161276044049,113.189120110436,2.63,410.0,"Laut Jawa, Barat Daya Probolinggo",0.0,Aman,4.2651432566796625,-7.985072888551868,113.44194229158558,248.58077809975046
2022-08-26 23:09:00,-7.9854175119095,112.540109453187,7.29,259.0,"Malang, Jawa Timur",0.0,Aman,19.683,-7.985072888551868,113.44194229158558,248.58077809975046
2022-08-28 03:33:00,-8.14763054285005,113.292213484749,7.97,542.0,"Laut Selatan Jawa, Barat Daya Lumajang",0.7738379022646117,Terdampak,27.723722720426544,-7.985072888551868,113.44194229158558,248.58077809975046
2022-08-28 10:57:00,-8.25011670143639,114.446095201692,2.31,186.0,Banyuwangi,0.0012044274280241956,Aman,3.5121646253208882,-7.985072888551868,113.44194229158558,248.58077809975046
2022-08-28 13:01:00,-8.09329304442643,113.231301681251,6.03,548.0,Lumajang,0.3569725864124016,Aman,16.393043556824924,-7.985072888551868,113.44194229158558,248.58077809975046
2022-08-28 14:50:00,-7.9653209338496,112.559496969596,6.09,687.0,"Malang, Jawa Timur",0.21394517282480857,Aman,15.993461936486845,-7.985072888551868,113.44194229158558,248.58077809975046
2022-09-02 12:27:00,-8.05635622033215,113.151267066713,5.41,32.0,Lumajang,0.7738379022646481,Terdampak,15.504578426491687,-7.985072888551868,113.44194229158558,248.58077809975046
2022-09-02 14:22:00,-7.73842725790889,112.883141601021,3.89,1.0,"Pasuruan, Jawa Timur",0.3569725864124331,Aman,8.493917268203056,-7.985072888551868,113.44194229158558,248.58077809975046
2022-09-02 15:22:00,-8.20900734531259,113.313696080893,7.71,506.0,Lumajang,0.06384714708949538,Aman,21.818326770297777,-7.985072888551868,113.44194229158558,248.58077809975046
2022-09-02 15:22:00,-7.87925985081413,112.70599078828,6.51,313.0,"Malang, Jawa Timur",0.0,Aman,16.610070770469342,-7.985072888551868,113.44194229158558,248.58077809975046
2022-09-02 16:37:00,-8.21372716943192,114.351304750953,6.37,578.0,"Banyuwangi, Jawa Timur",0.0,Aman,16.07715313729393,-7.985072888551868,113.44194229158558,248.58077809975046
2022-09-03 01:01:00,-8.18380216475262,114.310769276104,4.78,665.0,Banyuwangi,0.0,Aman,10.450614910138064,-7.985072888551868,113.44194229158558,248.58077809975046
2022-09-03 16:18:00,-8.09589475127987,113.263328897,5.93,601.0,"Laut Selatan Jawa, Barat Daya Lumajang",0.2976758045292297,Aman,15.730069324961812,-7.985072888551868,113.44194229158558,248.58077809975046
2022-09-04 13:43:00,-8.25802269099969,114.331628825536,4.56,168.0,"Banyuwangi, Jawa Timur",0.0,Aman,9.737495365852554,-7.985072888551868,113.44194229158558,248.58077809975046
2022-09-05 11:52:00,-8.25715029452151,114.277295094631,3.0,210.0,"Banyuwangi, Jawa Timur",0.0,Aman,5.196152422706632,-7.985072888551868,113.44194229158558,248.58077809975046
2022-09-05 15:28:00,-7.60652794520074,112.882888984103,3.74,345.0,"Pasuruan, Jawa Timur",0.0,Aman,7.23281577257433,-7.985072888551868,113.44194229158558,248.58077809975046
2022-09-05 16:25:00,-8.19820672718297,114.294157751612,3.9,575.0,Banyuwangi,0.29774774517764985,Aman,8.389848365609895,-7.985072888551868,113.44194229158558,248.58077809975046
2022-09-06 02:45:00,-8.06790005407149,113.193295928828,2.07,356.0,Lumajang,0.0,Aman,2.9782113759771986,-7.985072888551868,113.44194229158558,248.58077809975046
2022-09-06 07:57:00,-7.70335884703751,112.971334307496,4.33,170.0,"Pasuruan, Jawa Timur",0.003440002619483687,Aman,9.019444814314076,-7.985072888551868,113.44194229158558,248.58077809975046
2022-09-06 08:46:00,-8.21372366551105,114.311413153429,5.94,183.0,Banyuwangi,0.21883656520152303,Aman,15.42746791551642,-7.985072888551868,113.44194229158558,248.58077809975046
2022-09-07 16:24:00,-7.69770695278992,113.271875231784,5.89,597.0,"Laut Jawa, Barat Daya Probolinggo",0.6272751826031444,Aman,16.98463091415673,-7.985072888551868,113.44194229158558,248.58077809975046
2022-09-08 09:04:00,-8.22083043828737,113.188903795402,3.04,660.0,"Laut Selatan Jawa, Barat Daya Lumajang",0.0,Aman,5.3004211153454595,-7.985072888551868,113.44194229158558,248.58077809975046
2022-09-08 12:25:00,-7.89023066626124,112.534312572492,6.09,196.0,"Malang, Jawa Timur",0.0,Aman,15.028856543330233,-7.985072888551868,113.44194229158558,248.58077809975046
2022-09-08 17:26:00,-8.20574043068681,113.13623911022,2.56,411.0,"Laut Selatan Jawa, Barat Daya Lumajang",0.0,Aman,4.096,-7.985072888551868,113.44194229158558,248.58077809975046
2022-09-08 21:58:00,-8.25105959954338,114.445181971968,7.39,422.0,Banyuwangi,0.002368243632985908,Aman,20.103658697736325,-7.985072888551868,113.44194229158558,248.58077809975046
2022-09-09 06:58:00,-8.1811191064314,114.295812912179,3.31,699.0,Banyuwangi,0.0,Aman,6.0220171869565435,-7.985072888551868,113.44194229158558,248.58077809975046
2022-09-09 18:28:00,-7.62896437386083,112.855505585851,5.09,38.0,"Pasuruan, Jawa Timur",0.29767580452923137,Aman,12.509077122455349,-7.985072888551868,113.44194229158558,248.58077809975046
2022-09-11 06:34:00,-8.1405398673977,114.3019912301,5.96,148.0,"Banyuwangi, Jawa Timur",0.0005662433897944412,Aman,14.552685982753788,-7.985072888551868,113.44194229158558,248.58077809975046
2022-09-12 03:49:00,-7.5986265146749,112.945084314243,2.66,687.0,"Pasuruan, Jawa Timur",0.0,Aman,4.338328710459824,-7.985072888551868,113.44194229158558,248.58077809975046
2022-09-12 08:01:00,-7.7271851754046,112.811087971089,6.01,184.0,"Pasuruan, Jawa Timur",0.0030593885203567934,Aman,14.747218938122257,-7.985072888551868,113.44194229158558,248.58077809975046
2022-09-12 14:38:00,-8.28357511651491,114.38630016233,6.72,118.0,"Banyuwangi, Jawa Timur",0.02522974542083136,Aman,17.55208339529067,-7.985072888551868,113.44194229158558,248.58077809975046
2022-09-13 04:44:00,-7.6936682000229,113.118162196462,2.95,671.0,"Laut Jawa, Barat Daya Probolinggo",0.0,Aman,5.066791391008713,-7.985072888551868,113.44194229158558,248.58077809975046
2022-09-13 15:21:00,-7.84399868541933,113.174529311184,6.0,682.0,"Probolinggo, Jawa Timur",0.5953516090583862,Aman,17.321892244227428,-7.985072888551868,113.44194229158558,248.58077809975046
2022-09-14 06:05:00,-7.7292852785941,113.245800634488,3.45,404.0,"Probolinggo, Jawa Timur",0.0,Aman,6.4080905892473154,-7.985072888551868,113.44194229158558,248.58077809975046
2022-09-14 16:18:00,-8.08038564421934,113.225147045707,3.51,26.0,"Laut Selatan Jawa, Barat Daya Lumajang",0.0,Aman,6.575982892313513,-7.985072888551868,113.44194229158558,248.58077809975046
2022-09-15 02:52:00,-8.1833138503417,113.298825400687,3.31,501.0,Lumajang,0.0,Aman,6.0220171869565435,-7.985072888551868,113.44194229158558,248.58077809975046
2022-09-15 15:10:00,-8.14675778447843,114.454778082933,5.74,387.0,"Banyuwangi, Jawa Timur",0.5954235497068348,Aman,16.208553103547423,-7.985072888551868,113.44194229158558,248.58077809975046
2022-09-16 04:57:00,-7.64565353915456,112.913915459663,6.88,210.0,"Pasuruan, Jawa Timur",0.5953516090583872,Aman,21.26919800863949,-7.985072888551868,113.44194229158558,248.58077809975046
2022-09-17 02:47:00,-7.82805777118098,111.818315194918,4.66,408.0,Laut Jawa Timur,0.0,Aman,10.059557445534073,-7.985072888551868,113.44194229158558,248.58077809975046
2022-09-17 23:59:00,-7.55172853060401,112.986979939411,4.92,514.0,"Pasuruan, Jawa Timur",0.5953516090583862,Aman,12.862225258609177,-7.985072888551868,113.44194229158558,248.58077809975046
2022-09-18 02:47:00,-7.67433432144672,113.133827135953,2.96,698.0,"Probolinggo, Jawa Timur",0.17848629320621684,Aman,5.365263091905901,-7.985072888551868,113.44194229158558,248.58077809975046
2022-09-18 16:53:00,-7.69801800525092,113.234756313134,4.33,462.0,"Laut Jawa, Barat Daya Probolinggo",0.0,Aman,9.010146336214524,-7.985072888551868,113.44194229158558,248.58077809975046
2022-09-18 17:08:00,-8.18552086726983,113.273598770914,7.57,583.0,Lumajang,0.8948294138307836,Terdampak,26.419024003197194,-7.985072888551868,113.44194229158558,248.58077809975046
2022-09-19 00:04:00,-7.78427321836554,113.159660768131,6.43,143.0,"Laut Jawa, Barat Daya Probolinggo",0.5953516090584252,Aman,19.216970189168283,-7.985072888551868,113.44194229158558,248.58077809975046
2022-09-19 05:55:00,-7.80631883721689,113.229674830796,7.16,496.0,"Laut Jawa, Barat Daya Probolinggo",0.7738379022646297,Terdampak,23.606608519229376,-7.985072888551868,113.44194229158558,248.58077809975046
2022-09-19 13:36:00,-8.14348053934823,113.235395260368,4.13,500.0,Lumajang,0.030121137797516188,Aman,8.468995176291129,-7.985072888551868,113.44194229158558,248.58077809975046
2022-09-19 14:52:00,-7.7130721772714,113.254750086323,7.41,495.0,"Probolinggo, Jawa Timur",0.607966481768814,Aman,23.84998112311258,-7.985072888551868,113.44194229158558,248.58077809975046
2022-09-19 18:11:00,-7.94782809296453,112.692869117955,5.1,17.0,"Malang, Jawa Timur",0.3209177592372258,Aman,12.626265124763032,-7.985072888551868,113.44194229158558,248.58077809975046
2022-09-20 01:09:00,-7.7875538402497,113.132316342224,6.79,156.0,"Probolinggo, Jawa Timur",0.7738379022646352,Terdampak,21.800614026052063,-7.985072888551868,113.44194229158558,248.58077809975046
2022-09-20 17:04:00,-7.5536636549704,112.818551313979,7.71,305.0,"Pasuruan, Jawa Timur",0.0587834776790443,Aman,21.785805450194047,-7.985072888551868,113.44194229158558,248.58077809975046
2022-09-21 06:53:00,-7.97713705427217,112.574499763074,5.75,659.0,"Malang, Jawa Timur",0.0,Aman,13.788015629524068,-7.985072888551868,113.44194229158558,248.58077809975046
2022-09-21 09:39:00,-8.16536913252213,114.396100124778,6.12,364.0,"Banyuwangi, Jawa Timur",0.2139451728248196,Aman,16.111785647153617,-7.985072888551868,113.44194229158558,248.58077809975046
2022-09-21 14:01:00,-8.28091394941915,114.377376374742,5.41,588.0,Banyuwangi,0.0018739408916270978,Aman,12.590413154346518,-7.985072888551868,113.44194229158558,248.58077809975046
2022-09-21 23:55:00,-8.27930692809632,114.3899514173,5.87,625.0,"Banyuwangi, Jawa Timur",0.5953516090583963,Aman,16.761991223152908,-7.985072888551868,113.44194229158558,248.58077809975046
2022-09-22 17:40:00,-8.13376552283894,113.316670234474,6.88,300.0,Lumajang,0.004891392376684508,Aman,18.07255194284888,-7.985072888551868,113.44194229158558,248.58077809975046
2022-09-22 18:15:00,-7.84482404244186,113.239970403283,4.76,690.0,"Probolinggo, Jawa Timur",0.0,Aman,10.385093933133199,-7.985072888551868,113.44194229158558,248.58077809975046
2022-09-22 21:07:00,-7.57373641305621,112.962112278585,4.78,175.0,"Pasuruan, Jawa Timur",0.0,Aman,10.450614910138064,-7.985072888551868,113.44194229158558,248.58077809975046
2022-09-23 14:54:00,-8.10874694096935,113.173009214015,5.11,183.0,Lumajang,0.21394517282483388,Aman,12.292717249674217,-7.985072888551868,113.44194229158558,248.58077809975046
2022-09-23 20:40:00,-8.26060187835138,114.31014745308,4.51,214.0,"Banyuwangi, Jawa Timur",0.001020188033212532,Aman,9.580710362962472,-7.985072888551868,113.44194229158558,248.58077809975046
2022-09-23 21:28:00,-8.31019840909486,114.460491078561,3.66,16.0,Banyuwangi,0.00978278475336711,Aman,7.022541982932709,-7.985072888551868,113.44194229158558,248.58077809975046
2022-09-24 05:33:00,-6.35426080929463,113.406802810289,4.67,297.0,Laut Jawa Timur,0.0,Aman,10.091955360583002,-7.985072888551868,113.44194229158558,248.58077809975046
2022-09-24 06:36:00,-8.24632663924981,114.393413001055,3.75,64.0,Banyuwangi,0.5953516090583872,Aman,8.558848886838176,-7.985072888551868,113.44194229158558,248.58077809975046
2022-09-25 07:23:00,-7.76593068544111,113.153113554026,7.35,205.0,"Laut Jawa, Barat Daya Probolinggo",0.5959897930966169,Aman,23.489296377624377,-7.985072888551868,113.44194229158558,248.58077809975046
2022-09-26 14:58:00,-7.30647776129814,113.098354529294,2.32,439.0,Laut Jawa Timur,0.0,Aman,3.533718721120853,-7.985072888551868,113.44194229158558,248.58077809975046
2022-09-27 01:23:00,-7.24766078463633,113.491157857836,6.71,659.0,Laut Jawa Timur,0.0,Aman,17.381361022658727,-7.985072888551868,113.44194229158558,248.58077809975046
2022-09-27 04:11:00,-8.1085455788235,113.239014923254,5.93,186.0,Lumajang,0.0,Aman,14.4404936549967,-7.985072888551868,113.44194229158558,248.58077809975046
2022-09-27 13:49:00,-6.50838771330888,112.064878440857,6.23,512.0,Laut Jawa Timur,0.0,Aman,15.550060032038463,-7.985072888551868,113.44194229158558,248.58077809975046
2022-09-27 20:34:00,-8.04836681781657,113.244323324181,4.34,198.0,Lumajang,0.0,Aman,9.04137732870385,-7.985072888551868,113.44194229158558,248.58077809975046
2022-09-28 10:19:00,-8.07886319399138,113.300238404469,5.71,660.0,Lumajang,0.0,Aman,13.64439119198801,-7.985072888551868,113.44194229158558,248.58077809975046
2022-09-28 11:27:00,-7.88651242456856,112.723478951918,2.27,290.0,"Malang, Jawa Timur",0.0,Aman,3.420099852343496,-7.985072888551868,113.44194229158558,248.58077809975046
2022-09-28 13:20:00,-7.78744425651597,112.195913997193,7.55,7.0,Laut Jawa Timur,0.0,Aman,20.74533381269147,-7.985072888551868,113.44194229158558,248.58077809975046
2022-09-28 22:51:00,-7.73709716963669,113.168051409161,3.15,84.0,"Probolinggo, Jawa Timur",0.0,Aman,5.590695395029137,-7.985072888551868,113.44194229158558,248.58077809975046
2022-10-01 12:22:00,-8.22648507488665,114.395347999164,5.46,666.0,Banyuwangi,0.012614872710416844,Aman,12.806469890114698,-7.985072888551868,113.44194229158558,248.58077809975046
2022-10-02 02:09:00,-8.28302147801037,114.356371105418,4.66,557.0,Banyuwangi,0.0,Aman,10.059557445534073,-7.985072888551868,113.44194229158558,248.58077809975046
2022-10-02 09:59:00,-7.65275730551257,112.90956163058,5.55,262.0,"Pasuruan, Jawa Timur",0.0,Aman,13.074933078222617,-7.985072888551868,113.44194229158558,248.58077809975046
2022-10-02 11:36:00,-7.77809383364125,113.303120949911,6.93,170.0,"Probolinggo, Jawa Timur",0.40464839094160726,Aman,20.457769466057396,-7.985072888551868,113.44194229158558,248.58077809975046
2022-10-03 11:33:00,-7.76599173884116,113.22995107597,3.22,342.0,"Laut Jawa, Barat Daya Probolinggo",0.6002430014350695,Aman,6.81855965950307,-7.985072888551868,113.44194229158558,248.58077809975046
2022-10-03 14:18:00,-8.24979242683634,114.415944174748,7.45,221.0,"Banyuwangi, Jawa Timur",0.09577072063423729,Aman,20.91877879645427,-7.985072888551868,113.44194229158558,248.58077809975046
2022-10-03 14:32:00,-8.22725377641904,113.269525075735,6.77,93.0,"Laut Selatan Jawa, Barat Daya Lumajang",0.03552757403113078,Aman,17.802760038177617,-7.985072888551868,113.44194229158558,248.58077809975046
2022-10-03 23:47:00,-6.67735513659045,113.345084070152,7.74,66.0,Laut Jawa Timur,0.009782784753369016,Aman,21.596538961913105,-7.985072888551868,113.44194229158558,248.58077809975046
2022-10-05 13:14:00,-8.21737917535099,113.162751801973,3.01,270.0,"Laut Selatan Jawa, Barat Daya Lumajang",0.0,Aman,5.222154823442138,-7.985072888551868,113.44194229158558,248.58077809975046
2022-10-05 18:22:00,-6.60678435316589,111.975669993599,5.72,102.0,Laut Jawa Timur,0.0,Aman,13.680250290107999,-7.985072888551868,113.44194229158558,248.58077809975046
2022-10-06 07:15:00,-7.80792850700362,113.195104453804,3.22,146.0,"Laut Jawa, Barat Daya Probolinggo",0.0,Aman,5.778083419266289,-7.985072888551868,113.44194229158558,248.58077809975046
2022-10-06 12:58:00,-7.65489318407519,112.902852320268,7.63,603.0,"Pasuruan, Jawa Timur",0.5953516090584502,Aman,24.840210052402057,-7.985072888551868,113.44194229158558,248.58077809975046
2022-10-06 15:07:00,-8.17094551504518,114.38319623975,6.48,254.0,"Banyuwangi, Jawa Timur",0.2139451728248004,Aman,17.554119517733582,-7.985072888551868,113.44194229158558,248.58077809975046
2022-10-06 17:26:00,-7.77820944291409,113.129599290836,6.03,27.0,"Laut Jawa, Barat Daya Probolinggo",0.5971536093015835,Aman,17.459973522895705,-7.985072888551868,113.44194229158558,248.58077809975046
2022-10-07 01:44:00,-7.77204510242606,113.168086362267,6.86,365.0,"Laut Jawa, Barat Daya Probolinggo",0.5953516090584068,Aman,21.176521846231967,-7.985072888551868,113.44194229158558,248.58077809975046
2022-10-08 11:55:00,-7.72458877100806,112.99746340638,6.94,603.0,"Pasuruan, Jawa Timur",0.5953516090583819,Aman,21.548034525539176,-7.985072888551868,113.44194229158558,248.58077809975046
2022-10-09 01:45:00,-6.43072507367673,112.378179426789,6.92,505.0,Laut Jawa Timur,0.0,Aman,18.203677870144812,-7.985072888551868,113.44194229158558,248.58077809975046
2022-10-10 17:43:00,-8.23507545878774,114.416439682486,2.88,566.0,"Banyuwangi, Jawa Timur",0.0,Aman,4.887522071561416,-7.985072888551868,113.44194229158558,248.58077809975046
2022-10-10 18:38:00,-7.71487064010267,112.926513797951,5.25,130.0,"Pasuruan, Jawa Timur",0.0,Aman,12.02926119925908,-7.985072888551868,113.44194229158558,248.58077809975046
2022-10-10 21:48:00,-8.30376735454041,114.291016964326,6.37,62.0,"Banyuwangi, Jawa Timur",0.595351609058415,Aman,18.948620834103878,-7.985072888551868,113.44194229158558,248.58077809975046
2022-10-11 08:30:00,-7.85374703618143,113.117909455887,6.99,677.0,"Probolinggo, Jawa Timur",0.35697258641243335,Aman,20.459705975858032,-7.985072888551868,113.44194229158558,248.58077809975046
2022-10-11 15:01:00,-8.17535301434241,114.291510542051,5.33,331.0,"Banyuwangi, Jawa Timur",0.3569725864124471,Aman,13.623052746354537,-7.985072888551868,113.44194229158558,248.58077809975046
2022-10-11 19:48:00,-8.2653244324137,114.446578011062,4.53,101.0,Banyuwangi,0.0,Aman,9.641559884168123,-7.985072888551868,113.44194229158558,248.58077809975046
2022-10-12 01:55:00,-7.68255723711626,113.112152207895,5.52,334.0,"Probolinggo, Jawa Timur",0.5953516090584453,Aman,15.28540934376596,-7.985072888551868,113.44194229158558,248.58077809975046
2022-10-12 10:59:00,-7.59669853916096,112.82909752765,2.4,255.0,"Pasuruan, Jawa Timur",7.194064843552502e-05,Aman,3.718144256339912,-7.985072888551868,113.44194229158558,248.58077809975046
2022-10-13 06:12:00,-7.90989356167456,112.682589993833,3.3,29.0,"Malang, Jawa Timur",0.0,Aman,5.994747701113033,-7.985072888551868,113.44194229158558,248.58077809975046
2022-10-13 14:05:00,-7.71107324089571,113.152828358163,6.94,147.0,"Probolinggo, Jawa Timur",0.16658937668632662,Aman,19.19636125016175,-7.985072888551868,113.44194229158558,248.58077809975046
2022-10-13 21:15:00,-8.09276428066067,113.131857377702,7.16,104.0,Lumajang,0.35697258641243335,Aman,21.210609971305434,-7.985072888551868,113.44194229158558,248.58077809975046
2022-10-13 23:52:00,-8.19945762564232,114.380647438554,4.3,551.0,Banyuwangi,0.0,Aman,8.916669781930919,-7.985072888551868,113.44194229158558,248.58077809975046
2022-10-14 09:17:00,-8.21168461002637,113.301105603344,7.18,31.0,Lumajang,0.06384714708949538,Aman,19.607694924672526,-7.985072888551868,113.44194229158558,248.58077809975046
2022-10-14 13:35:00,-8.14271695075542,113.131383450773,6.54,561.0,Lumajang,0.59535160905838,Aman,19.712199213501943,-7.985072888551868,113.44194229158558,248.58077809975046
2022-10-15 03:17:00,-8.06365358467342,113.202436591205,3.96,589.0,Lumajang,0.0,Aman,7.88030050188443,-7.985072888551868,113.44194229158558,248.58077809975046
2022-10-15 06:04:00,-8.13448911893831,114.309812587483,6.27,150.0,"Banyuwangi, Jawa Timur",0.17848629320620552,Aman,16.540733620081426,-7.985072888551868,113.44194229158558,248.58077809975046
2022-10-15 20:56:00,-8.30484764419322,114.43426951022,3.19,250.0,"Banyuwangi, Jawa Timur",0.5953516090583684,Aman,6.715130880122278,-7.985072888551868,113.44194229158558,248.58077809975046
2022-10-16 06:56:00,-7.71278744494407,113.247630690933,3.9,471.0,"Probolinggo, Jawa Timur",0.012614872710416844,Aman,7.731030368345054,-7.985072888551868,113.44194229158558,248.58077809975046
2022-10-16 22:22:00,-7.60735908417899,112.994461697973,5.04,368.0,"Pasuruan, Jawa Timur",0.0,Aman,11.314771937604398,-7.985072888551868,113.44194229158558,248.58077809975046
2022-10-16 23:12:00,-7.74137662580031,113.261219890768,5.69,68.0,"Laut Jawa, Barat Daya Probolinggo",0.2139451728248378,Aman,14.443915589049725,-7.985072888551868,113.44194229158558,248.58077809975046
2022-10-17 00:59:00,-8.10896570442273,113.228001346929,3.14,616.0,"Laut Selatan Jawa, Barat Daya Lumajang",0.031923573544747,Aman,5.617381906945925,-7.985072888551868,113.44194229158558,248.58077809975046
2022-10-17 04:16:00,-7.01975111835285,112.34819636832,6.41,576.0,Laut Jawa Timur,0.0,Aman,16.228823771302714,-7.985072888551868,113.44194229158558,248.58077809975046
2022-10-17 06:31:00,-8.12222239453074,114.466716594706,2.9,507.0,"Banyuwangi, Jawa Timur",0.0,Aman,4.938522046118656,-7.985072888551868,113.44194229158558,248.58077809975046
2022-10-18 01:39:00,-8.30481644954798,114.464897136959,5.75,109.0,"Banyuwangi, Jawa Timur",0.009782784753368063,Aman,13.82848118624798,-7.985072888551868,113.44194229158558,248.58077809975046
2022-10-18 05:43:00,-8.12503132114002,113.243798168969,5.67,51.0,Lumajang,0.7028904388606111,Aman,16.348242795562587,-7.985072888551868,113.44194229158558,248.58077809975046
2022-10-18 07:01:00,-7.88269889090173,112.600184019933,7.57,207.0,"Malang, Jawa Timur",0.35697258641243335,Aman,23.05830841972551,-7.985072888551868,113.44194229158558,248.58077809975046
2022-10-18 19:38:00,-8.26138475925511,114.36680810175,4.52,532.0,Banyuwangi,0.0,Aman,9.609651814712121,-7.985072888551868,113.44194229158558,248.58077809975046
2022-10-18 20:05:00,-8.12770687819814,114.358639871978,5.92,380.0,Banyuwangi,0.0,Aman,14.403981671746184,-7.985072888551868,113.44194229158558,248.58077809975046
2022-10-19 00:48:00,-7.86587711173925,112.308587401012,7.78,39.0,Laut Jawa Timur,0.5054966547192364,Aman,24.991339191839128,-7.985072888551868,113.44194229158558,248.58077809975046
2022-10-20 00:58:00,-8.23314436259383,113.177098622892,5.35,527.0,Lumajang,0.0,Aman,12.374585851655803,-7.985072888551868,113.44194229158558,248.58077809975046
2022-10-20 11:52:00,-7.66265226873901,113.216851866787,4.81,239.0,"Probolinggo, Jawa Timur",0.0,Aman,10.549153567940888,-7.985072888551868,113.44194229158558,248.58077809975046
2022-10-21 02:28:00,-7.72362485200076,113.255817793431,6.65,282.0,"Probolinggo, Jawa Timur",0.5953516090584027,Aman,20.211610718058054,-7.985072888551868,113.44194229158558,248.58077809975046
2022-10-21 21:10:00,-7.67195371142588,112.912804224607,4.76,137.0,"Pasuruan, Jawa Timur",0.0,Aman,10.385093933133199,-7.985072888551868,113.44194229158558,248.58077809975046
2022-10-22 07:51:00,-7.75863176682885,113.114222839225,2.55,33.0,Laut Jawa Timur,0.0,Aman,4.072023452781184,-7.985072888551868,113.44194229158558,248.58077809975046
2022-10-22 14:50:00,-8.12059865271034,113.208944708881,4.65,559.0,"Laut Selatan Jawa, Barat Daya Lumajang",0.0,Aman,10.02719427357424,-7.985072888551868,113.44194229158558,248.58077809975046
2022-10-22 18:53:00,-7.71384381102931,113.18946002761,3.09,233.0,"Probolinggo, Jawa Timur",7.194064843552502e-05,Aman,5.431841540386041,-7.985072888551868,113.44194229158558,248.58077809975046
2022-10-23 01:19:00,-8.2818422483236,114.321552958557,7.19,199.0,Banyuwangi,0.8813767320668646,Terdampak,24.37711435715242,-7.985072888551868,113.44194229158558,248.58077809975046
2022-10-23 10:09:00,-6.66735643886206,112.278926805603,4.12,539.0,Laut Jawa Timur,0.0,Aman,8.36268664963599,-7.985072888551868,113.44194229158558,248.58077809975046
2022-10-23 14:56:00,-7.73056792700234,112.891725161343,2.89,70.0,"Pasuruan, Jawa Timur",0.0,Aman,4.913,-7.985072888551868,113.44194229158558,248.58077809975046
2022-10-23 20:38:00,-8.16049663136027,114.372122263825,5.18,353.0,"Banyuwangi, Jawa Timur",0.5959178524482287,Aman,13.897148147453239,-7.985072888551868,113.44194229158558,248.58077809975046
2022-10-24 02:05:00,-8.18757153896944,113.201707990334,5.1,527.0,"Laut Selatan Jawa, Barat Daya Lumajang",0.0,Aman,11.517421586448938,-7.985072888551868,113.44194229158558,248.58077809975046
2022-10-24 02:39:00,-8.27129937185446,114.273584891298,7.53,132.0,"Banyuwangi, Jawa Timur",0.5953516090583771,Aman,24.35347398202032,-7.985072888551868,113.44194229158558,248.58077809975046
2022-10-24 08:49:00,-7.77494958739472,113.296914239854,4.58,196.0,"Laut Jawa, Barat Daya Probolinggo",0.21507765960440814,Aman,10.434061393011923,-7.985072888551868,113.44194229158558,248.58077809975046
2022-10-25 04:28:00,-8.04756403102193,113.290258187712,3.8,271.0,"Laut Selatan Jawa, Barat Daya Lumajang",0.0,Aman,7.407563702054812,-7.985072888551868,113.44194229158558,248.58077809975046
2022-10-25 04:37:00,-8.16192820907361,114.349919961101,7.1,30.0,Banyuwangi,0.6097684820120288,Aman,22.3793139565445,-7.985072888551868,113.44194229158558,248.58077809975046
2022-10-25 16:27:00,-7.94200026159573,112.55715954991,6.39,396.0,"Malang, Jawa Timur",0.02785219425255638,Aman,16.287897471018198,-7.985072888551868,113.44194229158558,248.58077809975046
2022-10-25 22:56:00,-8.31855786073496,114.430120788105,2.84,23.0,Banyuwangi,0.0,Aman,4.786053071164171,-7.985072888551868,113.44194229158558,248.58077809975046
2022-10-26 02:19:00,-8.277080873497,114.273630020735,6.43,543.0,Banyuwangi,0.5953516090584112,Aman,19.216970189168215,-7.985072888551868,113.44194229158558,248.58077809975046
2022-10-28 12:43:00,-7.89775250923971,112.53305524059,7.21,70.0,"Malang, Jawa Timur",0.0,Aman,19.35989052138467,-7.985072888551868,113.44194229158558,248.58077809975046
2022-11-01 08:56:00,-8.28447624366933,114.343281405631,5.35,204.0,Banyuwangi,0.0,Aman,12.374585851655803,-7.985072888551868,113.44194229158558,248.58077809975046
2022-11-01 11:39:00,-7.59540740043542,112.837763034143,6.31,572.0,"Pasuruan, Jawa Timur",0.00014388129687105004,Aman,15.851223317933783,-7.985072888551868,113.44194229158558,248.58077809975046
2022-11-01 17:24:00,-8.21855531157898,114.30008494859,6.77,118.0,Banyuwangi,0.2139451728248197,Aman,18.74560861081186,-7.985072888551868,113.44194229158558,248.58077809975046
2022-11-02 03:42:00,-7.72799632780037,113.199906661924,3.68,396.0,"Probolinggo, Jawa Timur",0.0,Aman,7.059464002316323,-7.985072888551868,113.44194229158558,248.58077809975046
2022-11-02 13:40:00,-8.20934326622608,114.377035135165,4.77,60.0,Banyuwangi,0.0,Aman,10.417837251560421,-7.985072888551868,113.44194229158558,248.58077809975046
2022-11-03 12:31:00,-8.09062154148498,113.152034700749,3.09,507.0,"Laut Selatan Jawa, Barat Daya Lumajang",0.0,Aman,5.431724311855306,-7.985072888551868,113.44194229158558,248.58077809975046
2022-11-03 14:09:00,-8.06940792879173,113.202144358702,3.22,248.0,Lumajang,0.004111196282865024,Aman,5.7852098697889,-7.985072888551868,113.44194229158558,248.58077809975046
2022-11-04 06:30:00,-8.00715781617713,113.600233394335,4.37,405.0,Laut Jawa Timur,0.0,Aman,9.135286147680324,-7.985072888551868,113.44194229158558,248.58077809975046
2022-11-04 17:50:00,-8.25149612838671,114.388195775041,6.52,264.0,Banyuwangi,0.5953516090584237,Aman,19.62184544728749,-7.985072888551868,113.44194229158558,248.58077809975046
2022-11-04 20:40:00,-8.1075328803213,113.177656147025,4.98,541.0,"Laut Selatan Jawa, Barat Daya Lumajang",0.11958745912283622,Aman,11.512029263851906,-7.985072888551868,113.44194229158558,248.58077809975046
2022-11-04 23:11:00,-8.15542532862374,113.570836191322,3.36,384.0,Laut Jawa Timur,0.0,Aman,6.1589817340206485,-7.985072888551868,113.44194229158558,248.58077809975046
2022-11-05 05:37:00,-7.80563890788475,113.273552866029,6.11,538.0,"Probolinggo, Jawa Timur",0.012614872710416844,Aman,15.160107610831767,-7.985072888551868,113.44194229158558,248.58077809975046
2022-11-05 19:52:00,-8.25551946449417,114.416149515007,2.72,425.0,Banyuwangi,0.00014388129687105004,Aman,4.486132553484892,-7.985072888551868,113.44194229158558,248.58077809975046
2022-11-06 10:18:00,-7.84392041505362,113.137996017999,7.3,214.0,"Laut Jawa, Barat Daya Probolinggo",0.46394517282481834,Aman,22.468702603241447,-7.985072888551868,113.44194229158558,248.58077809975046
2022-11-07 08:50:00,-8.15323235540077,113.271087188584,4.89,38.0,"Laut Selatan Jawa, Barat Daya Lumajang",0.00978278475336891,Aman,10.845161029442075,-7.985072888551868,113.44194229158558,248.58077809975046
2022-11-08 03:53:00,-8.30099597510722,114.468460996508,6.93,129.0,Banyuwangi,0.004963333025120033,Aman,18.270315011482893,-7.985072888551868,113.44194229158558,248.58077809975046
2022-11-08 15:59:00,-8.20412346987264,113.266230336014,5.87,357.0,"Laut Selatan Jawa, Barat Daya Lumajang",0.5953516090583837,Aman,16.761991223152855,-7.985072888551868,113.44194229158558,248.58077809975046
2022-11-09 10:47:00,-7.93383849809729,112.39399089904,2.94,344.0,Laut Jawa Timur,0.0,Aman,5.0410498906477805,-7.985072888551868,113.44194229158558,248.58077809975046
2022-11-10 07:02:00,-7.71146721815888,112.891219568279,7.36,495.0,"Pasuruan, Jawa Timur",0.0,Aman,19.96717947032079,-7.985072888551868,113.44194229158558,248.58077809975046
2022-11-10 11:15:00,-7.70571982157886,112.841384804467,3.38,71.0,"Pasuruan, Jawa Timur",0.17848629320623727,Aman,6.546791453387538,-7.985072888551868,113.44194229158558,248.58077809975046
2022-11-10 16:13:00,-7.85401961899373,113.166218953594,4.16,246.0,"Laut Jawa, Barat Daya Probolinggo",0.0,Aman,8.484768470618395,-7.985072888551868,113.44194229158558,248.58077809975046
2022-11-10 19:04:00,-8.17317867549024,113.219919414709,5.03,612.0,"Laut Selatan Jawa, Barat Daya Lumajang",0.0,Aman,11.28111373047892,-7.985072888551868,113.44194229158558,248.58077809975046
2022-11-11 07:17:00,-7.69196544767207,113.254747495551,4.61,152.0,"Probolinggo, Jawa Timur",0.0,Aman,9.898089765202174,-7.985072888551868,113.44194229158558,248.58077809975046
2022-11-12 02:29:00,-7.96386844576088,113.300380121246,7.67,210.0,Laut Jawa Timur,0.0,Aman,21.241884638609633,-7.985072888551868,113.44194229158558,248.58077809975046
2022-11-12 04:00:00,-8.20285517521781,113.27987358444,7.09,144.0,"Laut Selatan Jawa, Barat Daya Lumajang",0.0,Aman,18.878581223174585,-7.985072888551868,113.44194229158558,248.58077809975046
2022-11-12 06:52:00,-7.71147909155808,112.89864374618,6.18,603.0,"Pasuruan, Jawa Timur",0.3468659920804694,Aman,16.961931646120053,-7.985072888551868,113.44194229158558,248.58077809975046
2022-11-12 07:30:00,-8.07385766878678,113.119183152465,7.36,243.0,"Laut Selatan Jawa, Barat Daya Lumajang",0.4797660982218038,Aman,22.841052206411884,-7.985072888551868,113.44194229158558,248.58077809975046
2022-11-12 13:14:00,-8.19568555700875,113.178902424261,6.34,107.0,Lumajang,0.009077403372751926,Aman,16.007184815850426,-7.985072888551868,113.44194229158558,248.58077809975046
2022-11-12 21:17:00,-8.13343478191678,114.445604946914,2.05,361.0,"Banyuwangi, Jawa Timur",0.0,Aman,2.935153317971652,-7.985072888551868,113.44194229158558,248.58077809975046
2022-11-13 04:13:00,-7.96823401123602,112.584471572577,6.06,304.0,"Malang, Jawa Timur",0.21394517282480052,Aman,15.875429305794,-7.985072888551868,113.44194229158558,248.58077809975046
2022-11-13 05:32:00,-7.27006731990718,111.970604255415,3.41,151.0,Laut Jawa Timur,0.0,Aman,6.296969191603211,-7.985072888551868,113.44194229158558,248.58077809975046
2022-11-13 11:05:00,-7.88139692601846,112.726883856404,3.04,306.0,"Malang, Jawa Timur",0.0,Aman,5.3004211153454595,-7.985072888551868,113.44194229158558,248.58077809975046
2022-11-13 11:11:00,-8.14637439976739,114.434941680335,3.03,177.0,"Banyuwangi, Jawa Timur",0.4046483909416625,Aman,5.914559037660965,-7.985072888551868,113.44194229158558,248.58077809975046
2022-11-14 01:19:00,-8.15591628613809,114.372093843845,6.89,600.0,Banyuwangi,0.805761475809388,Terdampak,22.457192511488003,-7.985072888551868,113.44194229158558,248.58077809975046
2022-11-14 06:46:00,-7.87182793931844,112.316858347781,6.97,77.0,Laut Jawa Timur,0.5054966547192392,Aman,21.191870950091026,-7.985072888551868,113.44194229158558,248.58077809975046
2022-11-14 11:07:00,-8.08796445281741,113.287737486969,4.72,159.0,"Laut Selatan Jawa, Barat Daya Lumajang",0.0,Aman,10.254464783693003,-7.985072888551868,113.44194229158558,248.58077809975046
2022-11-15 10:05:00,-8.09041635226206,113.171635359685,4.86,656.0,"Laut Selatan Jawa, Barat Daya Lumajang",0.0,Aman,10.714068134933623,-7.985072888551868,113.44194229158558,248.58077809975046
2022-11-16 07:47:00,-6.52082986001519,113.102267880577,2.69,578.0,Laut Jawa Timur,0.0,Aman,4.411928036584459,-7.985072888551868,113.44194229158558,248.58077809975046
2022-11-16 17:13:00,-7.94804881927721,112.628986553501,4.21,649.0,"Malang, Jawa Timur",0.0,Aman,8.638197786575624,-7.985072888551868,113.44194229158558,248.58077809975046
2022-11-16 21:01:00,-7.86701436370965,112.605663914562,6.78,700.0,"Malang, Jawa Timur",0.0,Aman,17.654057663891326,-7.985072888551868,113.44194229158558,248.58077809975046
2022-11-17 13:41:00,-8.1958968031405,114.451715191997,7.33,114.0,Banyuwangi,0.5971536093015782,Aman,23.400415806304192,-7.985072888551868,113.44194229158558,248.58077809975046
2022-11-18 00:08:00,-8.12138935723424,114.44282548455,7.83,452.0,Banyuwangi,0.00014388129687094417,Aman,21.910959128048177,-7.985072888551868,113.44194229158558,248.58077809975046
2022-11-18 14:26:00,-8.25393794254341,114.46358277117,3.68,298.0,Banyuwangi,0.0,Aman,7.059464002316323,-7.985072888551868,113.44194229158558,248.58077809975046
2022-11-19 12:46:00,-8.06258952559686,113.158899810105,7.76,225.0,"Laut Selatan Jawa, Barat Daya Lumajang",0.7762061458976197,Terdampak,26.650600157727055,-7.985072888551868,113.44194229158558,248.58077809975046
2022-11-19 17:03:00,-8.20634702333558,114.308313020324,6.86,421.0,Banyuwangi,0.22656004553525316,Aman,19.188649895140966,-7.985072888551868,113.44194229158558,248.58077809975046
2022-11-19 17:23:00,-7.68782781365298,113.122774434079,3.18,408.0,"Laut Jawa, Barat Daya Probolinggo",0.0,Aman,5.670752331040389,-7.985072888551868,113.44194229158558,248.58077809975046
2022-11-19 18:04:00,-8.12287847460083,114.397260581023,7.95,40.0,Banyuwangi,0.4640171134732658,Aman,25.535985702540096,-7.985072888551868,113.44194229158558,248.58077809975046
2022-11-19 19:14:00,-7.93055894327933,112.725241528284,3.81,391.0,"Malang, Jawa Timur",0.0,Aman,7.436823313754335,-7.985072888551868,113.44194229158558,248.58077809975046
2022-11-20 10:06:00,-8.13828337624201,113.248649752467,5.45,530.0,Lumajang,0.6424314660310104,Aman,15.175279278662389,-7.985072888551868,113.44194229158558,248.58077809975046
2022-11-21 07:40:00,-8.20930918686533,113.313001749613,3.23,395.0,Lumajang,0.06384714708949538,Aman,5.916211049969025,-7.985072888551868,113.44194229158558,248.58077809975046
2022-11-21 19:09:00,-7.74102737024751,112.935374261784,4.06,281.0,"Pasuruan, Jawa Timur",0.0,Aman,8.180673321921612,-7.985072888551868,113.44194229158558,248.58077809975046
2022-11-21 19:11:00,-7.94352495768538,111.786080291229,4.19,107.0,Laut Jawa Timur,0.10697258641241937,Aman,8.851958147632565,-7.985072888551868,113.44194229158558,248.58077809975046
2022-11-22 18:45:00,-7.67672694716173,113.280645261986,3.67,305.0,"Laut Jawa, Barat Daya Probolinggo",0.0,Aman,7.030708570265162,-7.985072888551868,113.44194229158558,248.58077809975046
2022-11-22 22:13:00,-7.81562680589236,113.218372433848,6.91,685.0,"Probolinggo, Jawa Timur",0.59535160905838,Aman,21.408464944514574,-7.985072888551868,113.44194229158558,248.58077809975046
2022-11-22 23:58:00,-8.13386363989951,113.193051778769,4.54,256.0,Lumajang,0.03199551419318316,Aman,9.76635580430922,-7.985072888551868,113.44194229158558,248.58077809975046
2022-11-23 19:09:00,-8.16217573631038,113.146451814912,3.66,412.0,"Laut Selatan Jawa, Barat Daya Lumajang",0.0,Aman,7.001992287913491,-7.985072888551868,113.44194229158558,248.58077809975046
2022-11-24 14:00:00,-8.2666104514814,114.358470681338,6.28,39.0,"Banyuwangi, Jawa Timur",0.17961877998582593,Aman,16.58566732595341,-7.985072888551868,113.44194229158558,248.58077809975046
2022-11-24 20:11:00,-6.53153216540775,112.056973844991,4.66,96.0,Laut Jawa Timur,0.0,Aman,10.059557445534073,-7.985072888551868,113.44194229158558,248.58077809975046
2022-11-24 22:09:00,-8.22408972315418,114.284336298789,6.68,27.0,Banyuwangi,0.5953516090584476,Aman,20.348535152582954,-7.985072888551868,113.44194229158558,248.58077809975046
2022-11-25 02:15:00,-8.27393881390441,114.430525742482,7.7,337.0,Banyuwangi,0.5953516090583723,Aman,25.182830642240464,-7.985072888551868,113.44194229158558,248.58077809975046
2022-11-26 03:23:00,-7.83910245407034,113.216012934157,6.0,423.0,"Probolinggo, Jawa Timur",0.8935936569773815,Terdampak,18.636865751267038,-7.985072888551868,113.44194229158558,248.58077809975046
2022-11-26 07:12:00,-7.20206149855897,112.955199927073,7.95,617.0,Laut Jawa Timur,0.012614872710416633,Aman,22.500447811664536,-7.985072888551868,113.44194229158558,248.58077809975046
2022-11-26 18:59:00,-8.11678030274222,113.267784050682,4.68,654.0,Lumajang,0.0036040004863831456,Aman,10.13533447126578,-7.985072888551868,113.44194229158558,248.58077809975046
2022-11-27 08:56:00,-8.13789568616,113.231806665778,3.27,304.0,Lumajang,0.0,Aman,5.913187211648216,-7.985072888551868,113.44194229158558,248.58077809975046
2022-11-27 11:07:00,-7.83033864635823,113.253220766738,4.86,117.0,"Laut Jawa, Barat Daya Probolinggo",0.35697258641243335,Aman,11.86145671887151,-7.985072888551868,113.44194229158558,248.58077809975046
2022-11-27 18:11:00,-7.89464091870318,112.557508271656,7.5,189.0,"Malang, Jawa Timur",0.35697258641243335,Aman,22.73921770882056,-7.985072888551868,113.44194229158558,248.58077809975046
2022-11-27 18:27:00,-7.67299282401893,112.888345026264,4.76,694.0,"Pasuruan, Jawa Timur",0.0,Aman,10.385093933133199,-7.985072888551868,113.44194229158558,248.58077809975046
2022-11-27 20:11:00,-8.07841796131066,113.314729599193,7.12,74.0,"Laut Selatan Jawa, Barat Daya Lumajang",0.5953516090584061,Aman,22.391771182325797,-7.985072888551868,113.44194229158558,248.58077809975046
2022-11-27 22:14:00,-8.31556742017864,114.390825509937,2.16,109.0,"Banyuwangi, Jawa Timur",0.0,Aman,3.174538706646999,-7.985072888551868,113.44194229158558,248.58077809975046
2022-11-28 05:53:00,-8.21830488515155,113.269648325189,3.14,622.0,Lumajang,0.0018020002431915728,Aman,5.567102125771694,-7.985072888551868,113.44194229158558,248.58077809975046
2022-11-28 12:57:00,-8.06077204869911,112.682573157821,5.9,221.0,"Malang, Jawa Timur",0.0,Aman,14.331050205759523,-7.985072888551868,113.44194229158558,248.58077809975046
2022-11-28 18:33:00,-7.78540955751383,113.118191214517,3.66,26.0,"Laut Jawa, Barat Daya Probolinggo",0.003675941134818247,Aman,7.009713961356537,-7.985072888551868,113.44194229158558,248.58077809975046
2022-12-01 18:38:00,-8.22434780041593,113.16755856897,3.0,120.0,Lumajang,0.463945172824783,Aman,5.919371372839595,-7.985072888551868,113.44194229158558,248.58077809975046
2022-12-03 00:34:00,-8.20586892054509,114.323244206252,6.83,175.0,Banyuwangi,0.21408905412169063,Aman,18.996133486845224,-7.985072888551868,113.44194229158558,248.58077809975046
2022-12-04 05:37:00,-8.18116965185049,114.332712498358,4.48,306.0,Banyuwangi,0.02522974542083369,Aman,9.554144053608772,-7.985072888551868,113.44194229158558,248.58077809975046
2022-12-04 10:28:00,-7.91523684450639,112.548468419787,7.06,696.0,"Malang, Jawa Timur",0.0,Aman,18.758886320888028,-7.985072888551868,113.44194229158558,248.58077809975046
2022-12-05 03:27:00,-8.18002375322866,114.305618434543,7.75,454.0,Banyuwangi,1.0,Terdampak,28.047612977756234,-7.985072888551868,113.44194229158558,248.58077809975046
2022-12-05 05:55:00,-8.13999252713092,113.179836479173,5.65,363.0,Lumajang,0.0011324867795886706,Aman,13.43445944025981,-7.985072888551868,113.44194229158558,248.58077809975046
2022-12-05 06:00:00,-7.56056063067583,112.917476233001,7.23,151.0,"Pasuruan, Jawa Timur",0.683557425695313,Aman,23.42711026935119,-7.985072888551868,113.44194229158558,248.58077809975046
2022-12-05 07:17:00,-7.74031730067826,113.174990089322,6.09,337.0,"Probolinggo, Jawa Timur",0.6272751826031047,Aman,17.857025163090235,-7.985072888551868,113.44194229158558,248.58077809975046
2022-12-05 09:10:00,-7.72066819789657,112.823646222219,6.62,406.0,"Pasuruan, Jawa Timur",0.9496781886848298,Terdampak,21.88555082521981,-7.985072888551868,113.44194229158558,248.58077809975046
2022-12-06 05:34:00,-7.85032752665755,113.269798543369,6.57,117.0,"Laut Jawa, Barat Daya Probolinggo",0.5953516090584106,Aman,19.847989037081472,-7.985072888551868,113.44194229158558,248.58077809975046
2022-12-06 06:16:00,-8.24089512022703,114.46100980735,3.17,641.0,"Banyuwangi, Jawa Timur",0.0,Aman,5.644024539280459,-7.985072888551868,113.44194229158558,248.58077809975046
2022-12-06 19:30:00,-7.897971257791,112.557431617058,2.09,683.0,"Malang, Jawa Timur",0.0,Aman,3.0214779496134003,-7.985072888551868,113.44194229158558,248.58077809975046
2022-12-07 22:48:00,-7.69842442289327,112.818849623008,5.54,463.0,"Pasuruan, Jawa Timur",0.595351609058365,Aman,15.368557422427529,-7.985072888551868,113.44194229158558,248.58077809975046
2022-12-08 03:51:00,-8.13600691206209,114.326138872906,2.16,558.0,Banyuwangi,0.0,Aman,3.174538706646999,-7.985072888551868,113.44194229158558,248.58077809975046
2022-12-08 10:19:00,-7.20159966484903,113.691055445812,6.81,150.0,Laut Jawa Timur,0.031923573544747744,Aman,17.94155773031831,-7.985072888551868,113.44194229158558,248.58077809975046
2022-12-09 01:36:00,-8.07286517808478,113.184324214219,3.9,288.0,Lumajang,0.0,Aman,7.701882886671284,-7.985072888551868,113.44194229158558,248.58077809975046
2022-12-09 23:03:00,-8.23115573569311,114.347588425428,7.81,471.0,Banyuwangi,0.8106528681860934,Terdampak,27.13414279551462,-7.985072888551868,113.44194229158558,248.58077809975046
2022-12-10 15:26:00,-8.24590847663475,114.386194030621,4.85,642.0,"Banyuwangi, Jawa Timur",0.0,Aman,10.68101703958944,-7.985072888551868,113.44194229158558,248.58077809975046
2022-12-11 02:58:00,-8.22734536151601,112.300118791406,2.17,572.0,Laut Jawa Timur,0.0,Aman,3.1966096101964028,-7.985072888551868,113.44194229158558,248.58077809975046
2022-12-11 04:22:00,-7.83642888614575,113.268015608033,3.86,215.0,"Laut Jawa, Barat Daya Probolinggo",0.5953516090584124,Aman,8.938186538048344,-7.985072888551868,113.44194229158558,248.58077809975046
2022-12-12 03:11:00,-8.16696680695386,114.302684017416,5.39,320.0,"Banyuwangi, Jawa Timur",0.0,Aman,12.513625334010923,-7.985072888551868,113.44194229158558,248.58077809975046
2022-12-13 18:57:00,-8.08073938343259,113.276893180993,4.57,482.0,Lumajang,0.0,Aman,9.769544155179402,-7.985072888551868,113.44194229158558,248.58077809975046
2022-12-13 23:09:00,-8.24815885448668,112.882335988107,4.74,24.0,Laut Jawa Timur,0.0,Aman,10.319710461054614,-7.985072888551868,113.44194229158558,248.58077809975046
2022-12-13 23:17:00,-8.30376224649888,114.353955652685,7.35,615.0,"Banyuwangi, Jawa Timur",0.36186397878912824,Aman,22.089704014010884,-7.985072888551868,113.44194229158558,248.58077809975046
2022-12-14 02:05:00,-7.2520331265131,112.135733110666,6.18,12.0,Laut Jawa Timur,0.0,Aman,15.36323637779488,-7.985072888551868,113.44194229158558,248.58077809975046
2022-12-14 04:21:00,-7.7959389663332,113.206063528094,4.98,310.0,"Laut Jawa, Barat Daya Probolinggo",0.012614872710416844,Aman,11.1553829289866,-7.985072888551868,113.44194229158558,248.58077809975046
2022-12-14 10:26:00,-7.89495779533598,112.705111418262,4.17,449.0,"Malang, Jawa Timur",0.0,Aman,8.515380966228111,-7.985072888551868,113.44194229158558,248.58077809975046
2022-12-14 19:54:00,-8.16159749691241,114.325616852877,4.39,142.0,"Banyuwangi, Jawa Timur",0.0,Aman,9.198071482653306,-7.985072888551868,113.44194229158558,248.58077809975046
2022-12-16 21:04:00,-7.5638817985897,112.458836476551,6.4,516.0,Laut Jawa Timur,0.0014332036690435537,Aman,16.19782306074576,-7.985072888551868,113.44194229158558,248.58077809975046
2022-12-17 17:33:00,-7.84831924469579,113.16253308781,3.21,577.0,"Laut Jawa, Barat Daya Probolinggo",7.194064843552502e-05,Aman,5.751311913614896,-7.985072888551868,113.44194229158558,248.58077809975046
2022-12-19 03:15:00,-7.5572532365505,112.901643312038,4.91,392.0,"Pasuruan, Jawa Timur",0.004891392376684508,Aman,10.89579848481338,-7.985072888551868,113.44194229158558,248.58077809975046
2022-12-19 07:23:00,-6.78527844306269,113.691111314469,3.73,425.0,Laut Jawa Timur,0.0,Aman,7.203826552603831,-7.985072888551868,113.44194229158558,248.58077809975046
2022-12-19 07:50:00,-8.13444058775687,113.2404921242,5.36,453.0,Lumajang,0.0,Aman,12.409297159791123,-7.985072888551868,113.44194229158558,248.58077809975046
2022-12-19 12:48:00,-8.23239030857086,113.117799327884,3.16,542.0,"Laut Selatan Jawa, Barat Daya Lumajang",0.0,Aman,5.617338871743453,-7.985072888551868,113.44194229158558,248.58077809975046
2022-12-19 15:19:00,-7.7002582829491,112.930235138795,7.67,632.0,"Pasuruan, Jawa Timur",0.44515212405505583,Aman,24.078645658352496,-7.985072888551868,113.44194229158558,248.58077809975046
2022-12-19 20:19:00,-6.99707283069337,112.59886833242,7.71,640.0,Laut Jawa Timur,0.0,Aman,21.408269687202655,-7.985072888551868,113.44194229158558,248.58077809975046
2022-12-20 06:57:00,-7.73692701838148,113.308655563613,7.75,264.0,"Probolinggo, Jawa Timur",0.06384714708949538,Aman,21.988339230112498,-7.985072888551868,113.44194229158558,248.58077809975046
2022-12-20 07:48:00,-8.12144860452775,113.188183569247,5.32,617.0,"Laut Selatan Jawa, Barat Daya Lumajang",0.0,Aman,12.270646600729728,-7.985072888551868,113.44194229158558,248.58077809975046
2022-12-20 08:26:00,-8.1565254094348,113.232294984889,5.31,654.0,"Laut Selatan Jawa, Barat Daya Lumajang",0.35753882980222734,Aman,13.548525703715983,-7.985072888551868,113.44194229158558,248.58077809975046
2022-12-20 09:55:00,-7.72135859364044,112.270041820717,6.95,134.0,Laut Jawa Timur,0.0,Aman,18.322182593785055,-7.985072888551868,113.44194229158558,248.58077809975046
2022-12-20 23:19:00,-8.31637442960393,114.351145593152,6.74,305.0,"Banyuwangi, Jawa Timur",0.35748268042905457,Aman,19.37463349368598,-7.985072888551868,113.44194229158558,248.58077809975046
2022-12-21 13:17:00,-8.15174221966553,114.440137832832,2.72,63.0,Banyuwangi,0.0,Aman,4.485938920672015,-7.985072888551868,113.44194229158558,248.58077809975046
2022-12-22 07:58:00,-8.02278419273056,112.579182672298,6.46,435.0,"Malang, Jawa Timur",0.2976758045292392,Aman,17.88534712811317,-7.985072888551868,113.44194229158558,248.58077809975046
2022-12-22 13:04:00,-8.073131956758,113.125577993242,5.91,517.0,"Laut Selatan Jawa, Barat Daya Lumajang",0.5971536093016144,Aman,16.941381949761272,-7.985072888551868,113.44194229158558,248.58077809975046
2022-12-23 03:31:00,-8.15428123101619,113.135388436333,2.88,555.0,Lumajang,0.0,Aman,4.887522071561416,-7.985072888551868,113.44194229158558,248.58077809975046
2022-12-23 05:44:00,-7.02094459099222,112.998140742858,6.32,4.0,Laut Jawa Timur,0.025229745420833373,Aman,16.00849046066006,-7.985072888551868,113.44194229158558,248.58077809975046
2022-12-24 08:58:00,-7.81368740776632,113.210507879536,7.11,195.0,"Probolinggo, Jawa Timur",0.7738379022645927,Terdampak,23.359764792563702,-7.985072888551868,113.44194229158558,248.58077809975046
2022-12-24 09:42:00,-7.72010640223402,113.306851085113,4.84,216.0,"Probolinggo, Jawa Timur",0.34221425078437434,Aman,11.741169202705604,-7.985072888551868,113.44194229158558,248.58077809975046
2022-12-24 21:57:00,-7.60370300308607,112.84995067876,2.52,250.0,"Pasuruan, Jawa Timur",0.0,Aman,4.000375982329661,-7.985072888551868,113.44194229158558,248.58077809975046
2022-12-25 18:04:00,-7.69321217125073,112.941238461172,7.82,411.0,"Pasuruan, Jawa Timur",0.4451521240550637,Aman,24.788436746153444,-7.985072888551868,113.44194229158558,248.58077809975046
2022-12-26 04:32:00,-6.39595759682596,112.163905372134,2.41,192.0,Laut Jawa Timur,0.0,Aman,3.741326101798666,-7.985072888551868,113.44194229158558,248.58077809975046
2022-12-27 14:09:00,-8.11768085265054,113.148131609195,4.79,509.0,Lumajang,0.5953516090584313,Aman,12.355824390099599,-7.985072888551868,113.44194229158558,248.58077809975046
2022-12-28 00:55:00,-8.19454409595809,114.352805468094,3.71,478.0,Banyuwangi,0.0,Aman,7.1459646654598,-7.985072888551868,113.44194229158558,248.58077809975046
2022-12-28 07:14:00,-8.16975666306488,114.294572633174,6.5,354.0,"Banyuwangi, Jawa Timur",0.7738379022646341,Terdampak,20.4189826190815,-7.985072888551868,113.44194229158558,248.58077809975046
2022-12-28 07:56:00,-8.21662425865322,113.141559383336,3.64,543.0,Lumajang,0.17848629320620552,Aman,7.316536303574281,-7.985072888551868,113.44194229158558,248.58077809975046
2022-12-28 17:37:00,-8.2594514903644,114.335588821048,3.69,485.0,"Banyuwangi, Jawa Timur",0.0,Aman,7.088258530838163,-7.985072888551868,113.44194229158558,248.58077809975046
2022-12-28 17:57:00,-8.00440976739677,112.652482268075,4.4,653.0,"Malang, Jawa Timur",0.0,Aman,9.229517863897335,-7.985072888551868,113.44194229158558,248.58077809975046
2022-12-28 18:08:00,-7.84499315989236,113.252330866474,2.35,439.0,"Probolinggo, Jawa Timur",0.0,Aman,3.602481783437635,-7.985072888551868,113.44194229158558,248.58077809975046
2023-01-01 08:12:00,-7.69145337851973,113.122026187536,7.35,557.0,"Probolinggo, Jawa Timur",0.595351609058383,Aman,23.48548134548393,-7.985072888551868,113.44194229158558,248.58077809975046
2023-01-01 12:51:00,-8.11352513242511,113.171768624967,4.74,17.0,Lumajang,0.2139451728248197,Aman,10.982066132482341,-7.985072888551868,113.44194229158558,248.58077809975046
2023-01-03 00:49:00,-6.32306061318953,112.52143725573,3.73,342.0,Laut Jawa Timur,0.0,Aman,7.203826552603831,-7.985072888551868,113.44194229158558,248.58077809975046
2023-01-04 03:14:00,-7.69734179844494,113.395778806947,2.38,97.0,Laut Jawa Timur,0.0005662433897944412,Aman,3.6723088919262423,-7.985072888551868,113.44194229158558,248.58077809975046
2023-01-05 18:21:00,-8.13356061746198,114.275112720004,4.38,98.0,Banyuwangi,0.0,Aman,9.166660896967882,-7.985072888551868,113.44194229158558,248.58077809975046
2023-01-06 02:20:00,-7.71908623318013,113.227980894912,6.64,36.0,"Probolinggo, Jawa Timur",0.0,Aman,17.110083109090965,-7.985072888551868,113.44194229158558,248.58077809975046
2023-01-06 14:14:00,-8.15334753219975,113.13180648127,5.1,528.0,Lumajang,0.0,Aman,11.517421586448938,-7.985072888551868,113.44194229158558,248.58077809975046
2023-01-06 17:09:00,-8.13632845694594,113.238805661059,2.93,18.0,"Laut Selatan Jawa, Barat Daya Lumajang",0.0,Aman,5.0153521312067415,-7.985072888551868,113.44194229158558,248.58077809975046
2023-01-07 16:20:00,-8.28434765186852,114.385684119481,2.8,438.0,Banyuwangi,0.027031745664024946,Aman,4.723291668745626,-7.985072888551868,113.44194229158558,248.58077809975046
2023-01-07 17:49:00,-8.18415229572344,113.17436168804,2.4,644.0,"Laut Selatan Jawa, Barat Daya Lumajang",0.0005036511224429626,Aman,3.7186257944930623,-7.985072888551868,113.44194229158558,248.58077809975046
2023-01-07 20:31:00,-8.21143584501606,114.394806618733,2.48,110.0,"Banyuwangi, Jawa Timur",0.012614872710416844,Aman,3.9202881510391183,-7.985072888551868,113.44194229158558,248.58077809975046
2023-01-08 14:34:00,-7.65586178913659,113.286855222708,6.31,229.0,"Laut Jawa, Barat Daya Probolinggo",0.0,Aman,15.850539139095552,-7.985072888551868,113.44194229158558,248.58077809975046
2023-01-08 16:21:00,-8.13740711299734,114.29163830464,5.78,644.0,Banyuwangi,0.5953516090584332,Aman,16.37797540811192,-7.985072888551868,113.44194229158558,248.58077809975046
2023-01-08 16:38:00,-8.15988745566783,113.236467035554,5.71,534.0,"Laut Selatan Jawa, Barat Daya Lumajang",0.42081973350189517,Aman,15.36693991155041,-7.985072888551868,113.44194229158558,248.58077809975046
2023-01-08 23:45:00,-6.38367750054825,113.243721906268,3.11,488.0,Laut Jawa Timur,0.0,Aman,5.484544739538552,-7.985072888551868,113.44194229158558,248.58077809975046
2023-01-09 06:23:00,-6.65349258241636,112.308717755776,7.78,30.0,Laut Jawa Timur,0.0,Aman,21.700482759606988,-7.985072888551868,113.44194229158558,248.58077809975046
2023-01-09 23:14:00,-8.24500819052523,114.452110497394,7.43,503.0,"Banyuwangi, Jawa Timur",0.36186397878910703,Aman,22.451331825525394,-7.985072888551868,113.44194229158558,248.58077809975046
2023-01-10 16:23:00,-7.73905648536689,113.191284132311,7.9,146.0,"Probolinggo, Jawa Timur",0.31738245316337155,Aman,24.31867537536632,-7.985072888551868,113.44194229158558,248.58077809975046
2023-01-11 14:19:00,-7.64756237018644,112.991713485476,3.26,404.0,"Pasuruan, Jawa Timur",0.012614872710416844,Aman,5.9083589050774625,-7.985072888551868,113.44194229158558,248.58077809975046
2023-01-12 05:45:00,-6.51026421262615,112.108834754528,7.42,614.0,Laut Jawa Timur,0.0,Aman,20.211840292264334,-7.985072888551868,113.44194229158558,248.58077809975046
2023-01-12 06:42:00,-8.13548519019256,114.439262390018,6.74,459.0,Banyuwangi,0.21394517282483833,Aman,18.621145215739027,-7.985072888551868,113.44194229158558,248.58077809975046
2023-01-12 07:58:00,-8.19963407694753,113.236824684818,3.19,341.0,"Laut Selatan Jawa, Barat Daya Lumajang",0.0,Aman,5.697522180737868,-7.985072888551868,113.44194229158558,248.58077809975046
2023-01-12 08:17:00,-6.30335246680325,111.957452958822,7.27,212.0,Laut Jawa Timur,0.0,Aman,19.602055580984356,-7.985072888551868,113.44194229158558,248.58077809975046
2023-01-12 18:11:00,-7.66189468275016,113.230111470481,7.26,141.0,"Probolinggo, Jawa Timur",0.6002430014351103,Aman,23.084143652213108,-7.985072888551868,113.44194229158558,248.58077809975046
2023-01-12 22:23:00,-7.97087128944891,112.725806057114,2.5,462.0,"Malang, Jawa Timur",0.0,Aman,3.952847075210474,-7.985072888551868,113.44194229158558,248.58077809975046
2023-01-12 22:59:00,-7.58896353702768,112.970791484366,7.73,152.0,"Pasuruan, Jawa Timur",0.9683929441696871,Terdampak,27.73532555773546,-7.985072888551868,113.44194229158558,248.58077809975046
2023-01-13 12:58:00,-7.75121534747159,113.207647975565,5.68,181.0,"Laut Jawa, Barat Daya Probolinggo",0.5953516090583653,Aman,15.954785162109497,-7.985072888551868,113.44194229158558,248.58077809975046
2023-01-13 16:50:00,-8.08580878823731,113.222535594952,6.17,204.0,"Laut Selatan Jawa, Barat Daya Lumajang",0.2139451728248196,Aman,16.309636738248603,-7.985072888551868,113.44194229158558,248.58077809975046
2023-01-14 07:50:00,-8.15112971439871,114.407770313085,7.02,639.0,"Banyuwangi, Jawa Timur",0.5954954903552783,Aman,21.922497550978985,-7.985072888551868,113.44194229158558,248.58077809975046
2023-01-14 15:14:00,-8.29050430385832,114.460216811556,7.24,424.0,"Banyuwangi, Jawa Timur",0.00014388129687105004,Aman,19.481688499048655,-7.985072888551868,113.44194229158558,248.58077809975046
2023-01-14 17:07:00,-7.80246405620011,113.192730645052,2.44,130.0,"Probolinggo, Jawa Timur",0.0,Aman,3.8114018418424473,-7.985072888551868,113.44194229158558,248.58077809975046
2023-01-14 17:32:00,-8.24872586754357,114.329974761448,2.17,51.0,Banyuwangi,0.0,Aman,3.1966096101964028,-7.985072888551868,113.44194229158558,248.58077809975046
2023-01-15 00:53:00,-8.18751026056578,114.27100853862,3.88,294.0,"Banyuwangi, Jawa Timur",0.0,Aman,7.642713654193777,-7.985072888551868,113.44194229158558,248.58077809975046
2023-01-15 03:59:00,-8.2170812582139,113.246833835237,4.16,630.0,Lumajang,0.0,Aman,8.484768470618395,-7.985072888551868,113.44194229158558,248.58077809975046
2023-01-15 15:37:00,-6.32372112722474,111.97341834916,7.87,362.0,Laut Jawa Timur,0.0,Aman,22.078120458952117,-7.985072888551868,113.44194229158558,248.58077809975046
2023-01-15 22:55:00,-8.0197126822202,112.727899589868,3.97,487.0,"Malang, Jawa Timur",0.0,Aman,7.910168961532997,-7.985072888551868,113.44194229158558,248.58077809975046
2023-01-16 00:53:00,-8.00883748746334,112.66526642203,4.29,289.0,"Malang, Jawa Timur",0.0,Aman,8.885583211022222,-7.985072888551868,113.44194229158558,248.58077809975046
2023-01-16 04:02:00,-7.76930232694886,113.14992611019,6.12,246.0,"Probolinggo, Jawa Timur",0.2983139885674969,Aman,16.49498991831259,-7.985072888551868,113.44194229158558,248.58077809975046
2023-01-17 03:11:00,-7.97067468738401,112.719199729067,3.52,298.0,"Malang, Jawa Timur",0.004522392424823778,Aman,6.613065296687703,-7.985072888551868,113.44194229158558,248.58077809975046
2023-01-17 09:19:00,-7.66710146428036,113.21849028251,6.81,219.0,"Laut Jawa, Barat Daya Probolinggo",0.60024300143508,Aman,20.97150049751557,-7.985072888551868,113.44194229158558,248.58077809975046
2023-01-17 23:31:00,-7.69912764730422,113.240195111671,6.94,247.0,"Probolinggo, Jawa Timur",0.7023241954707852,Aman,22.1347573142333,-7.985072888551868,113.44194229158558,248.58077809975046
2023-01-18 10:11:00,-7.61370475340838,112.871309493885,5.85,368.0,"Pasuruan, Jawa Timur",0.0006381840382298603,Aman,14.151971298278971,-7.985072888551868,113.44194229158558,248.58077809975046
2023-01-19 03:16:00,-8.18441255649397,113.169824419369,4.26,301.0,"Laut Selatan Jawa, Barat Daya Lumajang",0.0,Aman,8.792540929674423,-7.985072888551868,113.44194229158558,248.58077809975046
2023-01-19 10:03:00,-8.08591382467796,113.173331829587,5.01,287.0,Lumajang,0.10321680609436522,Aman,11.5611364825598,-7.985072888551868,113.44194229158558,248.58077809975046
2023-01-19 19:40:00,-7.99482800645844,112.687533787207,7.55,0.0,"Malang, Jawa Timur",1.0,Terdampak,26.968933956498912,-7.985072888551868,113.44194229158558,248.58077809975046
2023-01-20 01:09:00,-8.03101208376807,112.57655606722,2.62,204.0,"Malang, Jawa Timur",0.0,Aman,4.240840482734526,-7.985072888551868,113.44194229158558,248.58077809975046
2023-01-20 03:14:00,-8.0408477846919,113.19969508148,2.23,205.0,Lumajang,0.0,Aman,3.3301001486441817,-7.985072888551868,113.44194229158558,248.58077809975046
2023-01-20 12:27:00,-8.26781484100667,114.28307062051,7.89,13.0,Banyuwangi,0.7023961361192853,Aman,26.832355895358905,-7.985072888551868,113.44194229158558,248.58077809975046
2023-01-20 12:50:00,-7.98444238926834,113.132820385202,5.78,377.0,Laut Jawa Timur,0.0,Aman,13.896062463878033,-7.985072888551868,113.44194229158558,248.58077809975046
2023-01-20 20:11:00,-7.60243160710721,113.421923938338,6.73,126.0,Laut Jawa Timur,0.0,Aman,17.459129903864053,-7.985072888551868,113.44194229158558,248.58077809975046
2023-01-21 01:38:00,-7.70206307808531,113.27234603377,6.88,225.0,"Probolinggo, Jawa Timur",0.5953516090583872,Aman,21.26919800863949,-7.985072888551868,113.44194229158558,248.58077809975046
2023-01-21 02:54:00,-7.86795079621525,112.657639435497,7.54,545.0,"Malang, Jawa Timur",0.052494161206349026,Aman,21.030185374417037,-7.985072888551868,113.44194229158558,248.58077809975046
2023-01-21 11:02:00,-7.61125391756459,112.994441169755,2.25,274.0,"Pasuruan, Jawa Timur",0.00746694076786693,Aman,3.3825602775274652,-7.985072888551868,113.44194229158558,248.58077809975046
2023-01-21 19:01:00,-7.90666751450611,112.582445073072,7.92,169.0,"Malang, Jawa Timur",0.46451141621462205,Aman,25.3948840674854,-7.985072888551868,113.44194229158558,248.58077809975046
2023-01-22 21:18:00,-7.71124467130416,113.300461522209,7.22,171.0,"Laut Jawa, Barat Daya Probolinggo",0.06384714708949495,Aman,19.771775524019098,-7.985072888551868,113.44194229158558,248.58077809975046
2023-01-23 15:58:00,-7.78154576412437,113.177763806802,4.56,220.0,"Probolinggo, Jawa Timur",0.0,Aman,9.737495365852554,-7.985072888551868,113.44194229158558,248.58077809975046
2023-01-24 06:17:00,-7.67635741568679,113.150887735526,3.39,392.0,"Laut Jawa, Barat Daya Probolinggo",0.03192357354474192,Aman,6.301428695268078,-7.985072888551868,113.44194229158558,248.58077809975046
2023-01-24 19:27:00,-7.82071182859452,113.264423539773,6.15,323.0,"Laut Jawa, Barat Daya Probolinggo",0.7023241954708576,Aman,18.46495411224755,-7.985072888551868,113.44194229158558,248.58077809975046
2023-01-26 08:46:00,-7.84631197158514,113.200654626684,4.99,404.0,"Probolinggo, Jawa Timur",0.0,Aman,11.14681564394065,-7.985072888551868,113.44194229158558,248.58077809975046
2023-01-27 09:17:00,-8.00974903154735,112.596979602385,4.85,78.0,"Malang, Jawa Timur",0.0,Aman,10.68101703958944,-7.985072888551868,113.44194229158558,248.58077809975046
2023-01-27 12:46:00,-7.75905785000548,113.217506621227,2.88,67.0,"Probolinggo, Jawa Timur",0.031923573544744885,Aman,4.934330222652332,-7.985072888551868,113.44194229158558,248.58077809975046
2023-01-28 09:38:00,-8.12178095397339,113.23105396713,6.87,301.0,"Laut Selatan Jawa, Barat Daya Lumajang",0.47616209773544543,Aman,20.57897868517403,-7.985072888551868,113.44194229158558,248.58077809975046
2023-01-28 18:45:00,-7.65704836550547,113.145529259476,5.2,621.0,"Probolinggo, Jawa Timur",0.0036040004863827223,Aman,11.870645102525286,-7.985072888551868,113.44194229158558,248.58077809975046
2023-02-01 16:04:00,-8.30784148664667,114.407271921568,6.98,481.0,"Banyuwangi, Jawa Timur",0.001020188033212532,Aman,18.446587328738627,-7.985072888551868,113.44194229158558,248.58077809975046
2023-02-01 22:53:00,-8.08532152960441,113.157022610484,3.57,587.0,Lumajang,0.0,Aman,6.7453163750857525,-7.985072888551868,113.44194229158558,248.58077809975046
2023-02-02 05:29:00,-8.164352299936,113.204701436882,2.26,286.0,Lumajang,0.2961209705733062,Aman,3.6993485000340174,-7.985072888551868,113.44194229158558,248.58077809975046
2023-02-03 02:18:00,-7.97662747824444,112.591368736595,6.11,662.0,"Malang, Jawa Timur",0.0,Aman,15.102951069244714,-7.985072888551868,113.44194229158558,248.58077809975046
2023-02-03 06:14:00,-8.06497875696779,112.533107660894,6.22,44.0,"Malang, Jawa Timur",0.0,Aman,15.512635108194868,-7.985072888551868,113.44194229158558,248.58077809975046
2023-02-03 09:20:00,-8.21603224518652,113.269703576303,7.41,389.0,"Laut Selatan Jawa, Barat Daya Lumajang",0.007208000972765868,Aman,20.214612311119726,-7.985072888551868,113.44194229158558,248.58077809975046
2023-02-03 10:07:00,-7.67555222554112,113.211454410711,5.32,569.0,"Laut Jawa, Barat Daya Probolinggo",0.0,Aman,12.270646600729728,-7.985072888551868,113.44194229158558,248.58077809975046
2023-02-04 03:58:00,-7.99506208002966,112.69395059595,7.94,484.0,"Malang, Jawa Timur",1.0,Terdampak,29.08533738776293,-7.985072888551868,113.44194229158558,248.58077809975046
2023-02-04 09:34:00,-7.86892678861137,112.671183391391,2.89,398.0,"Malang, Jawa Timur",0.0,Aman,4.913,-7.985072888551868,113.44194229158558,248.58077809975046
2023-02-06 00:46:00,-8.07168415940387,113.208611509319,6.81,348.0,Lumajang,0.5953516090584164,Aman,20.945422488871362,-7.985072888551868,113.44194229158558,248.58077809975046
2023-02-06 01:55:00,-7.72025234152094,113.18770958599,7.29,589.0,"Laut Jawa, Barat Daya Probolinggo",0.11200786008595588,Aman,20.34439521302156,-7.985072888551868,113.44194229158558,248.58077809975046
2023-02-06 07:09:00,-8.268214679117,114.3621095792,6.86,612.0,Banyuwangi,0.0011324867795887766,Aman,17.97354313734993,-7.985072888551868,113.44194229158558,248.58077809975046
2023-02-06 12:44:00,-6.68052984467302,112.094994340049,7.96,348.0,Laut Jawa Timur,0.0,Aman,22.457923679628088,-7.985072888551868,113.44194229158558,248.58077809975046
2023-02-07 18:10:00,-7.69756280694012,112.921427292127,4.07,416.0,"Pasuruan, Jawa Timur",0.0,Aman,8.21091608774563,-7.985072888551868,113.44194229158558,248.58077809975046
2023-02-08 08:17:00,-6.75243933859247,111.940825175268,5.65,219.0,Laut Jawa Timur,0.0,Aman,13.429896686125327,-7.985072888551868,113.44194229158558,248.58077809975046
2023-02-08 13:58:00,-8.19261954342338,113.266949523089,6.92,483.0,"Laut Selatan Jawa, Barat Daya Lumajang",0.5953516090584048,Aman,21.45495454337629,-7.985072888551868,113.44194229158558,248.58077809975046
2023-02-08 18:46:00,-7.96047190831559,112.624526748332,4.19,494.0,"Malang, Jawa Timur",0.0,Aman,8.576716096502205,-7.985072888551868,113.44194229158558,248.58077809975046
2023-02-08 19:53:00,-7.67187894628826,113.239447251341,3.03,477.0,"Probolinggo, Jawa Timur",0.0,Aman,5.27428924121535,-7.985072888551868,113.44194229158558,248.58077809975046
2023-02-09 01:50:00,-8.22118634608249,114.35455689516,4.87,0.0,Banyuwangi,0.965011008829702,Terdampak,13.85848961120969,-7.985072888551868,113.44194229158558,248.58077809975046
2023-02-09 23:00:00,-8.19390449586739,113.150906606229,4.6,106.0,Lumajang,0.0,Aman,9.865900871182518,-7.985072888551868,113.44194229158558,248.58077809975046
2023-02-10 01:32:00,-7.57918179369164,112.822202717165,5.33,440.0,"Pasuruan, Jawa Timur",0.21394517282483747,Aman,13.095055869712693,-7.985072888551868,113.44194229158558,248.58077809975046
2023-02-10 08:10:00,-7.71569151238183,113.217310376395,2.78,68.0,"Laut Jawa, Barat Daya Probolinggo",0.0,Aman,4.635186296148192,-7.985072888551868,113.44194229158558,248.58077809975046
2023-02-10 20:29:00,-7.68828444631823,113.277110448226,7.41,49.0,"Probolinggo, Jawa Timur",0.8930274135875895,Terdampak,25.57496987346434,-7.985072888551868,113.44194229158558,248.58077809975046
2023-02-11 09:57:00,-8.17894647328537,114.274872422993,6.36,508.0,Banyuwangi,0.02522974542083369,Aman,16.160710021051386,-7.985072888551868,113.44194229158558,248.58077809975046
2023-02-11 18:48:00,-8.10549350934062,113.155594812124,5.38,641.0,Lumajang,0.0011324867795886706,Aman,12.483056559663499,-7.985072888551868,113.44194229158558,248.58077809975046
2023-02-12 00:52:00,-7.73116923307654,113.276788224853,6.78,242.0,"Probolinggo, Jawa Timur",0.36186397878912147,Aman,19.570567928299816,-7.985072888551868,113.44194229158558,248.58077809975046
2023-02-13 00:40:00,-7.70851804993513,113.149983640412,7.8,321.0,"Laut Jawa, Barat Daya Probolinggo",0.0,Aman,21.784214468279547,-7.985072888551868,113.44194229158558,248.58077809975046
2023-02-13 03:54:00,-7.62471207824733,113.00226307862,3.31,345.0,"Pasuruan, Jawa Timur",0.0,Aman,6.0220171869565435,-7.985072888551868,113.44194229158558,248.58077809975046
2023-02-14 14:18:00,-7.88821196252176,112.655202347795,7.17,356.0,"Malang, Jawa Timur",0.05249416120634437,Aman,19.50135622836825,-7.985072888551868,113.44194229158558,248.58077809975046
2023-02-14 14:36:00,-8.1945443402985,113.232830530416,6.32,32.0,"Laut Selatan Jawa, Barat Daya Lumajang",0.897918805964291,Terdampak,20.16813676571459,-7.985072888551868,113.44194229158558,248.58077809975046
2023-02-15 04:40:00,-7.75879323009776,113.309733935322,6.94,376.0,"Laut Jawa, Barat Daya Probolinggo",0.0,Aman,18.282652542779456,-7.985072888551868,113.44194229158558,248.58077809975046
2023-02-15 06:55:00,-8.0273919511719,112.290438406288,7.64,416.0,Laut Jawa Timur,0.0,Aman,21.117380140538266,-7.985072888551868,113.44194229158558,248.58077809975046
2023-02-15 18:06:00,-8.23307744051383,113.22643264045,5.54,2.0,Lumajang,0.5836045725960611,Aman,15.322604385454206,-7.985072888551868,113.44194229158558,248.58077809975046
2023-02-15 23:08:00,-7.58885746770139,112.907152444135,4.21,302.0,"Pasuruan, Jawa Timur",0.1764116332737893,Aman,9.095361360597174,-7.985072888551868,113.44194229158558,248.58077809975046
2023-02-16 06:55:00,-8.22213078212624,113.268355370845,2.41,558.0,Lumajang,0.0,Aman,3.741326101798666,-7.985072888551868,113.44194229158558,248.58077809975046
2023-02-17 03:33:00,-7.78877202270042,113.225394853626,7.03,376.0,"Laut Jawa, Barat Daya Probolinggo",0.3587745866556237,Aman,20.64565326044724,-7.985072888551868,113.44194229158558,248.58077809975046
2023-02-17 09:30:00,-7.91459379542306,112.717060679972,4.97,361.0,"Malang, Jawa Timur",0.0,Aman,11.079867914375152,-7.985072888551868,113.44194229158558,248.58077809975046
2023-02-17 15:28:00,-7.66721094928808,113.115125857963,4.9,186.0,"Laut Jawa, Barat Daya Probolinggo",0.0,Aman,10.846612374377543,-7.985072888551868,113.44194229158558,248.58077809975046
2023-02-17 16:51:00,-7.80422009900603,113.305749915374,3.44,122.0,"Laut Jawa, Barat Daya Probolinggo",0.0,Aman,6.3802495249010445,-7.985072888551868,113.44194229158558,248.58077809975046
2023-02-18 02:16:00,-7.87550451525106,112.653500684226,5.86,14.0,"Malang, Jawa Timur",0.052494161206349026,Aman,14.408955698721876,-7.985072888551868,113.44194229158558,248.58077809975046
2023-02-18 12:58:00,-7.8235661406672,113.166431526732,4.88,55.0,"Laut Jawa, Barat Daya Probolinggo",0.0036040004863831456,Aman,10.791927984815588,-7.985072888551868,113.44194229158558,248.58077809975046
2023-02-19 02:16:00,-8.31161588500167,114.347621142026,3.85,405.0,"Banyuwangi, Jawa Timur",0.0,Aman,7.554245495084205,-7.985072888551868,113.44194229158558,248.58077809975046
2023-02-19 08:10:00,-8.15020381062607,114.387633856892,5.48,503.0,Banyuwangi,0.35697258641243207,Aman,14.20216200385095,-7.985072888551868,113.44194229158558,248.58077809975046
2023-02-19 15:24:00,-8.17208614010367,113.15328113257,7.24,305.0,"Laut Selatan Jawa, Barat Daya Lumajang",0.7990676476854084,Terdampak,24.15080214499113,-7.985072888551868,113.44194229158558,248.58077809975046
2023-02-19 20:02:00,-8.27959971147036,114.408059519415,6.94,104.0,Banyuwangi,0.5953516090583784,Aman,21.548034525539155,-7.985072888551868,113.44194229158558,248.58077809975046
2023-02-19 22:54:00,-7.98413757270629,112.565630887242,5.6,352.0,"Malang, Jawa Timur",0.0,Aman,13.252018714143139,-7.985072888551868,113.44194229158558,248.58077809975046
2023-02-20 16:17:00,-8.30338634593835,114.385956066349,2.9,514.0,"Banyuwangi, Jawa Timur",0.0,Aman,4.938522046118656,-7.985072888551868,113.44194229158558,248.58077809975046
2023-02-22 03:36:00,-8.13218477796036,114.299352925636,7.69,577.0,"Banyuwangi, Jawa Timur",0.5971536093015769,Aman,25.145317420175488,-7.985072888551868,113.44194229158558,248.58077809975046
2023-02-22 05:46:00,-8.23309486318512,114.35639417611,2.24,625.0,"Banyuwangi, Jawa Timur",0.0,Aman,3.352525018549452,-7.985072888551868,113.44194229158558,248.58077809975046
2023-02-22 20:32:00,-8.27890813249076,114.458768623081,7.08,571.0,Banyuwangi,0.60024300143509,Aman,22.230985926308087,-7.985072888551868,113.44194229158558,248.58077809975046
2023-02-23 20:22:00,-7.64363442584851,112.951643292222,6.13,534.0,"Pasuruan, Jawa Timur",0.0,Aman,15.177166962249576,-7.985072888551868,113.44194229158558,248.58077809975046
2023-02-25 11:12:00,-8.23619285464644,114.293367315881,2.13,644.0,Banyuwangi,0.0,Aman,3.108632657616528,-7.985072888551868,113.44194229158558,248.58077809975046
2023-02-25 18:37:00,-8.26948490722966,114.380528121815,6.51,181.0,Banyuwangi,0.3618639787891458,Aman,18.41324665956074,-7.985072888551868,113.44194229158558,248.58077809975046
2023-02-25 23:38:00,-8.28632002252742,114.462400205683,3.88,564.0,Banyuwangi,0.03192357354474192,Aman,7.715908473620094,-7.985072888551868,113.44194229158558,248.58077809975046
2023-02-26 23:12:00,-7.99363969449151,112.342817456141,6.29,16.0,Laut Jawa Timur,0.0,Aman,15.775239744612442,-7.985072888551868,113.44194229158558,248.58077809975046
2023-02-27 04:01:00,-8.28624852566149,114.287526254233,5.91,478.0,Banyuwangi,0.0,Aman,14.367500513311285,-7.985072888551868,113.44194229158558,248.58077809975046
2023-02-27 17:26:00,-7.72810653638653,112.918758192904,4.46,454.0,"Pasuruan, Jawa Timur",0.0,Aman,9.418945588546523,-7.985072888551868,113.44194229158558,248.58077809975046
2023-02-27 19:11:00,-8.28677377559544,114.440583693117,2.81,250.0,Banyuwangi,0.0,Aman,4.710418346601499,-7.985072888551868,113.44194229158558,248.58077809975046
2023-03-02 09:25:00,-7.66053848015277,112.999560430031,2.26,538.0,"Pasuruan, Jawa Timur",0.0,Aman,3.397524981512277,-7.985072888551868,113.44194229158558,248.58077809975046
2023-03-03 02:44:00,-8.0637105660979,112.565644432131,6.98,598.0,"Malang, Jawa Timur",0.025229745420833585,Aman,18.58052145170404,-7.985072888551868,113.44194229158558,248.58077809975046
2023-03-03 05:55:00,-8.12663322469703,113.186816092247,6.92,201.0,"Laut Selatan Jawa, Barat Daya Lumajang",0.17848629320623727,Aman,19.178409965873577,-7.985072888551868,113.44194229158558,248.58077809975046
2023-03-03 14:28:00,-7.7109702473573,113.239096550118,7.62,412.0,"Laut Jawa, Barat Daya Probolinggo",0.905642286298035,Terdampak,26.749436056838537,-7.985072888551868,113.44194229158558,248.58077809975046
2023-03-03 22:13:00,-8.1474449921314,113.310448270712,2.04,530.0,Lumajang,0.004891392376683555,Aman,2.917978417942941,-7.985072888551868,113.44194229158558,248.58077809975046
2023-03-04 13:34:00,-8.04153203377006,112.537962269359,5.12,229.0,"Malang, Jawa Timur",0.06384714708948966,Aman,11.807142811835849,-7.985072888551868,113.44194229158558,248.58077809975046
2023-03-04 17:00:00,-8.19030460348882,113.133805231206,2.04,428.0,Lumajang,0.2976758045292142,Aman,3.1739044462870885,-7.985072888551868,113.44194229158558,248.58077809975046
2023-03-04 18:45:00,-7.69465636542311,113.268509429795,2.38,597.0,"Probolinggo, Jawa Timur",0.0,Aman,3.6716851716888796,-7.985072888551868,113.44194229158558,248.58077809975046
2023-03-04 20:20:00,-8.03389914032388,113.26663075596,7.19,647.0,"Laut Selatan Jawa, Barat Daya Lumajang",0.0005662433897944412,Aman,19.282667129162267,-7.985072888551868,113.44194229158558,248.58077809975046
2023-03-04 23:55:00,-8.12006185852739,114.381205136736,5.53,323.0,"Banyuwangi, Jawa Timur",0.0,Aman,13.004321474033162,-7.985072888551868,113.44194229158558,248.58077809975046
2023-03-05 20:25:00,-7.67961023685904,113.233174059373,5.23,546.0,"Laut Jawa, Barat Daya Probolinggo",0.595351609058451,Aman,14.096814676802202,-7.985072888551868,113.44194229158558,248.58077809975046
2023-03-05 20:28:00,-8.27243656131872,114.327291643729,5.92,698.0,Banyuwangi,0.013181116100208957,Aman,14.460939838162354,-7.985072888551868,113.44194229158558,248.58077809975046
2023-03-06 07:01:00,-7.82880612000569,113.258612691776,2.41,223.0,"Probolinggo, Jawa Timur",0.0,Aman,3.741326101798666,-7.985072888551868,113.44194229158558,248.58077809975046
2023-03-08 14:26:00,-7.72758724342297,113.192882926964,3.71,211.0,"Probolinggo, Jawa Timur",0.0,Aman,7.1459646654598,-7.985072888551868,113.44194229158558,248.58077809975046
2023-03-08 23:23:00,-7.73267564364072,113.27725762522,7.92,413.0,"Probolinggo, Jawa Timur",0.5530370853541627,Aman,25.986824826797058,-7.985072888551868,113.44194229158558,248.58077809975046
2023-03-09 04:23:00,-7.6592151872617,112.810260798524,4.26,625.0,"Pasuruan, Jawa Timur",0.0,Aman,8.792540929674423,-7.985072888551868,113.44194229158558,248.58077809975046
2023-03-09 10:38:00,-8.27884947009175,114.427218841779,7.87,51.0,Banyuwangi,0.6002430014350669,Aman,26.053791646050033,-7.985072888551868,113.44194229158558,248.58077809975046
2023-03-09 11:58:00,-7.7558417597762,113.207297243659,4.41,537.0,"Laut Jawa, Barat Daya Probolinggo",0.5953516090583959,Aman,10.915065375446943,-7.985072888551868,113.44194229158558,248.58077809975046
2023-03-09 20:38:00,-8.24743970852775,114.320676473945,6.98,279.0,"Banyuwangi, Jawa Timur",0.0010184901362632328,Aman,18.446577935492186,-7.985072888551868,113.44194229158558,248.58077809975046
2023-03-11 21:34:00,-7.73733027994172,113.235764820032,5.67,103.0,"Laut Jawa, Barat Daya Probolinggo",0.5953516090584209,Aman,15.912669596755213,-7.985072888551868,113.44194229158558,248.58077809975046
2023-03-12 06:00:00,-7.6870816449962,113.15020312499,6.31,484.0,"Probolinggo, Jawa Timur",0.35697258641244245,Aman,17.548001524849926,-7.985072888551868,113.44194229158558,248.58077809975046
2023-03-12 08:52:00,-6.70853188163909,112.500120755304,4.06,62.0,Laut Jawa Timur,0.0,Aman,8.180673321921612,-7.985072888551868,113.44194229158558,248.58077809975046
2023-03-12 09:14:00,-6.59855559877431,112.64434057424,3.24,237.0,Laut Jawa Timur,0.0,Aman,5.832000000000001,-7.985072888551868,113.44194229158558,248.58077809975046
2023-03-12 21:29:00,-8.15034841978444,113.176041518717,3.55,637.0,Lumajang,0.02522974542083369,Aman,6.7393388610256455,-7.985072888551868,113.44194229158558,248.58077809975046
2023-03-13 00:26:00,-7.61023342806748,112.889686035286,7.3,528.0,"Pasuruan, Jawa Timur",0.35753882980222734,Aman,21.839090508001167,-7.985072888551868,113.44194229158558,248.58077809975046
2023-03-13 16:40:00,-7.62514429056094,112.803703500287,4.87,2.0,"Pasuruan, Jawa Timur",0.21401711347325522,Aman,11.43717566602636,-7.985072888551868,113.44194229158558,248.58077809975046
2023-03-14 02:01:00,-7.68613574211112,113.124768861506,3.31,595.0,"Laut Jawa, Barat Daya Probolinggo",0.0,Aman,6.0220171869565435,-7.985072888551868,113.44194229158558,248.58077809975046
2023-03-14 02:44:00,-7.57193881581503,112.934614523637,7.04,53.0,"Pasuruan, Jawa Timur",0.7738379022646507,Terdampak,23.01563985721464,-7.985072888551868,113.44194229158558,248.58077809975046
2023-03-14 21:52:00,-8.02989415969929,112.584694150089,4.5,430.0,"Malang, Jawa Timur",0.0,Aman,9.545941546018392,-7.985072888551868,113.44194229158558,248.58077809975046
2023-03-15 07:21:00,-8.2653268821435,114.344719533917,5.13,462.0,"Banyuwangi, Jawa Timur",0.0,Aman,11.619195195881684,-7.985072888551868,113.44194229158558,248.58077809975046
2023-03-16 04:22:00,-7.91749603392189,112.671248485847,7.96,43.0,"Malang, Jawa Timur",0.5953516090583975,Aman,26.469031979261267,-7.985072888551868,113.44194229158558,248.58077809975046
2023-03-16 10:07:00,-7.64243564254903,112.871603654675,6.83,52.0,"Pasuruan, Jawa Timur",0.4640432797715323,Aman,20.334616282927435,-7.985072888551868,113.44194229158558,248.58077809975046
2023-03-18 06:35:00,-8.1220723211167,114.278611271626,6.27,90.0,Banyuwangi,0.0,Aman,15.700059968038337,-7.985072888551868,113.44194229158558,248.58077809975046
2023-03-18 18:53:00,-8.12090691272434,113.151274187693,6.88,511.0,Lumajang,0.5953516090583798,Aman,21.26919800863945,-7.985072888551868,113.44194229158558,248.58077809975046
2023-03-18 19:47:00,-8.2594043325682,114.321950813963,5.16,183.0,"Banyuwangi, Jawa Timur",0.001020188033212532,Aman,11.724854194576675,-7.985072888551868,113.44194229158558,248.58077809975046
2023-03-19 07:25:00,-7.5802162277372,112.812513257744,5.64,637.0,"Pasuruan, Jawa Timur",0.2139451728248196,Aman,14.253948918904182,-7.985072888551868,113.44194229158558,248.58077809975046
2023-03-19 11:10:00,-7.80623583106449,113.239386844825,4.86,142.0,"Laut Jawa, Barat Daya Probolinggo",0.2976758045292142,Aman,11.670863790487777,-7.985072888551868,113.44194229158558,248.58077809975046
2023-03-19 11:14:00,-6.72582776737579,113.286892176113,7.46,477.0,Laut Jawa Timur,0.009782784753369016,Aman,20.43529715794699,-7.985072888551868,113.44194229158558,248.58077809975046
2023-03-19 11:27:00,-7.61713495114739,112.98549838897,2.03,369.0,"Pasuruan, Jawa Timur",0.0,Aman,2.892304790301326,-7.985072888551868,113.44194229158558,248.58077809975046
2023-03-19 18:09:00,-7.56971171669668,112.934361505538,2.71,458.0,"Pasuruan, Jawa Timur",0.0,Aman,4.461223038584823,-7.985072888551868,113.44194229158558,248.58077809975046
2023-03-20 06:34:00,-8.17754974068929,114.310877002064,2.8,170.0,"Banyuwangi, Jawa Timur",0.0,Aman,4.685296148590822,-7.985072888551868,113.44194229158558,248.58077809975046
2023-03-20 10:26:00,-7.57165990686013,112.924439506642,6.54,600.0,"Pasuruan, Jawa Timur",0.0,Aman,16.725019103128105,-7.985072888551868,113.44194229158558,248.58077809975046
2023-03-21 05:03:00,-8.16853881853157,113.249078603885,2.6,42.0,"Laut Selatan Jawa, Barat Daya Lumajang",0.0,Aman,4.192374029115246,-7.985072888551868,113.44194229158558,248.58077809975046
2023-03-21 07:12:00,-7.71724177043929,112.936354868165,6.16,472.0,"Pasuruan, Jawa Timur",0.44515212405505816,Aman,17.330459510294673,-7.985072888551868,113.44194229158558,248.58077809975046
2023-03-21 11:58:00,-7.68224571451982,113.146951752574,4.73,45.0,"Laut Jawa, Barat Daya Probolinggo",0.35697258641243335,Aman,11.388731015881225,-7.985072888551868,113.44194229158558,248.58077809975046
2023-03-21 22:33:00,-8.15165713034496,114.305971870477,7.88,484.0,Banyuwangi,0.5953516090583835,Aman,26.07100562167853,-7.985072888551868,113.44194229158558,248.58077809975046
2023-03-22 23:31:00,-8.20621764481133,113.133250759745,3.68,211.0,"Laut Selatan Jawa, Barat Daya Lumajang",0.0,Aman,7.059464002316323,-7.985072888551868,113.44194229158558,248.58077809975046
2023-03-23 09:54:00,-7.81883398283762,113.306383364706,2.73,293.0,"Probolinggo, Jawa Timur",0.0,Aman,4.510700278227318,-7.985072888551868,113.44194229158558,248.58077809975046
2023-03-24 01:41:00,-7.90324703317817,112.666853639457,5.38,278.0,"Malang, Jawa Timur",0.0,Aman,12.478816931103685,-7.985072888551868,113.44194229158558,248.58077809975046
2023-03-24 03:53:00,-8.20133751765656,113.135895436686,7.14,152.0,"Laut Selatan Jawa, Barat Daya Lumajang",0.21394517282481948,Aman,20.303170410353456,-7.985072888551868,113.44194229158558,248.58077809975046
2023-03-24 12:18:00,-7.13564210363948,111.842536683746,6.57,305.0,Laut Jawa Timur,0.0,Aman,16.840231382020853,-7.985072888551868,113.44194229158558,248.58077809975046
2023-03-24 12:27:00,-7.77782787484796,113.201736564385,4.08,447.0,"Probolinggo, Jawa Timur",0.004891392376684508,Aman,8.253289306733793,-7.985072888551868,113.44194229158558,248.58077809975046
2023-03-25 07:31:00,-7.7038127636492,112.870237447295,2.58,662.0,"Pasuruan, Jawa Timur",0.17848629320621293,Aman,4.365992801409597,-7.985072888551868,113.44194229158558,248.58077809975046
2023-03-25 14:08:00,-8.22206851398856,114.303123473757,5.12,356.0,"Banyuwangi, Jawa Timur",0.0,Aman,11.585237502960394,-7.985072888551868,113.44194229158558,248.58077809975046
2023-03-25 16:37:00,-7.71286058087296,113.222052253444,5.41,460.0,"Probolinggo, Jawa Timur",0.0,Aman,12.583339024281274,-7.985072888551868,113.44194229158558,248.58077809975046
2023-03-25 23:30:00,-7.73972257135154,113.281104993531,5.73,325.0,"Laut Jawa, Barat Daya Probolinggo",0.00014388129687105004,Aman,13.71673279614499,-7.985072888551868,113.44194229158558,248.58077809975046
2023-03-27 10:33:00,-8.12147755081433,114.289728612508,2.22,669.0,Banyuwangi,7.194064843552502e-05,Aman,3.3077968904920474,-7.985072888551868,113.44194229158558,248.58077809975046
2023-03-28 01:44:00,-7.71068576340969,112.96571769114,6.38,447.0,"Pasuruan, Jawa Timur",0.5953516090584215,Aman,18.993258327558866,-7.985072888551868,113.44194229158558,248.58077809975046
2023-03-28 08:42:00,-8.1530730340643,114.317290432337,2.66,696.0,Banyuwangi,0.0,Aman,4.338328710459824,-7.985072888551868,113.44194229158558,248.58077809975046
2023-03-28 18:23:00,-7.93767427088981,112.53813689279,7.06,103.0,"Malang, Jawa Timur",0.0,Aman,18.758886320888028,-7.985072888551868,113.44194229158558,248.58077809975046
2023-03-28 18:32:00,-7.69377383580801,113.136478173474,5.04,670.0,"Probolinggo, Jawa Timur",0.0,Aman,11.314771937604398,-7.985072888551868,113.44194229158558,248.58077809975046
2023-04-01 10:58:00,-7.66058866205857,113.117750194796,3.26,63.0,"Probolinggo, Jawa Timur",0.0,Aman,5.886083247797298,-7.985072888551868,113.44194229158558,248.58077809975046
2023-04-01 22:37:00,-8.18448551844887,113.117999628743,3.64,397.0,"Laut Selatan Jawa, Barat Daya Lumajang",0.0,Aman,6.944677386315365,-7.985072888551868,113.44194229158558,248.58077809975046
2023-04-02 11:40:00,-8.21463095190425,113.193396760322,6.84,248.0,Lumajang,0.02522974542083136,Aman,18.024321143096333,-7.985072888551868,113.44194229158558,248.58077809975046
2023-04-02 22:57:00,-7.6593570571258,113.249098319975,7.65,467.0,"Laut Jawa, Barat Daya Probolinggo",0.3295993780740002,Aman,23.251038117590344,-7.985072888551868,113.44194229158558,248.58077809975046
2023-04-03 06:21:00,-8.00387859952538,112.567379303607,6.06,8.0,"Malang, Jawa Timur",0.001132486779588459,Aman,14.923011065494634,-7.985072888551868,113.44194229158558,248.58077809975046
2023-04-03 19:31:00,-7.06172760070764,112.267655953379,5.79,377.0,Laut Jawa Timur,0.0,Aman,13.932140503167487,-7.985072888551868,113.44194229158558,248.58077809975046
2023-04-04 03:49:00,-8.27675552682625,114.284719690841,3.77,194.0,Banyuwangi,0.595351609058407,Aman,8.627410891332353,-7.985072888551868,113.44194229158558,248.58077809975046
2023-04-05 20:26:00,-7.58252320971084,112.958230683918,4.11,607.0,"Pasuruan, Jawa Timur",0.0,Aman,8.332258457345164,-7.985072888551868,113.44194229158558,248.58077809975046
2023-04-06 09:17:00,-6.81015813835334,111.792652528178,4.56,210.0,Laut Jawa Timur,0.0,Aman,9.737495365852554,-7.985072888551868,113.44194229158558,248.58077809975046
2023-04-06 11:12:00,-7.79715375206477,113.203780962696,6.12,682.0,"Laut Jawa, Barat Daya Probolinggo",0.0,Aman,15.14004385726805,-7.985072888551868,113.44194229158558,248.58077809975046
2023-04-06 20:50:00,-8.12552316800185,113.235826145721,3.53,577.0,Lumajang,0.0018020002431915728,Aman,6.635853266994088,-7.985072888551868,113.44194229158558,248.58077809975046
2023-04-07 05:38:00,-8.04339266637525,112.662505868566,3.47,323.0,"Malang, Jawa Timur",0.0,Aman,6.463893795538414,-7.985072888551868,113.44194229158558,248.58077809975046
2023-04-08 11:13:00,-7.67276671022406,113.223612308942,4.81,357.0,"Probolinggo, Jawa Timur",0.0,Aman,10.549153567940888,-7.985072888551868,113.44194229158558,248.58077809975046
2023-04-09 13:53:00,-7.56410150094137,112.902438499625,3.48,40.0,"Pasuruan, Jawa Timur",0.004501476361638749,Aman,6.500622701606167,-7.985072888551868,113.44194229158558,248.58077809975046
2023-04-12 05:54:00,-7.78569370820798,113.234152575067,7.92,480.0,"Probolinggo, Jawa Timur",0.363665979032306,Aman,24.720565248559318,-7.985072888551868,113.44194229158558,248.58077809975046
2023-04-12 06:53:00,-8.12282734730968,113.145604594282,7.2,537.0,Lumajang,0.937565859842742,Terdampak,24.753654227207925,-7.985072888551868,113.44194229158558,248.58077809975046
2023-04-12 12:10:00,-7.73362143718578,112.985693315756,5.13,599.0,"Pasuruan, Jawa Timur",0.5953516090583891,Aman,13.694447162631183,-7.985072888551868,113.44194229158558,248.58077809975046
2023-04-13 10:38:00,-7.98009573163026,112.559745091602,4.08,506.0,"Malang, Jawa Timur",0.0,Aman,8.241196029703456,-7.985072888551868,113.44194229158558,248.58077809975046
2023-04-13 16:22:00,-8.27464806151433,114.405603623694,7.62,391.0,"Banyuwangi, Jawa Timur",0.600243001435077,Aman,24.822258508467467,-7.985072888551868,113.44194229158558,248.58077809975046
2023-04-13 22:06:00,-8.03637834224247,113.238855900214,2.42,262.0,"Laut Selatan Jawa, Barat Daya Lumajang",0.0,Aman,3.764636503037179,-7.985072888551868,113.44194229158558,248.58077809975046
2023-04-14 18:22:00,-7.38270775402638,111.89555392696,5.24,309.0,Laut Jawa Timur,0.0,Aman,11.994908253088058,-7.985072888551868,113.44194229158558,248.58077809975046
2023-04-15 06:45:00,-7.74515385636013,113.269060723113,2.79,405.0,"Probolinggo, Jawa Timur",0.03192357354474626,Aman,4.704850022696512,-7.985072888551868,113.44194229158558,248.58077809975046
2023-04-16 00:05:00,-8.07501367456917,113.154087823133,7.34,197.0,"Laut Selatan Jawa, Barat Daya Lumajang",0.7756399025077899,Terdampak,24.51312371441981,-7.985072888551868,113.44194229158558,248.58077809975046
2023-04-16 08:17:00,-8.27073236776874,114.432392834611,7.86,98.0,Banyuwangi,0.6002430014351244,Aman,26.00414962522561,-7.985072888551868,113.44194229158558,248.58077809975046
2023-04-17 01:37:00,-7.55798973052474,112.943891175954,7.74,367.0,"Pasuruan, Jawa Timur",0.595351609058383,Aman,25.379315115145392,-7.985072888551868,113.44194229158558,248.58077809975046
2023-04-17 02:26:00,-8.16361552676988,113.289604434103,3.83,443.0,"Laut Selatan Jawa, Barat Daya Lumajang",0.0,Aman,7.4954577578690955,-7.985072888551868,113.44194229158558,248.58077809975046
2023-04-18 00:52:00,-7.66672946166894,112.947874867228,3.11,670.0,"Pasuruan, Jawa Timur",0.00855309359214863,Aman,5.498617686878832,-7.985072888551868,113.44194229158558,248.58077809975046
2023-04-18 21:52:00,-8.15935130315608,114.420871992707,4.84,670.0,"Banyuwangi, Jawa Timur",0.3569725864124378,Aman,11.788313230035891,-7.985072888551868,113.44194229158558,248.58077809975046
2023-04-19 11:05:00,-8.18272556342761,113.118397864379,7.82,674.0,"Laut Selatan Jawa, Barat Daya Lumajang",0.0,Aman,21.86805359422736,-7.985072888551868,113.44194229158558,248.58077809975046
2023-04-19 11:50:00,-7.83329306916915,113.189649812303,4.96,362.0,"Laut Jawa, Barat Daya Probolinggo",0.0,Aman,11.046444495854763,-7.985072888551868,113.44194229158558,248.58077809975046
2023-04-21 01:10:00,-6.51238453128262,112.586489845593,5.54,577.0,Laut Jawa Timur,0.0,Aman,13.03961134390132,-7.985072888551868,113.44194229158558,248.58077809975046
2023-04-21 09:15:00,-7.78512085272633,113.272477282649,2.46,552.0,"Probolinggo, Jawa Timur",7.194064843552502e-05,Aman,3.858442508633715,-7.985072888551868,113.44194229158558,248.58077809975046
2023-04-22 17:16:00,-8.15248302935164,114.337249118441,4.68,583.0,"Banyuwangi, Jawa Timur",0.0,Aman,10.124387981502881,-7.985072888551868,113.44194229158558,248.58077809975046
2023-04-23 09:55:00,-7.89980897148748,112.565963895041,7.42,480.0,"Malang, Jawa Timur",0.3569725864124503,Aman,22.376362163849826,-7.985072888551868,113.44194229158558,248.58077809975046
2023-04-24 07:07:00,-8.12634341727818,113.165510564857,2.01,50.0,"Laut Selatan Jawa, Barat Daya Lumajang",0.0,Aman,2.8496668226303226,-7.985072888551868,113.44194229158558,248.58077809975046
2023-04-24 11:57:00,-8.16537799202822,114.277018274208,5.14,645.0,Banyuwangi,0.5953516090584164,Aman,13.734508913225467,-7.985072888551868,113.44194229158558,248.58077809975046
2023-04-25 08:31:00,-7.708242252519,113.19852254051,3.63,330.0,"Probolinggo, Jawa Timur",0.0,Aman,6.916078874622527,-7.985072888551868,113.44194229158558,248.58077809975046
2023-04-25 13:24:00,-8.16212212182089,113.306460696858,5.85,179.0,"Laut Selatan Jawa, Barat Daya Lumajang",0.0005662433897942295,Aman,14.151665926146503,-7.985072888551868,113.44194229158558,248.58077809975046
2023-04-26 09:48:00,-6.27005023169908,112.599155426285,4.44,344.0,Laut Jawa Timur,0.0,Aman,9.355660532533234,-7.985072888551868,113.44194229158558,248.58077809975046
2023-04-26 11:39:00,-8.23059967559438,113.205943950023,4.53,557.0,"Laut Selatan Jawa, Barat Daya Lumajang",0.0,Aman,9.641559884168123,-7.985072888551868,113.44194229158558,248.58077809975046
2023-04-26 21:06:00,-8.16949604988614,113.169251687552,2.61,166.0,"Laut Selatan Jawa, Barat Daya Lumajang",0.0,Aman,4.216584043986316,-7.985072888551868,113.44194229158558,248.58077809975046
2023-04-26 23:03:00,-8.22564433330699,113.297457887703,2.05,173.0,Lumajang,0.0,Aman,2.935153317971652,-7.985072888551868,113.44194229158558,248.58077809975046
2023-04-27 01:08:00,-7.65946809306993,112.92178558832,3.19,24.0,"Pasuruan, Jawa Timur",0.0,Aman,5.697522180737868,-7.985072888551868,113.44194229158558,248.58077809975046
2023-04-27 19:23:00,-7.73795159887648,112.962416669581,7.43,660.0,"Pasuruan, Jawa Timur",0.608182954392243,Aman,23.94792012354326,-7.985072888551868,113.44194229158558,248.58077809975046
2023-04-27 19:31:00,-8.11099763770418,113.168727019596,5.87,99.0,Lumajang,0.32091775923723886,Aman,15.591101256283267,-7.985072888551868,113.44194229158558,248.58077809975046
2023-04-28 01:51:00,-7.73487021094014,112.811839750723,4.1,680.0,"Pasuruan, Jawa Timur",0.0,Aman,8.3018672598398,-7.985072888551868,113.44194229158558,248.58077809975046
2023-04-28 19:15:00,-7.64426837050656,112.816408369273,2.92,207.0,"Pasuruan, Jawa Timur",0.0,Aman,4.9896981872654385,-7.985072888551868,113.44194229158558,248.58077809975046
2023-04-28 21:37:00,-7.59816543597389,112.830352847306,2.2,82.0,"Pasuruan, Jawa Timur",0.0,Aman,3.263127334322092,-7.985072888551868,113.44194229158558,248.58077809975046
2023-05-01 05:40:00,-8.02893083131068,112.629992916144,4.66,46.0,"Malang, Jawa Timur",0.0,Aman,10.059557445534073,-7.985072888551868,113.44194229158558,248.58077809975046
2023-05-01 16:12:00,-7.66617285333454,113.203739883754,3.81,470.0,"Probolinggo, Jawa Timur",0.0017856641241295018,Aman,7.440807214330994,-7.985072888551868,113.44194229158558,248.58077809975046
2023-05-02 10:46:00,-7.78776042072287,113.181581536626,3.99,288.0,"Probolinggo, Jawa Timur",0.0,Aman,7.970018757819834,-7.985072888551868,113.44194229158558,248.58077809975046
2023-05-02 17:44:00,-7.68263156300208,113.288757027233,5.38,87.0,"Probolinggo, Jawa Timur",0.0,Aman,12.478816931103685,-7.985072888551868,113.44194229158558,248.58077809975046
2023-05-03 05:25:00,-8.22649716805753,113.191624771893,4.95,504.0,"Laut Selatan Jawa, Barat Daya Lumajang",0.0,Aman,11.01305475333706,-7.985072888551868,113.44194229158558,248.58077809975046
2023-05-04 02:54:00,-7.36315323459187,112.422287443516,3.06,584.0,Laut Jawa Timur,0.0,Aman,5.352813839467986,-7.985072888551868,113.44194229158558,248.58077809975046
2023-05-05 14:06:00,-7.69446704812665,112.929052245553,4.09,406.0,"Pasuruan, Jawa Timur",0.0,Aman,8.271513102208084,-7.985072888551868,113.44194229158558,248.58077809975046
2023-05-05 20:08:00,-8.12016957156257,114.323646563468,5.59,493.0,Banyuwangi,0.0,Aman,13.216538086806242,-7.985072888551868,113.44194229158558,248.58077809975046
2023-05-05 22:05:00,-7.62766708174167,112.864371388184,6.37,561.0,"Pasuruan, Jawa Timur",0.0,Aman,16.07715313729393,-7.985072888551868,113.44194229158558,248.58077809975046
2023-05-06 01:55:00,-7.13899895809384,113.047282235041,6.68,486.0,Laut Jawa Timur,0.0,Aman,17.264924905715635,-7.985072888551868,113.44194229158558,248.58077809975046
2023-05-06 22:06:00,-8.24552478872183,114.357674164531,4.92,132.0,Banyuwangi,0.0005662433897944412,Aman,10.914941761476342,-7.985072888551868,113.44194229158558,248.58077809975046
2023-05-06 23:51:00,-8.14148898398458,113.25185453669,7.39,295.0,"Laut Selatan Jawa, Barat Daya Lumajang",0.7864527749750452,Terdampak,24.829191676202303,-7.985072888551868,113.44194229158558,248.58077809975046
2023-05-07 19:01:00,-8.00525979929249,112.604730465795,6.74,185.0,"Malang, Jawa Timur",0.0,Aman,17.498057720787184,-7.985072888551868,113.44194229158558,248.58077809975046
2023-05-08 11:01:00,-7.76301789826657,113.237619503084,7.0,494.0,"Laut Jawa, Barat Daya Probolinggo",0.7864527749750216,Terdampak,22.889851944461288,-7.985072888551868,113.44194229158558,248.58077809975046
2023-05-08 14:30:00,-7.98784419420874,112.7013243293,6.39,223.0,"Malang, Jawa Timur",0.5953516090583758,Aman,19.037930817097404,-7.985072888551868,113.44194229158558,248.58077809975046
2023-05-08 14:35:00,-8.30436372985151,114.293768477954,2.68,619.0,"Banyuwangi, Jawa Timur",0.0,Aman,4.387349085723634,-7.985072888551868,113.44194229158558,248.58077809975046
2023-05-08 20:13:00,-8.28684885593643,114.372951435484,6.13,348.0,"Banyuwangi, Jawa Timur",0.0036040004863827223,Aman,15.193576517383734,-7.985072888551868,113.44194229158558,248.58077809975046
2023-05-08 21:35:00,-7.70175246941447,113.234742142946,3.2,67.0,"Probolinggo, Jawa Timur",0.0,Aman,5.7243340223994625,-7.985072888551868,113.44194229158558,248.58077809975046
2023-05-09 00:10:00,-8.31786755561614,114.405637621497,5.6,182.0,Banyuwangi,0.0,Aman,13.252018714143139,-7.985072888551868,113.44194229158558,248.58077809975046
2023-05-09 00:37:00,-8.21481765283979,111.751929956895,3.39,519.0,Laut Jawa Timur,0.0,Aman,6.2416519447979475,-7.985072888551868,113.44194229158558,248.58077809975046
2023-05-09 13:08:00,-8.06498298159032,112.57728891708,6.5,322.0,"Malang, Jawa Timur",0.02522974542083136,Aman,16.697244209294755,-7.985072888551868,113.44194229158558,248.58077809975046
2023-05-09 17:10:00,-6.78773638247798,113.713991578484,7.79,638.0,Laut Jawa Timur,0.0,Aman,21.74233517817256,-7.985072888551868,113.44194229158558,248.58077809975046
2023-05-10 14:09:00,-7.33549485228823,112.052166496478,4.26,469.0,Laut Jawa Timur,0.0,Aman,8.792540929674423,-7.985072888551868,113.44194229158558,248.58077809975046
2023-05-11 11:12:00,-8.28203936714388,114.466704351867,4.55,474.0,"Banyuwangi, Jawa Timur",0.009782784753369016,Aman,9.73396569001947,-7.985072888551868,113.44194229158558,248.58077809975046
2023-05-11 12:13:00,-8.19714439539222,113.135081493958,3.91,25.0,Lumajang,0.0,Aman,7.731524493914509,-7.985072888551868,113.44194229158558,248.58077809975046
2023-05-12 03:54:00,-7.01059589018775,113.255621134476,7.69,533.0,Laut Jawa Timur,0.0,Aman,21.32502307149983,-7.985072888551868,113.44194229158558,248.58077809975046
2023-05-12 13:50:00,-7.74222249095133,112.848991464041,2.09,106.0,"Pasuruan, Jawa Timur",0.031923573544747744,Aman,3.0504148616748954,-7.985072888551868,113.44194229158558,248.58077809975046
2023-05-13 08:29:00,-8.05579130757809,113.30951452188,4.42,628.0,Lumajang,0.0,Aman,9.292517850399857,-7.985072888551868,113.44194229158558,248.58077809975046
2023-05-13 12:46:00,-7.73666146779668,112.870359792744,4.83,7.0,"Pasuruan, Jawa Timur",0.35697258641246066,Aman,11.751798078816304,-7.985072888551868,113.44194229158558,248.58077809975046
2023-05-13 14:07:00,-8.25123197621123,114.393798670948,6.7,610.0,"Banyuwangi, Jawa Timur",0.8930274135876016,Terdampak,21.988723736020496,-7.985072888551868,113.44194229158558,248.58077809975046
2023-05-13 21:46:00,-7.84138881412714,113.216084868403,7.7,220.0,"Probolinggo, Jawa Timur",0.8808104886770316,Terdampak,27.012619165924956,-7.985072888551868,113.44194229158558,248.58077809975046
2023-05-15 19:40:00,-8.19132177060217,114.427802524887,3.94,608.0,Banyuwangi,0.0,Aman,7.820676697064008,-7.985072888551868,113.44194229158558,248.58077809975046
2023-05-18 06:09:00,-8.24013041687875,114.314104037091,5.78,561.0,"Banyuwangi, Jawa Timur",0.06384714708949495,Aman,14.162229647106845,-7.985072888551868,113.44194229158558,248.58077809975046
2023-05-18 23:48:00,-7.68737050768776,113.172713112739,2.76,12.0,"Probolinggo, Jawa Timur",0.0,Aman,4.585256372330777,-7.985072888551868,113.44194229158558,248.58077809975046
2023-05-19 01:04:00,-8.18429049272133,114.350399698055,6.8,525.0,Banyuwangi,0.0036040004863831456,Aman,17.751402632400772,-7.985072888551868,113.44194229158558,248.58077809975046
2023-05-19 03:53:00,-7.61003392759315,112.996468463743,2.7,200.0,"Pasuruan, Jawa Timur",0.0,Aman,4.436552715791846,-7.985072888551868,113.44194229158558,248.58077809975046
2023-05-19 09:00:00,-7.81403616333945,113.218540332452,7.38,113.0,"Laut Jawa, Barat Daya Probolinggo",1.0,Terdampak,26.063209504587114,-7.985072888551868,113.44194229158558,248.58077809975046
2023-05-19 09:36:00,-6.34103125400872,112.166250741708,4.83,88.0,Laut Jawa Timur,0.0,Aman,10.615017051328746,-7.985072888551868,113.44194229158558,248.58077809975046
2023-05-20 08:32:00,-7.80588026629214,113.28475261325,6.82,646.0,"Laut Jawa, Barat Daya Probolinggo",0.6079664817688076,Aman,21.058977940155362,-7.985072888551868,113.44194229158558,248.58077809975046
2023-05-20 09:58:00,-7.92041364398033,112.612666650865,5.44,31.0,"Malang, Jawa Timur",0.0,Aman,12.688151323183375,-7.985072888551868,113.44194229158558,248.58077809975046
2023-05-20 15:10:00,-7.55131396031579,112.99714636391,3.95,392.0,"Pasuruan, Jawa Timur",0.0,Aman,7.850469731168958,-7.985072888551868,113.44194229158558,248.58077809975046
2023-05-20 19:39:00,-8.13049702680915,113.140177661051,6.58,284.0,"Laut Selatan Jawa, Barat Daya Lumajang",0.7738379022646346,Terdampak,20.797105978562456,-7.985072888551868,113.44194229158558,248.58077809975046
2023-05-21 01:41:00,-8.23732709772797,114.293477835272,4.99,528.0,"Banyuwangi, Jawa Timur",0.0,Aman,11.14681564394065,-7.985072888551868,113.44194229158558,248.58077809975046
2023-05-21 07:14:00,-8.20499451388566,114.45289000281,5.67,395.0,"Banyuwangi, Jawa Timur",0.5953516090583865,Aman,15.912669596755071,-7.985072888551868,113.44194229158558,248.58077809975046
2023-05-21 13:42:00,-8.16552428132199,113.292723687311,3.38,372.0,"Laut Selatan Jawa, Barat Daya Lumajang",0.0,Aman,6.2140543930673795,-7.985072888551868,113.44194229158558,248.58077809975046
2023-05-21 23:41:00,-8.23537515018779,114.411881880515,4.19,274.0,Banyuwangi,0.0,Aman,8.576716096502205,-7.985072888551868,113.44194229158558,248.58077809975046
2023-05-22 01:53:00,-7.76893588018673,113.233906464669,3.7,687.0,"Laut Jawa, Barat Daya Probolinggo",0.0,Aman,7.117092102818398,-7.985072888551868,113.44194229158558,248.58077809975046
2023-05-22 05:01:00,-8.2487485779934,114.344738093272,6.94,110.0,"Banyuwangi, Jawa Timur",0.0011324867795886706,Aman,18.28886400146961,-7.985072888551868,113.44194229158558,248.58077809975046
2023-05-22 10:38:00,-7.84824268210615,113.15899740529,7.64,96.0,"Probolinggo, Jawa Timur",0.35761077045066175,Aman,23.382920915125485,-7.985072888551868,113.44194229158558,248.58077809975046
2023-05-23 21:02:00,-7.84573882492381,113.192134860786,4.88,254.0,"Laut Jawa, Barat Daya Probolinggo",0.0,Aman,10.780272352774766,-7.985072888551868,113.44194229158558,248.58077809975046
2023-05-24 08:58:00,-8.17804112872617,114.389402970326,2.58,325.0,"Banyuwangi, Jawa Timur",7.194064843552502e-05,Aman,4.144183066920764,-7.985072888551868,113.44194229158558,248.58077809975046
2023-05-25 17:54:00,-8.27207300154831,114.449532421492,3.26,229.0,Banyuwangi,0.0,Aman,5.886083247797298,-7.985072888551868,113.44194229158558,248.58077809975046
2023-05-25 19:51:00,-7.72229251530288,112.869179647955,6.22,18.0,"Pasuruan, Jawa Timur",0.35697258641242763,Aman,17.17391075118823,-7.985072888551868,113.44194229158558,248.58077809975046
2023-05-25 20:21:00,-8.16057050123927,113.147295833797,4.07,83.0,Lumajang,0.012614872710416633,Aman,8.241989986130479,-7.985072888551868,113.44194229158558,248.58077809975046
2023-05-26 00:10:00,-8.09454489737672,113.313364287946,5.78,507.0,"Laut Selatan Jawa, Barat Daya Lumajang",0.0,Aman,13.896062463878033,-7.985072888551868,113.44194229158558,248.58077809975046
2023-05-26 07:21:00,-8.0815732015629,113.140942989211,3.7,85.0,Lumajang,0.0,Aman,7.117092102818398,-7.985072888551868,113.44194229158558,248.58077809975046
2023-05-26 09:53:00,-8.20416049139826,113.300232054827,3.16,550.0,"Laut Selatan Jawa, Barat Daya Lumajang",0.0,Aman,5.617338871743453,-7.985072888551868,113.44194229158558,248.58077809975046
2023-05-26 22:49:00,-7.64291396984032,112.93217441687,7.29,160.0,"Pasuruan, Jawa Timur",0.5953516090583912,Aman,23.198491716328896,-7.985072888551868,113.44194229158558,248.58077809975046
2023-06-01 17:32:00,-7.70288415615123,112.840454818099,5.14,445.0,"Pasuruan, Jawa Timur",0.001475814623250214,Aman,11.658345384812575,-7.985072888551868,113.44194229158558,248.58077809975046
2023-06-02 07:46:00,-8.29980266545952,114.383693751626,3.26,683.0,"Banyuwangi, Jawa Timur",0.0,Aman,5.886083247797298,-7.985072888551868,113.44194229158558,248.58077809975046
2023-06-02 08:48:00,-8.16417685216121,113.174309931452,4.87,542.0,Lumajang,0.5959178524482579,Aman,12.668479396554153,-7.985072888551868,113.44194229158558,248.58077809975046
2023-06-02 22:14:00,-8.16777216662343,114.396937956739,5.49,241.0,Banyuwangi,0.22656004553525275,Aman,13.737786483244744,-7.985072888551868,113.44194229158558,248.58077809975046
2023-06-03 01:35:00,-8.18942634056071,114.284757702796,4.76,97.0,Banyuwangi,0.0,Aman,10.385093933133199,-7.985072888551868,113.44194229158558,248.58077809975046
2023-06-03 02:08:00,-7.74518414261605,113.126801106388,7.38,182.0,"Laut Jawa, Barat Daya Probolinggo",0.00014388129687105004,Aman,20.049488082386425,-7.985072888551868,113.44194229158558,248.58077809975046
2023-06-03 10:50:00,-8.28871222608017,114.333958953074,2.4,518.0,"Banyuwangi, Jawa Timur",0.0,Aman,3.71806401235912,-7.985072888551868,113.44194229158558,248.58077809975046
2023-06-03 11:50:00,-6.79988721377474,112.078812487513,5.04,569.0,Laut Jawa Timur,0.0,Aman,11.314771937604398,-7.985072888551868,113.44194229158558,248.58077809975046
2023-06-04 07:28:00,-8.19589160303095,114.423830468578,7.57,271.0,Banyuwangi,0.06441339047928961,Aman,21.230297323204258,-7.985072888551868,113.44194229158558,248.58077809975046
2023-06-04 14:36:00,-7.83379643078848,113.180045716774,3.76,158.0,"Laut Jawa, Barat Daya Probolinggo",0.0,Aman,7.290910505554158,-7.985072888551868,113.44194229158558,248.58077809975046
2023-06-04 22:13:00,-7.58650953626883,112.987686859156,2.32,152.0,"Pasuruan, Jawa Timur",0.0,Aman,3.533718721120853,-7.985072888551868,113.44194229158558,248.58077809975046
2023-06-05 01:57:00,-7.78382645568904,113.201673890185,5.12,425.0,"Laut Jawa, Barat Daya Probolinggo",0.02522974542083369,Aman,11.67292528081227,-7.985072888551868,113.44194229158558,248.58077809975046
2023-06-05 10:46:00,-7.70045747395202,112.90466883091,5.53,544.0,"Pasuruan, Jawa Timur",0.3468659920804705,Aman,14.357548534860324,-7.985072888551868,113.44194229158558,248.58077809975046
2023-06-05 19:23:00,-7.62960764959813,112.914710804641,4.84,345.0,"Pasuruan, Jawa Timur",0.021641497527124763,Aman,10.717131599700648,-7.985072888551868,113.44194229158558,248.58077809975046
2023-06-05 21:41:00,-7.68798743867017,112.858630881897,2.05,463.0,"Pasuruan, Jawa Timur",0.0,Aman,2.935153317971652,-7.985072888551868,113.44194229158558,248.58077809975046
2023-06-06 06:43:00,-7.7344612953212,113.118886267309,6.56,263.0,"Laut Jawa, Barat Daya Probolinggo",0.0,Aman,16.801797999023794,-7.985072888551868,113.44194229158558,248.58077809975046
2023-06-06 10:53:00,-8.05041066213849,113.233487726029,7.97,122.0,Lumajang,0.7023241954707877,Aman,27.24099968207891,-7.985072888551868,113.44194229158558,248.58077809975046
2023-06-06 14:17:00,-8.23231882548448,113.301362213853,2.48,272.0,"Laut Selatan Jawa, Barat Daya Lumajang",0.0,Aman,3.9055079055098583,-7.985072888551868,113.44194229158558,248.58077809975046
2023-06-06 21:37:00,-7.70973291407322,113.122663898186,7.94,508.0,"Laut Jawa, Barat Daya Probolinggo",0.5959178524481809,Aman,26.373137635320667,-7.985072888551868,113.44194229158558,248.58077809975046
2023-06-07 10:42:00,-8.08021109410928,113.14543224505,6.77,630.0,Lumajang,0.3587745866556243,Aman,19.510960274712065,-7.985072888551868,113.44194229158558,248.58077809975046
2023-06-07 12:50:00,-8.1331775790352,113.179440817061,5.29,186.0,"Laut Selatan Jawa, Barat Daya Lumajang",0.06384714708949464,Aman,12.400048471591363,-7.985072888551868,113.44194229158558,248.58077809975046
2023-06-07 14:04:00,-8.00365837563546,112.727159650675,7.19,457.0,"Malang, Jawa Timur",0.0,Aman,19.279392080664785,-7.985072888551868,113.44194229158558,248.58077809975046
2023-06-07 15:51:00,-8.28066396076746,114.455540625013,7.22,47.0,"Banyuwangi, Jawa Timur",0.6003868827319417,Aman,22.894466023971177,-7.985072888551868,113.44194229158558,248.58077809975046
2023-06-08 03:37:00,-8.26801104689351,114.3120509278,2.23,168.0,"Banyuwangi, Jawa Timur",7.194064843541915e-05,Aman,3.3301720195133964,-7.985072888551868,113.44194229158558,248.58077809975046
2023-06-08 03:42:00,-7.65929109425615,112.844352811262,6.76,333.0,"Pasuruan, Jawa Timur",0.595351609058393,Aman,20.715169964243096,-7.985072888551868,113.44194229158558,248.58077809975046
2023-06-08 14:52:00,-7.57419025374961,112.843375550876,2.83,661.0,"Pasuruan, Jawa Timur",0.0,Aman,4.7607968870767845,-7.985072888551868,113.44194229158558,248.58077809975046
2023-06-08 15:52:00,-7.6579625625398,113.264745869828,4.7,253.0,"Laut Jawa, Barat Daya Probolinggo",0.0,Aman,10.189357192679037,-7.985072888551868,113.44194229158558,248.58077809975046
2023-06-08 18:40:00,-7.69231272711888,113.278495949459,6.51,98.0,"Probolinggo, Jawa Timur",0.8930274135875624,Terdampak,21.060045332366922,-7.985072888551868,113.44194229158558,248.58077809975046
2023-06-09 06:22:00,-8.29379942248807,114.410499344444,4.35,21.0,"Banyuwangi, Jawa Timur",0.0,Aman,9.07264432235718,-7.985072888551868,113.44194229158558,248.58077809975046
2023-06-09 09:16:00,-7.70838930655604,112.853347829255,4.93,375.0,"Pasuruan, Jawa Timur",0.0,Aman,10.946376432409036,-7.985072888551868,113.44194229158558,248.58077809975046
2023-06-09 12:26:00,-8.03876206380678,112.698813573695,5.64,453.0,"Malang, Jawa Timur",0.0036040004863827223,Aman,13.408739747746752,-7.985072888551868,113.44194229158558,248.58077809975046
2023-06-09 12:57:00,-7.60299811229347,112.967052508505,3.55,288.0,"Pasuruan, Jawa Timur",0.29767580452925807,Aman,7.2860328699301276,-7.985072888551868,113.44194229158558,248.58077809975046
2023-06-09 19:48:00,-8.21534986213516,113.168825147085,6.84,162.0,Lumajang,0.35697258641242213,Aman,19.80467761184356,-7.985072888551868,113.44194229158558,248.58077809975046
2023-06-09 19:58:00,-7.97849242124266,112.694590496693,6.23,574.0,"Malang, Jawa Timur",0.5953516090583847,Aman,18.327386010347034,-7.985072888551868,113.44194229158558,248.58077809975046
2023-06-09 20:53:00,-7.5808320800597,112.810634428655,2.01,432.0,"Pasuruan, Jawa Timur",0.0,Aman,2.8496668226303226,-7.985072888551868,113.44194229158558,248.58077809975046
2023-06-10 06:50:00,-8.18892785095039,111.860986042698,4.53,118.0,Laut Jawa Timur,0.0,Aman,9.641559884168123,-7.985072888551868,113.44194229158558,248.58077809975046
2023-06-10 08:17:00,-8.18098457360157,114.343542816285,6.21,613.0,"Banyuwangi, Jawa Timur",0.0036040004863831456,Aman,15.491972088639894,-7.985072888551868,113.44194229158558,248.58077809975046
2023-06-10 17:40:00,-8.16549514298679,114.286725304595,6.13,599.0,"Banyuwangi, Jawa Timur",0.17848629320620552,Aman,15.989841843988659,-7.985072888551868,113.44194229158558,248.58077809975046
2023-06-12 01:45:00,-7.69906335192784,113.111733456414,3.41,59.0,"Laut Jawa, Barat Daya Probolinggo",0.0,Aman,6.296969191603211,-7.985072888551868,113.44194229158558,248.58077809975046
2023-06-13 18:45:00,-8.14760528343638,113.1169095663,3.48,197.0,"Laut Selatan Jawa, Barat Daya Lumajang",0.0,Aman,6.491855820949815,-7.985072888551868,113.44194229158558,248.58077809975046
2023-06-13 23:31:00,-8.04021594898059,113.178251137033,6.17,305.0,Lumajang,0.7744041456543672,Terdampak,18.886508624026135,-7.985072888551868,113.44194229158558,248.58077809975046
2023-06-13 23:36:00,-7.59112190825652,112.925344985578,6.9,345.0,"Pasuruan, Jawa Timur",0.7752747449890164,Terdampak,22.340331159678463,-7.985072888551868,113.44194229158558,248.58077809975046
2023-06-14 00:27:00,-8.11576743054929,113.310082535952,6.1,13.0,Lumajang,0.8785585159721003,Terdampak,19.036768048100274,-7.985072888551868,113.44194229158558,248.58077809975046
2023-06-14 20:35:00,-8.22297446257733,113.260437836406,5.22,212.0,Lumajang,0.0005662433897944412,Aman,11.928326640460947,-7.985072888551868,113.44194229158558,248.58077809975046
2023-06-15 00:39:00,-8.17583950348477,114.40737923147,5.47,389.0,Banyuwangi,0.0,Aman,12.79325302649799,-7.985072888551868,113.44194229158558,248.58077809975046
2023-06-15 09:34:00,-7.92123529566627,112.687920096506,2.3,66.0,"Malang, Jawa Timur",0.0,Aman,3.488122704263713,-7.985072888551868,113.44194229158558,248.58077809975046
2023-06-15 13:32:00,-7.64137833608947,112.893266167585,5.87,339.0,"Pasuruan, Jawa Timur",0.0,Aman,14.221884650073633,-7.985072888551868,113.44194229158558,248.58077809975046
2023-06-15 14:24:00,-7.94646572940907,112.650618839673,4.12,548.0,"Malang, Jawa Timur",0.001766193355595959,Aman,8.367117686114645,-7.985072888551868,113.44194229158558,248.58077809975046
2023-06-15 15:25:00,-7.8844292170467,112.585971738683,4.69,198.0,"Malang, Jawa Timur",0.0,Aman,10.15685527119492,-7.985072888551868,113.44194229158558,248.58077809975046
2023-06-15 21:52:00,-8.17965269817812,114.420008824698,6.9,242.0,"Banyuwangi, Jawa Timur",0.5080856712801302,Aman,20.887505220792224,-7.985072888551868,113.44194229158558,248.58077809975046
2023-06-16 03:32:00,-8.23276083937135,113.122479003074,6.37,585.0,Lumajang,0.0,Aman,16.07715313729393,-7.985072888551868,113.44194229158558,248.58077809975046
2023-06-17 03:39:00,-7.63403476865256,112.878060478245,4.4,620.0,"Pasuruan, Jawa Timur",0.0,Aman,9.229517863897335,-7.985072888551868,113.44194229158558,248.58077809975046
2023-06-17 15:44:00,-7.73914266147565,113.291470917875,4.51,109.0,"Probolinggo, Jawa Timur",0.0,Aman,9.577779022299481,-7.985072888551868,113.44194229158558,248.58077809975046
2023-06-17 19:17:00,-8.21579776001717,113.136885693263,5.68,347.0,Lumajang,0.13889615995714805,Aman,14.101073619119079,-7.985072888551868,113.44194229158558,248.58077809975046
2023-06-18 18:22:00,-7.6964839958213,113.113552197085,5.5,555.0,"Probolinggo, Jawa Timur",0.5953516090584451,Aman,15.202411759569706,-7.985072888551868,113.44194229158558,248.58077809975046
2023-06-20 07:25:00,-8.07672151819214,113.227394406568,7.74,243.0,"Laut Selatan Jawa, Barat Daya Lumajang",0.2139451728248196,Aman,22.91542852865233,-7.985072888551868,113.44194229158558,248.58077809975046
2023-06-20 09:53:00,-8.17754066335611,113.13847215509,2.59,504.0,Lumajang,0.5953516090584635,Aman,4.912675780611653,-7.985072888551868,113.44194229158558,248.58077809975046
2023-06-22 08:57:00,-8.19764589884625,114.340976172785,5.51,105.0,Banyuwangi,0.0,Aman,12.933837442924663,-7.985072888551868,113.44194229158558,248.58077809975046
2023-06-22 14:48:00,-7.64765292289493,112.988004952511,5.15,90.0,"Pasuruan, Jawa Timur",0.02522974542083369,Aman,11.77566948850471,-7.985072888551868,113.44194229158558,248.58077809975046
2023-06-22 15:12:00,-8.03699513048426,113.287979740667,7.66,644.0,"Laut Selatan Jawa, Barat Daya Lumajang",0.00048154150952308317,Aman,21.203418690180428,-7.985072888551868,113.44194229158558,248.58077809975046
2023-06-23 02:53:00,-7.66791554568969,113.259735318463,3.47,581.0,"Probolinggo, Jawa Timur",0.0,Aman,6.463893795538414,-7.985072888551868,113.44194229158558,248.58077809975046
2023-06-23 20:46:00,-7.1844310065505,113.488665322887,6.1,0.0,Laut Jawa Timur,0.16658937668633403,Aman,15.818833721457057,-7.985072888551868,113.44194229158558,248.58077809975046
2023-06-24 02:39:00,-8.16617589592844,113.188574151228,7.24,87.0,Lumajang,0.7738379022646045,Terdampak,24.00335309717968,-7.985072888551868,113.44194229158558,248.58077809975046
2023-06-24 15:46:00,-7.83218827052812,113.291169942749,6.81,430.0,"Laut Jawa, Barat Daya Probolinggo",0.6079664817688534,Aman,21.012677522664575,-7.985072888551868,113.44194229158558,248.58077809975046
2023-06-24 23:55:00,-7.56160094359933,112.990623233575,3.27,623.0,"Pasuruan, Jawa Timur",0.0,Aman,5.913187211648216,-7.985072888551868,113.44194229158558,248.58077809975046
2023-06-25 01:50:00,-7.8700638693475,112.227262640259,5.29,662.0,Laut Jawa Timur,0.0,Aman,12.167,-7.985072888551868,113.44194229158558,248.58077809975046
2023-06-25 19:03:00,-8.15073356181765,113.175111786741,4.26,563.0,"Laut Selatan Jawa, Barat Daya Lumajang",0.02522974542083136,Aman,8.859091000451802,-7.985072888551868,113.44194229158558,248.58077809975046
2023-06-25 23:06:00,-8.23106823413241,114.465628064402,4.81,363.0,"Banyuwangi, Jawa Timur",0.0,Aman,10.549153567940888,-7.985072888551868,113.44194229158558,248.58077809975046
2023-06-26 06:27:00,-7.71790721529217,113.128006323313,3.41,338.0,"Probolinggo, Jawa Timur",0.0,Aman,6.296969191603211,-7.985072888551868,113.44194229158558,248.58077809975046
2023-06-27 06:16:00,-8.09593744343166,113.272319463588,5.76,193.0,Lumajang,0.5953516090584066,Aman,16.293042193087025,-7.985072888551868,113.44194229158558,248.58077809975046
2023-06-27 19:38:00,-7.82268277177371,113.199227110746,4.23,396.0,"Laut Jawa, Barat Daya Probolinggo",0.00014388129687105004,Aman,8.700201210569684,-7.985072888551868,113.44194229158558,248.58077809975046
2023-07-01 05:22:00,-7.96676678729651,113.530336586576,2.86,185.0,Laut Jawa Timur,0.0,Aman,4.8366988742323,-7.985072888551868,113.44194229158558,248.58077809975046
2023-07-02 05:28:00,-7.7349957058917,112.884005678572,6.42,182.0,"Pasuruan, Jawa Timur",0.35697258641243335,Aman,18.00885771118669,-7.985072888551868,113.44194229158558,248.58077809975046
2023-07-02 08:26:00,-7.3872577074232,113.000856415527,3.47,248.0,Laut Jawa Timur,0.0,Aman,6.463893795538414,-7.985072888551868,113.44194229158558,248.58077809975046
2023-07-02 10:39:00,-8.14347558224764,113.166752218166,2.49,5.0,"Laut Selatan Jawa, Barat Daya Lumajang",0.06384714708948966,Aman,4.004413302434966,-7.985072888551868,113.44194229158558,248.58077809975046
2023-07-02 11:11:00,-8.12799183015862,113.315817678831,5.81,640.0,"Laut Selatan Jawa, Barat Daya Lumajang",0.0,Aman,14.004390061691367,-7.985072888551868,113.44194229158558,248.58077809975046
2023-07-03 03:38:00,-8.19761149861466,114.358144759312,5.46,444.0,Banyuwangi,0.0,Aman,12.758187018538331,-7.985072888551868,113.44194229158558,248.58077809975046
2023-07-03 22:13:00,-7.73990694049322,113.17588851419,5.45,321.0,"Probolinggo, Jawa Timur",0.32959937807400397,Aman,13.981216113046136,-7.985072888551868,113.44194229158558,248.58077809975046
2023-07-04 11:12:00,-8.1567791491708,114.434941567667,4.43,154.0,Banyuwangi,0.0,Aman,9.32407137467319,-7.985072888551868,113.44194229158558,248.58077809975046
2023-07-06 02:41:00,-7.99884748928723,112.731384963541,2.72,294.0,"Malang, Jawa Timur",0.0,Aman,4.485938920672015,-7.985072888551868,113.44194229158558,248.58077809975046
2023-07-06 12:18:00,-7.59987043511233,112.981660571924,5.72,376.0,"Pasuruan, Jawa Timur",0.0,Aman,13.680250290107999,-7.985072888551868,113.44194229158558,248.58077809975046
2023-07-08 16:57:00,-6.41396772841246,112.465504885467,6.46,570.0,Laut Jawa Timur,0.0,Aman,16.419078415063375,-7.985072888551868,113.44194229158558,248.58077809975046
2023-07-08 19:53:00,-7.60892204098745,112.964676205139,7.44,345.0,"Pasuruan, Jawa Timur",0.6005015980857464,Aman,23.94951872227117,-7.985072888551868,113.44194229158558,248.58077809975046
2023-07-09 10:24:00,-7.82709583254193,112.906711371181,4.04,351.0,Laut Jawa Timur,0.0,Aman,8.120299501865679,-7.985072888551868,113.44194229158558,248.58077809975046
2023-07-09 18:17:00,-8.066350089686,112.668452365289,3.18,16.0,"Malang, Jawa Timur",0.0005662433897944412,Aman,5.671715638847173,-7.985072888551868,113.44194229158558,248.58077809975046
2023-07-09 19:50:00,-7.67623225063466,112.895088457922,5.46,229.0,"Pasuruan, Jawa Timur",0.0,Aman,12.758187018538331,-7.985072888551868,113.44194229158558,248.58077809975046
2023-07-10 09:32:00,-8.12682726218648,114.455015547526,2.7,377.0,"Banyuwangi, Jawa Timur",0.0,Aman,4.436552715791846,-7.985072888551868,113.44194229158558,248.58077809975046
2023-07-10 13:59:00,-7.73718827043086,113.306246620534,3.19,226.0,"Probolinggo, Jawa Timur",0.0,Aman,5.697522180737868,-7.985072888551868,113.44194229158558,248.58077809975046
2023-07-10 14:32:00,-8.15247234070208,113.295945308386,2.5,631.0,"Laut Selatan Jawa, Barat Daya Lumajang",0.17848629320623727,Aman,4.164505781830104,-7.985072888551868,113.44194229158558,248.58077809975046
2023-07-10 19:50:00,-8.18275949290529,113.160936991649,4.16,675.0,"Laut Selatan Jawa, Barat Daya Lumajang",0.0,Aman,8.484768470618395,-7.985072888551868,113.44194229158558,248.58077809975046
2023-07-10 23:24:00,-8.31379583676347,114.389430640213,2.06,507.0,Banyuwangi,0.0,Aman,2.956656219447909,-7.985072888551868,113.44194229158558,248.58077809975046
2023-07-12 03:16:00,-7.61533356895761,112.871195634931,7.5,644.0,"Pasuruan, Jawa Timur",0.0012044274280243014,Aman,20.547017442244808,-7.985072888551868,113.44194229158558,248.58077809975046
2023-07-12 10:56:00,-8.21918012640653,113.270709355688,2.23,330.0,"Laut Selatan Jawa, Barat Daya Lumajang",0.0,Aman,3.3301001486441817,-7.985072888551868,113.44194229158558,248.58077809975046
2023-07-13 07:38:00,-7.66948209484702,113.212465544766,6.97,242.0,"Laut Jawa, Barat Daya Probolinggo",0.595351609058423,Aman,21.687906096869774,-7.985072888551868,113.44194229158558,248.58077809975046
2023-07-13 22:03:00,-7.94855056731621,112.697994218658,5.6,566.0,"Malang, Jawa Timur",0.2139451728248255,Aman,14.102580344365691,-7.985072888551868,113.44194229158558,248.58077809975046
2023-07-14 04:23:00,-7.98461718690976,112.624903410991,7.57,6.0,"Malang, Jawa Timur",1.0,Terdampak,27.076166219943328,-7.985072888551868,113.44194229158558,248.58077809975046
2023-07-14 14:19:00,-8.31915246918764,114.30294833427,2.38,198.0,"Banyuwangi, Jawa Timur",0.0,Aman,3.6716851716888796,-7.985072888551868,113.44194229158558,248.58077809975046
2023-07-15 15:11:00,-8.06140890547475,112.539866094678,2.96,689.0,"Malang, Jawa Timur",0.0,Aman,5.092576558089235,-7.985072888551868,113.44194229158558,248.58077809975046
2023-07-16 01:29:00,-8.30289550064405,114.415380902149,2.62,615.0,Banyuwangi,0.0,Aman,4.240840482734526,-7.985072888551868,113.44194229158558,248.58077809975046
2023-07-16 13:54:00,-8.27256190610447,114.388933743638,5.83,78.0,"Banyuwangi, Jawa Timur",0.8979188059642975,Terdampak,17.86870143999055,-7.985072888551868,113.44194229158558,248.58077809975046
2023-07-16 14:59:00,-6.86805722123038,112.284238243529,6.51,64.0,Laut Jawa Timur,0.0,Aman,16.610070770469342,-7.985072888551868,113.44194229158558,248.58077809975046
2023-07-16 16:57:00,-8.18290721080595,114.411387110399,6.93,269.0,Banyuwangi,0.5953516090583727,Aman,21.501477745135404,-7.985072888551868,113.44194229158558,248.58077809975046
2023-07-16 19:42:00,-7.72287068424403,113.284908857781,6.06,312.0,"Laut Jawa, Barat Daya Probolinggo",0.02522974542083136,Aman,15.030855522973338,-7.985072888551868,113.44194229158558,248.58077809975046
2023-07-17 00:46:00,-7.72840169420321,113.291292920934,4.78,265.0,"Probolinggo, Jawa Timur",0.0,Aman,10.450614910138064,-7.985072888551868,113.44194229158558,248.58077809975046
2023-07-17 15:46:00,-7.76670936376764,113.281588877435,6.14,356.0,"Probolinggo, Jawa Timur",0.0,Aman,15.214320359450827,-7.985072888551868,113.44194229158558,248.58077809975046
2023-07-17 18:29:00,-8.05359972577691,113.21913281516,6.24,420.0,Lumajang,0.0,Aman,15.587515004002404,-7.985072888551868,113.44194229158558,248.58077809975046
2023-07-17 22:31:00,-8.21914606086536,113.194769044909,3.18,224.0,"Laut Selatan Jawa, Barat Daya Lumajang",0.0,Aman,5.670752331040389,-7.985072888551868,113.44194229158558,248.58077809975046
2023-07-18 17:07:00,-8.19474664199348,114.310090663246,4.85,649.0,Banyuwangi,0.17848629320623727,Aman,11.252941581310132,-7.985072888551868,113.44194229158558,248.58077809975046
2023-07-19 00:51:00,-8.17324033007368,113.269056991619,2.01,504.0,Lumajang,0.0,Aman,2.8496668226303226,-7.985072888551868,113.44194229158558,248.58077809975046
2023-07-19 03:26:00,-8.05500471157069,112.672759749236,5.72,688.0,"Malang, Jawa Timur",0.0036040004863822986,Aman,13.695041378717812,-7.985072888551868,113.44194229158558,248.58077809975046
2023-07-19 04:19:00,-7.64746431917051,112.964707338194,5.19,196.0,"Pasuruan, Jawa Timur",0.5953516090584157,Aman,13.935401753703212,-7.985072888551868,113.44194229158558,248.58077809975046
2023-07-20 00:08:00,-7.69628707758925,112.817021573989,6.67,306.0,"Pasuruan, Jawa Timur",0.5953516090584073,Aman,20.30285943900107,-7.985072888551868,113.44194229158558,248.58077809975046
2023-07-20 01:33:00,-7.03414827829786,113.559293358107,5.44,588.0,Laut Jawa Timur,0.0,Aman,12.688151323183375,-7.985072888551868,113.44194229158558,248.58077809975046
2023-07-20 03:48:00,-8.24203806275325,114.285356918503,2.47,316.0,"Banyuwangi, Jawa Timur",0.2976758045292663,Aman,4.228574889288386,-7.985072888551868,113.44194229158558,248.58077809975046
2023-07-20 18:13:00,-8.16532096615668,113.23065466741,3.56,68.0,Lumajang,0.0018020002431916786,Aman,6.72062577377675,-7.985072888551868,113.44194229158558,248.58077809975046
2023-07-21 09:22:00,-7.84901089388539,113.303858808655,3.32,576.0,"Laut Jawa, Barat Daya Probolinggo",0.0,Aman,6.049327896551814,-7.985072888551868,113.44194229158558,248.58077809975046
2023-07-21 19:05:00,-8.16740476474218,112.859119515521,2.98,485.0,Laut Jawa Timur,0.09184515685422166,Aman,5.286020692339194,-7.985072888551868,113.44194229158558,248.58077809975046
2023-07-21 19:51:00,-7.87737715454572,112.552824045429,4.13,553.0,"Malang, Jawa Timur",0.3569725864124503,Aman,9.291989322768444,-7.985072888551868,113.44194229158558,248.58077809975046
2023-07-21 20:25:00,-7.72257311926466,113.30127854513,5.71,126.0,"Probolinggo, Jawa Timur",0.6399619959619697,Aman,16.26395873826118,-7.985072888551868,113.44194229158558,248.58077809975046
2023-07-21 22:26:00,-8.23930128243773,114.450184643437,7.44,561.0,"Banyuwangi, Jawa Timur",0.38889615995716975,Aman,22.661246974588416,-7.985072888551868,113.44194229158558,248.58077809975046
2023-07-22 10:29:00,-8.12738444612599,114.438435904579,4.25,116.0,"Banyuwangi, Jawa Timur",0.0,Aman,8.761599454437528,-7.985072888551868,113.44194229158558,248.58077809975046
2023-07-22 10:38:00,-8.17771216665536,113.223992166881,3.16,34.0,"Laut Selatan Jawa, Barat Daya Lumajang",0.0,Aman,5.617338871743453,-7.985072888551868,113.44194229158558,248.58077809975046
2023-07-22 13:36:00,-8.15297308148669,114.292022731675,7.49,72.0,"Banyuwangi, Jawa Timur",0.9062085296878253,Terdampak,26.07131334202235,-7.985072888551868,113.44194229158558,248.58077809975046
2023-07-22 23:04:00,-8.18781255959012,113.207116127957,5.88,207.0,"Laut Selatan Jawa, Barat Daya Lumajang",0.5953516090584738,Aman,16.804842487298078,-7.985072888551868,113.44194229158558,248.58077809975046
2023-07-24 07:58:00,-8.18421268844926,114.339766105684,2.42,30.0,"Banyuwangi, Jawa Timur",0.004891392376683555,Aman,3.7701607973247606,-7.985072888551868,113.44194229158558,248.58077809975046
2023-07-24 08:48:00,-8.11085196641452,113.226359036959,4.95,55.0,Lumajang,0.35697258641246254,Aman,12.1924623452173,-7.985072888551868,113.44194229158558,248.58077809975046
2023-07-24 11:36:00,-7.70189826175185,113.293690203628,2.17,304.0,"Laut Jawa, Barat Daya Probolinggo",0.0,Aman,3.1966096101964028,-7.985072888551868,113.44194229158558,248.58077809975046
2023-07-26 05:33:00,-8.27197864568557,114.339772615609,5.41,162.0,"Banyuwangi, Jawa Timur",0.0,Aman,12.583339024281274,-7.985072888551868,113.44194229158558,248.58077809975046
2023-07-26 20:17:00,-8.26385122911972,114.303675547779,5.62,559.0,"Banyuwangi, Jawa Timur",0.0018020002431915728,Aman,13.330277475757844,-7.985072888551868,113.44194229158558,248.58077809975046
2023-07-26 22:09:00,-7.66918530977828,113.117279189531,2.55,484.0,"Laut Jawa, Barat Daya Probolinggo",0.0,Aman,4.072023452781184,-7.985072888551868,113.44194229158558,248.58077809975046
2023-07-28 23:28:00,-7.13585172032405,113.45731006102,3.24,397.0,Laut Jawa Timur,0.0,Aman,5.832000000000001,-7.985072888551868,113.44194229158558,248.58077809975046
2023-08-02 04:50:00,-8.04424036555814,113.175096399431,7.02,568.0,Lumajang,0.406450391184806,Aman,20.867643570423446,-7.985072888551868,113.44194229158558,248.58077809975046
2023-08-02 08:36:00,-7.84757356668564,113.176403642278,7.0,363.0,"Laut Jawa, Barat Daya Probolinggo",0.5953516090583921,Aman,21.828079007894512,-7.985072888551868,113.44194229158558,248.58077809975046
2023-08-02 14:36:00,-8.02292182957942,112.675644545814,3.49,48.0,"Malang, Jawa Timur",0.0,Aman,6.519858050602022,-7.985072888551868,113.44194229158558,248.58077809975046
2023-08-02 15:25:00,-6.2762567756513,112.212860800038,5.49,566.0,Laut Jawa Timur,0.0,Aman,12.863481216218261,-7.985072888551868,113.44194229158558,248.58077809975046
2023-08-03 22:27:00,-8.27529813063346,114.270479517144,7.9,42.0,"Banyuwangi, Jawa Timur",0.6085327251586198,Aman,26.25812762642652,-7.985072888551868,113.44194229158558,248.58077809975046
2023-08-04 04:37:00,-8.06122186873396,112.60579620672,4.42,254.0,"Malang, Jawa Timur",0.0,Aman,9.292517850399857,-7.985072888551868,113.44194229158558,248.58077809975046
2023-08-05 12:57:00,-8.0670850770753,113.148360230236,2.35,207.0,"Laut Selatan Jawa, Barat Daya Lumajang",0.0,Aman,3.602481783437635,-7.985072888551868,113.44194229158558,248.58077809975046
2023-08-06 00:11:00,-8.19366502231601,114.278833389959,3.27,417.0,"Banyuwangi, Jawa Timur",0.0,Aman,5.913187211648216,-7.985072888551868,113.44194229158558,248.58077809975046
2023-08-06 09:49:00,-7.81798380013301,112.468709651874,4.3,48.0,Laut Jawa Timur,0.0,Aman,8.916669781930919,-7.985072888551868,113.44194229158558,248.58077809975046
2023-08-07 07:25:00,-7.68599844938975,113.307407270349,6.28,308.0,"Probolinggo, Jawa Timur",0.35697258641243335,Aman,17.423006161638245,-7.985072888551868,113.44194229158558,248.58077809975046
2023-08-07 18:22:00,-8.21280853417563,113.284440230281,4.55,320.0,"Laut Selatan Jawa, Barat Daya Lumajang",0.0,Aman,9.705481698504201,-7.985072888551868,113.44194229158558,248.58077809975046
2023-08-08 13:08:00,-8.1813283295214,114.28804346958,7.11,150.0,"Banyuwangi, Jawa Timur",0.5953516090584099,Aman,22.344614074751956,-7.985072888551868,113.44194229158558,248.58077809975046
2023-08-08 21:04:00,-8.04024213141378,113.182471963005,2.47,134.0,Lumajang,0.0005662433897944412,Aman,3.8825691421529176,-7.985072888551868,113.44194229158558,248.58077809975046
2023-08-08 22:14:00,-8.23863021201273,114.374521550457,5.25,495.0,"Banyuwangi, Jawa Timur",0.7738379022646028,Terdampak,14.821870674927368,-7.985072888551868,113.44194229158558,248.58077809975046
2023-08-09 21:55:00,-7.83399504609353,113.266380879753,4.54,500.0,"Laut Jawa, Barat Daya Probolinggo",0.5953516090583989,Aman,11.401243898833396,-7.985072888551868,113.44194229158558,248.58077809975046
2023-08-10 22:30:00,-7.96580644725954,112.619291737156,7.97,492.0,"Malang, Jawa Timur",1.0,Terdampak,29.25033432920041,-7.985072888551868,113.44194229158558,248.58077809975046
2023-08-11 04:13:00,-7.51009822333764,112.049597423823,2.2,509.0,Laut Jawa Timur,0.0,Aman,3.263127334322092,-7.985072888551868,113.44194229158558,248.58077809975046
2023-08-11 16:55:00,-7.55727578469387,112.875060192677,3.54,392.0,"Pasuruan, Jawa Timur",0.0,Aman,6.66047025366828,-7.985072888551868,113.44194229158558,248.58077809975046
2023-08-11 17:24:00,-8.01044965084143,112.621043801187,4.43,200.0,"Malang, Jawa Timur",0.16700802565404427,Aman,9.791229800075659,-7.985072888551868,113.44194229158558,248.58077809975046
2023-08-11 22:28:00,-7.69062688590799,112.937183808832,5.19,143.0,"Pasuruan, Jawa Timur",0.0,Aman,11.82363560839051,-7.985072888551868,113.44194229158558,248.58077809975046
2023-08-12 17:33:00,-6.90083901011623,113.194753242052,2.17,161.0,Laut Jawa Timur,0.0,Aman,3.1966096101964028,-7.985072888551868,113.44194229158558,248.58077809975046
2023-08-12 18:00:00,-8.22919282453155,114.348970649203,5.97,419.0,Banyuwangi,0.5953516090584234,Aman,17.192140580717332,-7.985072888551868,113.44194229158558,248.58077809975046
2023-08-13 03:49:00,-8.23207882423876,113.247420916134,6.35,336.0,"Laut Selatan Jawa, Barat Daya Lumajang",0.017506265087101246,Aman,16.085533953164674,-7.985072888551868,113.44194229158558,248.58077809975046
2023-08-13 07:28:00,-7.90799627261575,112.589569372817,4.57,440.0,"Malang, Jawa Timur",0.0005662433897944412,Aman,9.771203737119155,-7.985072888551868,113.44194229158558,248.58077809975046
2023-08-14 17:51:00,-8.05692787099843,113.227050859572,7.15,679.0,"Laut Selatan Jawa, Barat Daya Lumajang",0.5953516090584025,Aman,22.533441177649138,-7.985072888551868,113.44194229158558,248.58077809975046
2023-08-16 03:28:00,-8.22834330656377,114.437868989476,7.48,486.0,"Banyuwangi, Jawa Timur",0.0036040004863827223,Aman,20.479610963122138,-7.985072888551868,113.44194229158558,248.58077809975046
2023-08-16 11:36:00,-7.73118800838835,113.198737324663,7.98,27.0,"Probolinggo, Jawa Timur",0.3888961599571795,Aman,25.172638423284287,-7.985072888551868,113.44194229158558,248.58077809975046
2023-08-16 23:19:00,-7.67320011323974,113.300833945384,5.51,412.0,"Laut Jawa, Barat Daya Probolinggo",0.3569725864124016,Aman,14.318945064196177,-7.985072888551868,113.44194229158558,248.58077809975046
2023-08-17 20:36:00,-8.1717939583426,113.228825997686,7.8,51.0,Lumajang,0.49774268726115756,Aman,25.037094503074005,-7.985072888551868,113.44194229158558,248.58077809975046
2023-08-18 07:22:00,-7.81827737875281,113.201251773251,3.96,101.0,"Probolinggo, Jawa Timur",0.0,Aman,7.88030050188443,-7.985072888551868,113.44194229158558,248.58077809975046
2023-08-19 13:24:00,-8.11099351003326,113.296422867567,6.29,180.0,"Laut Selatan Jawa, Barat Daya Lumajang",0.5953516090584449,Aman,18.592784054183767,-7.985072888551868,113.44194229158558,248.58077809975046
2023-08-19 23:21:00,-8.19873370358673,114.435402669183,2.79,462.0,Banyuwangi,0.031923573544747744,Aman,4.704850022696514,-7.985072888551868,113.44194229158558,248.58077809975046
2023-08-20 00:42:00,-7.73963106112892,113.254967550914,4.14,368.0,"Probolinggo, Jawa Timur",0.0,Aman,8.423653839041583,-7.985072888551868,113.44194229158558,248.58077809975046
2023-08-20 21:42:00,-8.21315043548201,113.220988509005,7.79,334.0,"Laut Selatan Jawa, Barat Daya Lumajang",0.6002430014351249,Aman,25.657540535839,-7.985072888551868,113.44194229158558,248.58077809975046
2023-08-20 23:19:00,-8.16821949097307,113.156870515788,7.49,555.0,Lumajang,0.7744041456543765,Terdampak,25.26077448970883,-7.985072888551868,113.44194229158558,248.58077809975046
2023-08-21 02:10:00,-8.17621406540199,113.224765517621,2.2,454.0,"Laut Selatan Jawa, Barat Daya Lumajang",0.0,Aman,3.263127334322092,-7.985072888551868,113.44194229158558,248.58077809975046
2023-08-22 17:05:00,-7.79742554014552,113.188813701451,5.46,257.0,"Probolinggo, Jawa Timur",0.5953516090583959,Aman,15.036869169584751,-7.985072888551868,113.44194229158558,248.58077809975046
2023-08-23 01:45:00,-6.58981104759527,112.00216420428,5.09,238.0,Laut Jawa Timur,0.0,Aman,11.48356342778669,-7.985072888551868,113.44194229158558,248.58077809975046
2023-08-23 11:48:00,-8.04223054043727,113.135312903882,3.08,166.0,"Laut Selatan Jawa, Barat Daya Lumajang",0.0,Aman,5.405378062633547,-7.985072888551868,113.44194229158558,248.58077809975046
2023-08-23 19:53:00,-8.2164507014223,114.345301252831,4.68,481.0,"Banyuwangi, Jawa Timur",0.0,Aman,10.124387981502881,-7.985072888551868,113.44194229158558,248.58077809975046
2023-08-25 04:12:00,-7.7882015257476,113.260135750437,2.09,327.0,"Laut Jawa, Barat Daya Probolinggo",0.0,Aman,3.0214779496134003,-7.985072888551868,113.44194229158558,248.58077809975046
2023-08-25 13:31:00,-8.25082950824696,114.425715808187,4.58,365.0,"Banyuwangi, Jawa Timur",0.0,Aman,9.801628028036975,-7.985072888551868,113.44194229158558,248.58077809975046
2023-08-25 14:49:00,-7.81430045322928,111.981120744362,2.1,279.0,Laut Jawa Timur,0.0,Aman,3.043189116699782,-7.985072888551868,113.44194229158558,248.58077809975046
2023-08-25 21:30:00,-7.65893473987042,113.269330355017,3.0,358.0,"Probolinggo, Jawa Timur",0.0,Aman,5.196152422706632,-7.985072888551868,113.44194229158558,248.58077809975046
2023-08-26 16:29:00,-8.03806247863945,112.53487987991,5.06,570.0,"Malang, Jawa Timur",0.031923573544747744,Aman,11.49119658165626,-7.985072888551868,113.44194229158558,248.58077809975046
2023-08-26 19:47:00,-7.55888169753616,112.910008179837,3.98,51.0,"Pasuruan, Jawa Timur",0.0,Aman,7.940075062617481,-7.985072888551868,113.44194229158558,248.58077809975046
2023-08-27 04:48:00,-7.55809692173176,112.809364739831,3.64,138.0,"Pasuruan, Jawa Timur",0.0,Aman,6.944677386315365,-7.985072888551868,113.44194229158558,248.58077809975046
2023-08-27 05:13:00,-8.04740806894223,113.156942164101,6.26,276.0,Lumajang,0.5953516090583872,Aman,18.45992604743374,-7.985072888551868,113.44194229158558,248.58077809975046
2023-08-27 12:36:00,-8.21598212424023,113.160784556062,7.27,42.0,Lumajang,0.5084836190799651,Aman,22.592252829952024,-7.985072888551868,113.44194229158558,248.58077809975046
2023-08-27 18:27:00,-8.16774195354797,114.37383950359,3.85,114.0,"Banyuwangi, Jawa Timur",0.5953516090583961,Aman,8.90347515830036,-7.985072888551868,113.44194229158558,248.58077809975046
2023-08-27 22:12:00,-6.49379697702338,113.28458815391,7.75,407.0,Laut Jawa Timur,0.0,Aman,21.575086905966334,-7.985072888551868,113.44194229158558,248.58077809975046
2023-09-01 04:56:00,-8.20779319639192,114.335271448024,3.44,62.0,"Banyuwangi, Jawa Timur",0.0,Aman,6.3802495249010445,-7.985072888551868,113.44194229158558,248.58077809975046
2023-09-02 09:54:00,-8.1298689842256,113.310965929396,7.28,180.0,"Laut Selatan Jawa, Barat Daya Lumajang",0.628861171993805,Aman,23.34823818418659,-7.985072888551868,113.44194229158558,248.58077809975046
2023-09-03 04:11:00,-8.29707504066438,114.458536914675,3.33,292.0,Banyuwangi,0.0,Aman,6.076679767767922,-7.985072888551868,113.44194229158558,248.58077809975046
2023-09-03 20:45:00,-7.8074215316766,113.179379408754,5.88,685.0,"Laut Jawa, Barat Daya Probolinggo",0.5971536093015862,Aman,16.812550494097206,-7.985072888551868,113.44194229158558,248.58077809975046
2023-09-04 00:00:00,-8.17473526901438,113.161435584701,2.35,468.0,"Laut Selatan Jawa, Barat Daya Lumajang",0.10697258641241937,Aman,3.7180918216010195,-7.985072888551868,113.44194229158558,248.58077809975046
2023-09-04 10:57:00,-7.79288002338727,113.181144521351,2.98,528.0,"Laut Jawa, Barat Daya Probolinggo",0.17848629320623727,Aman,5.419732509366124,-7.985072888551868,113.44194229158558,248.58077809975046
2023-09-04 12:31:00,-7.59552640851648,112.962747900827,2.62,650.0,"Pasuruan, Jawa Timur",0.0,Aman,4.240840482734526,-7.985072888551868,113.44194229158558,248.58077809975046
2023-09-05 03:17:00,-8.19670722516017,114.40224531783,6.06,198.0,"Banyuwangi, Jawa Timur",0.0,Aman,14.917942753610498,-7.985072888551868,113.44194229158558,248.58077809975046
2023-09-05 05:54:00,-8.20918460352925,114.432574596049,6.7,350.0,Banyuwangi,0.5971536093016525,Aman,20.44936452540202,-7.985072888551868,113.44194229158558,248.58077809975046
2023-09-05 11:01:00,-8.14503194984523,114.37477998377,6.78,653.0,"Banyuwangi, Jawa Timur",0.7738379022645895,Terdampak,21.752471348616453,-7.985072888551868,113.44194229158558,248.58077809975046
2023-09-05 19:52:00,-7.374338975272,112.629478457463,6.92,693.0,Laut Jawa Timur,0.0,Aman,18.203677870144812,-7.985072888551868,113.44194229158558,248.58077809975046
2023-09-06 22:43:00,-8.18746281103875,113.238152410411,4.53,430.0,Lumajang,0.0,Aman,9.641559884168123,-7.985072888551868,113.44194229158558,248.58077809975046
2023-09-06 23:04:00,-8.13644936584726,113.144119749099,3.82,301.0,Lumajang,0.0,Aman,7.466121349134368,-7.985072888551868,113.44194229158558,248.58077809975046
2023-09-07 03:45:00,-7.76112088191178,113.229802442068,2.59,618.0,"Probolinggo, Jawa Timur",0.10697258641241937,Aman,4.301975805558082,-7.985072888551868,113.44194229158558,248.58077809975046
2023-09-07 06:40:00,-7.65675928067156,113.149717582412,4.57,46.0,"Laut Jawa, Barat Daya Probolinggo",0.0036040004863831456,Aman,9.780106987745503,-7.985072888551868,113.44194229158558,248.58077809975046
2023-09-07 08:46:00,-7.77753437080303,113.190889636033,6.21,289.0,"Laut Jawa, Barat Daya Probolinggo",0.02522974542083369,Aman,15.592371168216575,-7.985072888551868,113.44194229158558,248.58077809975046
2023-09-07 12:02:00,-8.19399460961566,113.217635503625,3.02,317.0,Lumajang,0.0,Aman,5.248200453488796,-7.985072888551868,113.44194229158558,248.58077809975046
2023-09-07 23:35:00,-8.19934489884512,114.432461578148,4.88,380.0,Banyuwangi,0.09577072063424301,Aman,11.090002688332358,-7.985072888551868,113.44194229158558,248.58077809975046
2023-09-08 03:38:00,-7.79336606126856,113.188105096138,6.47,288.0,"Probolinggo, Jawa Timur",0.595351609058407,Aman,19.396567318543926,-7.985072888551868,113.44194229158558,248.58077809975046
2023-09-10 04:43:00,-6.9501205328482,112.8000987025,6.26,658.0,Laut Jawa Timur,0.0,Aman,15.662514996002397,-7.985072888551868,113.44194229158558,248.58077809975046
2023-09-11 09:13:00,-8.17115785210534,114.35477233347,6.75,365.0,"Banyuwangi, Jawa Timur",0.0,Aman,17.537014426634883,-7.985072888551868,113.44194229158558,248.58077809975046
2023-09-11 22:27:00,-6.93247594362946,112.296527114093,2.59,40.0,Laut Jawa Timur,0.0,Aman,4.16821052731265,-7.985072888551868,113.44194229158558,248.58077809975046
2023-09-11 23:09:00,-8.18406979114746,113.217083033085,3.04,289.0,Lumajang,0.0,Aman,5.3004211153454595,-7.985072888551868,113.44194229158558,248.58077809975046
2023-09-12 02:02:00,-8.18873724044554,114.414767026279,2.64,505.0,Banyuwangi,0.0,Aman,4.2894922776477875,-7.985072888551868,113.44194229158558,248.58077809975046
2023-09-12 17:07:00,-8.03728326873017,112.560679666099,2.25,374.0,"Malang, Jawa Timur",0.0,Aman,3.375,-7.985072888551868,113.44194229158558,248.58077809975046
2023-09-12 20:33:00,-8.15540722036896,114.338159948963,5.15,406.0,"Banyuwangi, Jawa Timur",0.0,Aman,11.687209889447525,-7.985072888551868,113.44194229158558,248.58077809975046
2023-09-13 01:59:00,-6.28950384678595,112.804341928785,7.63,318.0,Laut Jawa Timur,0.0,Aman,21.07593288563996,-7.985072888551868,113.44194229158558,248.58077809975046
2023-09-13 13:29:00,-8.121548037579,113.284090691197,3.83,633.0,Lumajang,0.0,Aman,7.4954577578690955,-7.985072888551868,113.44194229158558,248.58077809975046
2023-09-13 16:55:00,-7.67794542656505,112.839050075935,2.57,264.0,"Pasuruan, Jawa Timur",0.0,Aman,4.120023422263519,-7.985072888551868,113.44194229158558,248.58077809975046
2023-09-13 23:07:00,-8.06254105594714,112.670538705649,3.45,265.0,"Malang, Jawa Timur",0.0,Aman,6.4080905892473154,-7.985072888551868,113.44194229158558,248.58077809975046
2023-09-14 03:29:00,-7.77616977720257,113.131747411612,7.81,29.0,"Laut Jawa, Barat Daya Probolinggo",0.5972255499500153,Aman,25.73665567855508,-7.985072888551868,113.44194229158558,248.58077809975046
2023-09-14 05:18:00,-8.2180474637033,114.327247755197,7.86,272.0,Banyuwangi,0.031995514193177546,Aman,22.247570007896826,-7.985072888551868,113.44194229158558,248.58077809975046
2023-09-14 18:12:00,-6.29114641233209,112.000248839436,6.92,258.0,Laut Jawa Timur,0.0,Aman,18.203677870144812,-7.985072888551868,113.44194229158558,248.58077809975046
2023-09-15 22:05:00,-7.72738381148752,113.299749463601,7.84,183.0,"Laut Jawa, Barat Daya Probolinggo",0.6398900553135723,Aman,26.16605994827306,-7.985072888551868,113.44194229158558,248.58077809975046
2023-09-16 18:32:00,-8.31442143390869,114.37738392453,7.98,134.0,Banyuwangi,0.7739098429129878,Terdampak,27.776403249320268,-7.985072888551868,113.44194229158558,248.58077809975046
2023-09-17 06:03:00,-7.74790756998503,113.334867883219,4.09,173.0,Laut Jawa Timur,0.0,Aman,8.271513102208084,-7.985072888551868,113.44194229158558,248.58077809975046
2023-09-17 07:52:00,-8.03900802483215,112.656743687148,6.09,688.0,"Malang, Jawa Timur",0.0,Aman,15.028856543330233,-7.985072888551868,113.44194229158558,248.58077809975046
2023-09-18 11:22:00,-8.17975937404442,113.139753107341,6.76,364.0,"Laut Selatan Jawa, Barat Daya Lumajang",0.6079664817688648,Aman,20.78168566507087,-7.985072888551868,113.44194229158558,248.58077809975046
2023-09-18 16:29:00,-8.16153160506693,114.383512173837,6.91,294.0,Banyuwangi,0.4958687463695505,Aman,20.86635596665462,-7.985072888551868,113.44194229158558,248.58077809975046
2023-09-18 20:18:00,-8.24578078479396,114.281874497421,5.02,421.0,Banyuwangi,0.0,Aman,11.247488964208854,-7.985072888551868,113.44194229158558,248.58077809975046
2023-09-18 22:39:00,-8.17792059540662,114.329593434837,7.76,247.0,Banyuwangi,0.02522974542083369,Aman,21.78047495801945,-7.985072888551868,113.44194229158558,248.58077809975046
2023-09-20 11:49:00,-7.62126044184267,112.869202201878,4.59,411.0,"Pasuruan, Jawa Timur",0.0,Aman,9.833746946103505,-7.985072888551868,113.44194229158558,248.58077809975046
2023-09-20 19:09:00,-8.27445245294892,114.408437392589,7.6,652.0,Banyuwangi,0.6272751826031044,Aman,24.89450871745487,-7.985072888551868,113.44194229158558,248.58077809975046
2023-09-21 12:05:00,-8.19459085244286,113.303120583054,5.83,670.0,"Laut Selatan Jawa, Barat Daya Lumajang",0.0,Aman,14.076764081279476,-7.985072888551868,113.44194229158558,248.58077809975046
2023-09-22 12:28:00,-6.29970477474007,113.511147864878,6.38,50.0,Laut Jawa Timur,0.0,Aman,16.115026279842052,-7.985072888551868,113.44194229158558,248.58077809975046
2023-09-22 13:01:00,-7.67809683091414,112.816530405463,7.14,423.0,"Pasuruan, Jawa Timur",0.5967758689929193,Aman,22.494336637961933,-7.985072888551868,113.44194229158558,248.58077809975046
2023-09-22 15:48:00,-8.20902000025597,113.238992831482,2.84,544.0,"Laut Selatan Jawa, Barat Daya Lumajang",0.0,Aman,4.786053071164171,-7.985072888551868,113.44194229158558,248.58077809975046
2023-09-24 11:56:00,-7.68257951858547,113.129665679634,5.48,31.0,"Probolinggo, Jawa Timur",0.7523555139283205,Terdampak,15.723795308041717,-7.985072888551868,113.44194229158558,248.58077809975046
2023-09-24 17:19:00,-7.81370424508435,113.224233443857,5.47,619.0,"Laut Jawa, Barat Daya Probolinggo",0.595351609058404,Aman,15.078198158823051,-7.985072888551868,113.44194229158558,248.58077809975046
2023-09-24 20:16:00,-8.18186091930339,113.180127753581,6.56,54.0,Lumajang,0.7415252978054193,Aman,20.53948547849158,-7.985072888551868,113.44194229158558,248.58077809975046
2023-09-25 17:18:00,-7.8463295034687,113.213149459977,5.85,145.0,"Laut Jawa, Barat Daya Probolinggo",0.7738379022645724,Terdampak,17.434032996515455,-7.985072888551868,113.44194229158558,248.58077809975046
2023-09-26 20:03:00,-7.75039183462655,113.262081323577,3.29,326.0,"Probolinggo, Jawa Timur",0.0,Aman,5.967519501434411,-7.985072888551868,113.44194229158558,248.58077809975046
2023-09-27 21:52:00,-8.18720968498383,113.307918678151,7.16,664.0,Lumajang,0.0,Aman,19.15885424549182,-7.985072888551868,113.44194229158558,248.58077809975046
2023-10-02 19:25:00,-8.13950535220693,113.138955792584,3.49,341.0,Lumajang,0.0,Aman,6.519858050602022,-7.985072888551868,113.44194229158558,248.58077809975046
2023-10-03 13:48:00,-8.11304333861445,113.293776935772,4.98,248.0,"Laut Selatan Jawa, Barat Daya Lumajang",0.5953516090584421,Aman,13.098225746758876,-7.985072888551868,113.44194229158558,248.58077809975046
2023-10-04 11:46:00,-7.69353033733704,113.258469059384,4.77,410.0,"Laut Jawa, Barat Daya Probolinggo",0.0,Aman,10.417837251560421,-7.985072888551868,113.44194229158558,248.58077809975046
2023-10-04 15:17:00,-8.22133171296689,113.175289865282,7.06,273.0,Lumajang,0.3569725864124331,Aman,20.76780877134329,-7.985072888551868,113.44194229158558,248.58077809975046
2023-10-04 16:38:00,-7.88406558210186,112.57504158199,6.52,686.0,"Malang, Jawa Timur",0.0,Aman,16.648357516584028,-7.985072888551868,113.44194229158558,248.58077809975046
2023-10-05 03:36:00,-7.69965586136304,113.244067867593,5.76,154.0,"Probolinggo, Jawa Timur",0.8930274135876105,Terdampak,17.52756328963054,-7.985072888551868,113.44194229158558,248.58077809975046
2023-10-05 06:26:00,-7.62653653669272,112.858516267778,5.3,45.0,"Pasuruan, Jawa Timur",0.6033641579489935,Aman,14.410103581487581,-7.985072888551868,113.44194229158558,248.58077809975046
2023-10-06 15:01:00,-7.55423270529163,112.842670806465,7.96,56.0,"Pasuruan, Jawa Timur",0.05861069628222704,Aman,22.852806042802925,-7.985072888551868,113.44194229158558,248.58077809975046
2023-10-07 00:21:00,-7.74875366248948,113.207198950144,4.8,323.0,"Laut Jawa, Barat Daya Probolinggo",0.5971536093015771,Aman,12.400222236253367,-7.985072888551868,113.44194229158558,248.58077809975046
2023-10-07 11:34:00,-8.14644722202694,114.393756306968,6.92,533.0,Banyuwangi,0.6564503911847861,Aman,21.78862130780233,-7.985072888551868,113.44194229158558,248.58077809975046
2023-10-07 19:24:00,-7.71344612740837,112.876410483263,2.91,128.0,"Pasuruan, Jawa Timur",0.0,Aman,4.964088133786507,-7.985072888551868,113.44194229158558,248.58077809975046
2023-10-07 22:02:00,-8.22449748537124,113.167988767901,4.12,499.0,"Laut Selatan Jawa, Barat Daya Lumajang",0.3569725864124499,Aman,9.258261614439215,-7.985072888551868,113.44194229158558,248.58077809975046
2023-10-08 00:26:00,-7.78080603052274,113.113910571389,5.91,77.0,"Laut Jawa, Barat Daya Probolinggo",0.0018739408916270978,Aman,14.375577667327995,-7.985072888551868,113.44194229158558,248.58077809975046
2023-10-08 01:52:00,-7.81937168607204,113.274789864665,7.9,591.0,"Probolinggo, Jawa Timur",0.880810488677009,Terdampak,28.07186359771902,-7.985072888551868,113.44194229158558,248.58077809975046
2023-10-10 01:04:00,-8.12750003754004,114.338903083466,2.3,43.0,"Banyuwangi, Jawa Timur",0.0,Aman,3.488122704263713,-7.985072888551868,113.44194229158558,248.58077809975046
2023-10-10 07:12:00,-6.7647517086313,112.835507929889,2.32,344.0,Laut Jawa Timur,0.0,Aman,3.533718721120853,-7.985072888551868,113.44194229158558,248.58077809975046
2023-10-10 12:24:00,-8.06869423327545,113.167419009614,3.28,556.0,"Laut Selatan Jawa, Barat Daya Lumajang",0.0,Aman,5.940332650618145,-7.985072888551868,113.44194229158558,248.58077809975046
2023-10-10 23:43:00,-8.032341328669,112.694825410492,7.01,138.0,"Malang, Jawa Timur",0.0036040004863831456,Aman,18.580026648459484,-7.985072888551868,113.44194229158558,248.58077809975046
2023-10-11 19:55:00,-6.75163587860355,113.361771322942,7.49,693.0,Laut Jawa Timur,0.004891392376684508,Aman,20.528610317354506,-7.985072888551868,113.44194229158558,248.58077809975046
2023-10-12 22:37:00,-7.66897680475267,112.444391049112,2.61,142.0,Laut Jawa Timur,0.0,Aman,4.216584043986316,-7.985072888551868,113.44194229158558,248.58077809975046
2023-10-13 10:53:00,-7.70442264292549,112.928623682392,2.95,623.0,"Pasuruan, Jawa Timur",0.012614872710416844,Aman,5.085966469543056,-7.985072888551868,113.44194229158558,248.58077809975046
2023-10-13 12:37:00,-8.15160915234284,114.443911479204,5.55,364.0,"Banyuwangi, Jawa Timur",0.5953516090583909,Aman,15.410187812157801,-7.985072888551868,113.44194229158558,248.58077809975046
2023-10-13 21:12:00,-6.28324035603987,111.989969228402,3.13,22.0,Laut Jawa Timur,0.0,Aman,5.537535282054643,-7.985072888551868,113.44194229158558,248.58077809975046
2023-10-13 22:12:00,-7.75464358756291,113.194783304986,3.46,77.0,"Probolinggo, Jawa Timur",0.5953516090584068,Aman,7.585471923835255,-7.985072888551868,113.44194229158558,248.58077809975046
2023-10-14 00:25:00,-7.6966735735546,113.115393467428,2.65,415.0,"Laut Jawa, Barat Daya Probolinggo",0.0,Aman,4.313887457966422,-7.985072888551868,113.44194229158558,248.58077809975046
2023-10-14 17:51:00,-8.12262008963101,113.268246124435,7.6,33.0,"Laut Selatan Jawa, Barat Daya Lumajang",1.0,Terdampak,27.23728033413028,-7.985072888551868,113.44194229158558,248.58077809975046
2023-10-15 11:47:00,-8.1744684464169,114.315286789765,5.18,638.0,Banyuwangi,0.0,Aman,11.789479717103719,-7.985072888551868,113.44194229158558,248.58077809975046
2023-10-16 09:36:00,-7.67867690566952,112.824417096934,6.04,683.0,"Pasuruan, Jawa Timur",0.0,Aman,14.844152518752965,-7.985072888551868,113.44194229158558,248.58077809975046
2023-10-16 09:57:00,-8.1871466976621,113.191139507512,7.27,18.0,Lumajang,0.7600437578261823,Terdampak,24.071581576451067,-7.985072888551868,113.44194229158558,248.58077809975046
2023-10-16 12:03:00,-8.0806027659669,113.29206679985,7.32,154.0,Lumajang,0.0,Aman,19.804624914398154,-7.985072888551868,113.44194229158558,248.58077809975046
2023-10-16 13:21:00,-7.94465117984406,112.546060427962,3.66,135.0,"Malang, Jawa Timur",0.0,Aman,7.001992287913491,-7.985072888551868,113.44194229158558,248.58077809975046
2023-10-17 08:38:00,-8.12358596255361,114.403082907178,6.83,275.0,"Banyuwangi, Jawa Timur",0.28545887961862476,Aman,19.37831259719505,-7.985072888551868,113.44194229158558,248.58077809975046
2023-10-17 15:51:00,-7.84091020690288,113.278082945876,3.46,190.0,"Probolinggo, Jawa Timur",0.0,Aman,6.4359720322574425,-7.985072888551868,113.44194229158558,248.58077809975046
2023-10-17 21:36:00,-8.22093404622214,114.303040409843,4.68,568.0,Banyuwangi,0.10697258641241895,Aman,10.449297571970131,-7.985072888551868,113.44194229158558,248.58077809975046
2023-10-18 00:46:00,-8.19193468855172,114.405233329448,7.62,652.0,Banyuwangi,0.5959178524481802,Aman,24.79496528797205,-7.985072888551868,113.44194229158558,248.58077809975046
2023-10-19 02:29:00,-7.66901405377726,113.258128162097,7.19,69.0,"Laut Jawa, Barat Daya Probolinggo",0.6272751826031999,Aman,22.90743733702809,-7.985072888551868,113.44194229158558,248.58077809975046
2023-10-20 18:50:00,-6.71312022085375,113.188292984784,5.07,143.0,Laut Jawa Timur,0.0,Aman,11.41594687268647,-7.985072888551868,113.44194229158558,248.58077809975046
2023-10-20 20:56:00,-7.79765188035876,113.242124509701,6.16,227.0,"Laut Jawa, Barat Daya Probolinggo",0.009782784753369016,Aman,15.333587802865448,-7.985072888551868,113.44194229158558,248.58077809975046
2023-10-22 10:31:00,-8.09533173607297,113.271223991417,7.86,348.0,"Laut Selatan Jawa, Barat Daya Lumajang",0.9249509871323437,Terdampak,28.150734393377345,-7.985072888551868,113.44194229158558,248.58077809975046
2023-10-23 09:57:00,-7.88221214425758,112.732106969372,5.25,146.0,"Malang, Jawa Timur",0.0,Aman,12.02926119925908,-7.985072888551868,113.44194229158558,248.58077809975046
2023-10-23 20:44:00,-8.20152483710613,114.436749980218,2.24,345.0,"Banyuwangi, Jawa Timur",0.0,Aman,3.352525018549452,-7.985072888551868,113.44194229158558,248.58077809975046
2023-10-24 09:46:00,-7.58941857145772,113.25367798286,2.93,381.0,Laut Jawa Timur,0.0,Aman,5.0153521312067415,-7.985072888551868,113.44194229158558,248.58077809975046
2023-10-24 09:53:00,-8.13309671456382,113.140426997049,2.01,61.0,"Laut Selatan Jawa, Barat Daya Lumajang",0.0,Aman,2.8496668226303226,-7.985072888551868,113.44194229158558,248.58077809975046
2023-10-24 10:17:00,-8.24205803263969,114.370707789793,3.87,12.0,"Banyuwangi, Jawa Timur",0.3937875523338456,Aman,8.512579505804906,-7.985072888551868,113.44194229158558,248.58077809975046
2023-10-26 12:49:00,-8.15702809682955,113.232521937166,7.52,462.0,Lumajang,0.38889615995717847,Aman,23.027731741881613,-7.985072888551868,113.44194229158558,248.58077809975046
2023-10-26 15:40:00,-7.76622238103486,113.230785235601,6.42,258.0,"Probolinggo, Jawa Timur",0.5953516090583872,Aman,19.172157988595256,-7.985072888551868,113.44194229158558,248.58077809975046
2023-10-26 18:58:00,-7.89469654978771,112.628577389498,2.05,503.0,"Malang, Jawa Timur",0.0,Aman,2.935153317971652,-7.985072888551868,113.44194229158558,248.58077809975046
2023-10-27 10:46:00,-8.23929819385355,114.296042351084,4.86,529.0,"Banyuwangi, Jawa Timur",0.0,Aman,10.714068134933623,-7.985072888551868,113.44194229158558,248.58077809975046
2023-10-27 12:16:00,-8.21566977697223,113.307438767325,6.6,9.0,Lumajang,0.06873853946617406,Aman,17.305360164356028,-7.985072888551868,113.44194229158558,248.58077809975046
2023-10-27 19:15:00,-8.16267616828656,114.284743107499,2.29,298.0,"Banyuwangi, Jawa Timur",0.0,Aman,3.465398822646536,-7.985072888551868,113.44194229158558,248.58077809975046
2023-10-28 05:32:00,-8.22139269040079,114.317175139362,4.23,490.0,Banyuwangi,0.0,Aman,8.699825687908927,-7.985072888551868,113.44194229158558,248.58077809975046
2023-11-01 05:39:00,-8.13304607674007,113.305280967237,3.35,280.0,"Laut Selatan Jawa, Barat Daya Lumajang",0.0,Aman,6.131506747937248,-7.985072888551868,113.44194229158558,248.58077809975046
2023-11-01 20:27:00,-7.49302176861483,111.851782765402,6.99,134.0,Laut Jawa Timur,0.0,Aman,18.480587084830397,-7.985072888551868,113.44194229158558,248.58077809975046
2023-11-02 14:52:00,-8.1846231536485,113.140961706068,5.21,184.0,"Laut Selatan Jawa, Barat Daya Lumajang",0.0,Aman,11.892046123354888,-7.985072888551868,113.44194229158558,248.58077809975046
2023-11-03 00:06:00,-7.71796265198563,112.999111929603,6.96,409.0,"Pasuruan, Jawa Timur",0.5969896114347567,Aman,21.65027169819264,-7.985072888551868,113.44194229158558,248.58077809975046
2023-11-03 18:37:00,-8.11617029560069,113.152173638447,4.38,512.0,Lumajang,0.0,Aman,9.166660896967882,-7.985072888551868,113.44194229158558,248.58077809975046
2023-11-03 20:39:00,-8.24129065686239,114.407823907269,5.61,551.0,Banyuwangi,0.06384714708949538,Aman,13.542042319300883,-7.985072888551868,113.44194229158558,248.58077809975046
2023-11-03 23:27:00,-7.94108999229727,112.676233538994,6.8,608.0,"Malang, Jawa Timur",0.186309132876959,Aman,18.72333349103596,-7.985072888551868,113.44194229158558,248.58077809975046
2023-11-04 02:11:00,-8.18566665270731,113.272494014974,2.92,521.0,"Laut Selatan Jawa, Barat Daya Lumajang",0.5953516090584388,Aman,5.880885640616775,-7.985072888551868,113.44194229158558,248.58077809975046
2023-11-04 05:39:00,-7.73798182270627,113.285883509966,5.72,170.0,"Probolinggo, Jawa Timur",0.00014388129687105004,Aman,13.680840789753976,-7.985072888551868,113.44194229158558,248.58077809975046
2023-11-04 16:43:00,-7.73657616388068,113.289282573672,2.02,541.0,"Probolinggo, Jawa Timur",0.004891392376684508,Aman,2.875172318225937,-7.985072888551868,113.44194229158558,248.58077809975046
2023-11-04 20:51:00,-7.75720499847988,113.201151499716,6.71,532.0,"Probolinggo, Jawa Timur",0.5953516090583781,Aman,20.48576739839806,-7.985072888551868,113.44194229158558,248.58077809975046
2023-11-06 10:26:00,-8.05735178572411,112.717826894903,7.01,630.0,"Malang, Jawa Timur",0.0,Aman,18.559959617412964,-7.985072888551868,113.44194229158558,248.58077809975046
2023-11-08 21:08:00,-6.65347666257569,113.678203788287,6.0,646.0,Laut Jawa Timur,0.0,Aman,14.696938456699069,-7.985072888551868,113.44194229158558,248.58077809975046
2023-11-09 19:28:00,-8.28999770258623,114.46412278342,2.2,150.0,"Banyuwangi, Jawa Timur",0.0,Aman,3.263127334322092,-7.985072888551868,113.44194229158558,248.58077809975046
2023-11-09 22:17:00,-8.19139344262594,114.317220523749,7.71,594.0,Banyuwangi,0.5953516090584253,Aman,25.2319040288325,-7.985072888551868,113.44194229158558,248.58077809975046
2023-11-10 20:59:00,-8.1590978448618,114.313792189151,5.31,531.0,"Banyuwangi, Jawa Timur",0.35697258641241386,Aman,13.546447126408951,-7.985072888551868,113.44194229158558,248.58077809975046
2023-11-11 05:08:00,-8.30785694143068,114.274565043072,6.17,490.0,Banyuwangi,0.06384714708949538,Aman,15.619517744033299,-7.985072888551868,113.44194229158558,248.58077809975046
2023-11-11 11:13:00,-7.59717610182967,112.845555637869,4.98,189.0,"Pasuruan, Jawa Timur",0.00014388129687105004,Aman,11.113804674884843,-7.985072888551868,113.44194229158558,248.58077809975046
2023-11-11 11:54:00,-7.77060771543449,113.293097291542,7.59,446.0,"Laut Jawa, Barat Daya Probolinggo",0.5959178524481838,Aman,24.648682543341504,-7.985072888551868,113.44194229158558,248.58077809975046
2023-11-13 05:27:00,-8.15243533974402,114.30449856933,5.08,475.0,"Banyuwangi, Jawa Timur",0.47796409797860206,Aman,13.09150769433441,-7.985072888551868,113.44194229158558,248.58077809975046
2023-11-14 00:24:00,-8.06634056215025,112.692487240786,5.94,489.0,"Malang, Jawa Timur",0.0036040004863822986,Aman,14.492689010969444,-7.985072888551868,113.44194229158558,248.58077809975046
2023-11-14 09:16:00,-7.85586467505393,113.724792202419,5.33,137.0,Laut Jawa Timur,0.0,Aman,12.305260541735798,-7.985072888551868,113.44194229158558,248.58077809975046
2023-11-14 10:51:00,-8.26191159313402,114.274807645236,4.47,52.0,"Banyuwangi, Jawa Timur",0.0,Aman,9.45064140680409,-7.985072888551868,113.44194229158558,248.58077809975046
2023-11-14 11:29:00,-7.70060873533849,112.956488242304,2.16,557.0,"Pasuruan, Jawa Timur",0.0,Aman,3.174538706646999,-7.985072888551868,113.44194229158558,248.58077809975046
2023-11-14 18:25:00,-8.10455262752749,113.30288944063,3.35,358.0,"Laut Selatan Jawa, Barat Daya Lumajang",0.0,Aman,6.131506747937248,-7.985072888551868,113.44194229158558,248.58077809975046
2023-11-15 00:15:00,-7.72804329203001,113.112695942473,4.81,560.0,"Probolinggo, Jawa Timur",0.0,Aman,10.549153567940888,-7.985072888551868,113.44194229158558,248.58077809975046
2023-11-15 00:38:00,-7.56907313655542,112.807192403197,6.27,647.0,"Pasuruan, Jawa Timur",0.0587834776790443,Aman,15.97693120544559,-7.985072888551868,113.44194229158558,248.58077809975046
2023-11-15 12:40:00,-8.15956901900627,113.126452024247,2.24,85.0,Lumajang,0.0,Aman,3.352525018549452,-7.985072888551868,113.44194229158558,248.58077809975046
2023-11-15 14:12:00,-8.12172331825676,114.286603083389,7.53,314.0,Banyuwangi,0.00014388129687105004,Aman,20.663848541321894,-7.985072888551868,113.44194229158558,248.58077809975046
2023-11-16 04:29:00,-7.87289172628428,112.621926058678,3.36,169.0,"Malang, Jawa Timur",0.0,Aman,6.1589817340206485,-7.985072888551868,113.44194229158558,248.58077809975046
2023-11-16 07:50:00,-7.7100585967372,113.193888319065,5.64,568.0,"Probolinggo, Jawa Timur",0.004891392376684508,Aman,13.413912845435902,-7.985072888551868,113.44194229158558,248.58077809975046
2023-11-17 11:54:00,-7.66076930346404,113.145319610101,3.22,15.0,"Probolinggo, Jawa Timur",0.0,Aman,5.778083419266289,-7.985072888551868,113.44194229158558,248.58077809975046
2023-11-17 11:55:00,-8.18923512275729,114.324895128048,7.16,431.0,Banyuwangi,0.025229745420833585,Aman,19.303866150042406,-7.985072888551868,113.44194229158558,248.58077809975046
2023-11-18 06:43:00,-8.317659127078,114.391830447832,3.81,373.0,"Banyuwangi, Jawa Timur",0.0,Aman,7.436823313754335,-7.985072888551868,113.44194229158558,248.58077809975046
2023-11-18 11:10:00,-6.3302889654461,112.070918969805,7.95,595.0,Laut Jawa Timur,0.0,Aman,22.415616765995978,-7.985072888551868,113.44194229158558,248.58077809975046
2023-11-18 17:54:00,-7.63944231760092,112.852037501279,7.76,70.0,"Pasuruan, Jawa Timur",0.7631783939951365,Terdampak,26.566114436477303,-7.985072888551868,113.44194229158558,248.58077809975046
2023-11-18 18:02:00,-8.17181803455689,113.234943504883,6.67,664.0,Lumajang,0.35697258641241114,Aman,19.070952105896954,-7.985072888551868,113.44194229158558,248.58077809975046
2023-11-18 18:13:00,-8.13132095147087,114.346639076453,7.16,35.0,Banyuwangi,0.0,Aman,19.15885424549182,-7.985072888551868,113.44194229158558,248.58077809975046
2023-11-18 19:55:00,-8.04213477567985,112.686764154622,3.13,248.0,"Malang, Jawa Timur",0.0,Aman,5.537535282054643,-7.985072888551868,113.44194229158558,248.58077809975046
2023-11-18 21:51:00,-7.61470586314291,112.995120123831,6.14,114.0,"Pasuruan, Jawa Timur",0.0037537944649823447,Aman,15.23145378891696,-7.985072888551868,113.44194229158558,248.58077809975046
2023-11-19 09:15:00,-8.02595942167878,112.715835436195,5.35,25.0,"Malang, Jawa Timur",0.0,Aman,12.374585851655803,-7.985072888551868,113.44194229158558,248.58077809975046
2023-11-20 08:08:00,-7.96998827963921,112.625932890714,2.29,551.0,"Malang, Jawa Timur",0.0,Aman,3.465398822646536,-7.985072888551868,113.44194229158558,248.58077809975046
2023-11-20 09:37:00,-7.68486998680907,112.961453196486,6.97,255.0,"Pasuruan, Jawa Timur",0.6165195753610286,Aman,21.80476170432226,-7.985072888551868,113.44194229158558,248.58077809975046
2023-11-20 12:18:00,-7.73254440050568,113.471423682175,6.0,540.0,Laut Jawa Timur,0.0,Aman,14.696938456699069,-7.985072888551868,113.44194229158558,248.58077809975046
2023-11-20 17:55:00,-7.8423356541666,113.264991042902,6.47,163.0,"Probolinggo, Jawa Timur",0.5953516090583821,Aman,19.396567318543802,-7.985072888551868,113.44194229158558,248.58077809975046
2023-11-21 10:57:00,-8.13628978455372,114.287048432627,6.44,22.0,Banyuwangi,0.893099354236037,Terdampak,20.721634653576054,-7.985072888551868,113.44194229158558,248.58077809975046
2023-11-22 02:27:00,-8.14680232601797,114.429407843012,4.14,127.0,"Banyuwangi, Jawa Timur",0.24586874636956108,Aman,9.044987801818472,-7.985072888551868,113.44194229158558,248.58077809975046
2023-11-22 06:13:00,-8.10213401570194,113.270952866906,6.05,126.0,Lumajang,0.06384714708948966,Aman,15.166065829420436,-7.985072888551868,113.44194229158558,248.58077809975046
2023-11-23 08:01:00,-8.16486887980573,114.318283446957,5.08,590.0,Banyuwangi,0.17848629320621948,Aman,12.062824927870167,-7.985072888551868,113.44194229158558,248.58077809975046
2023-11-23 12:32:00,-8.13709377977279,114.406928820153,3.05,372.0,Banyuwangi,0.0005662433897944412,Aman,5.327500849888132,-7.985072888551868,113.44194229158558,248.58077809975046
2023-11-23 16:28:00,-7.68409957259384,113.260936885349,6.33,681.0,"Probolinggo, Jawa Timur",0.0,Aman,15.925957961767951,-7.985072888551868,113.44194229158558,248.58077809975046
2023-11-24 01:55:00,-7.83343999359205,113.243355409974,7.19,73.0,"Laut Jawa, Barat Daya Probolinggo",0.7789451165865828,Terdampak,23.784668574262344,-7.985072888551868,113.44194229158558,248.58077809975046
2023-11-25 04:09:00,-7.9647695568415,112.69163688932,6.76,463.0,"Malang, Jawa Timur",0.595351609058408,Aman,20.715169964243174,-7.985072888551868,113.44194229158558,248.58077809975046
2023-11-25 08:58:00,-7.95771500044304,112.675198066159,7.48,66.0,"Malang, Jawa Timur",1.0,Terdampak,26.5947400152737,-7.985072888551868,113.44194229158558,248.58077809975046
2023-11-26 14:55:00,-7.82481600487137,113.167717866245,4.85,532.0,"Probolinggo, Jawa Timur",0.0036040004863831456,Aman,10.692565356771162,-7.985072888551868,113.44194229158558,248.58077809975046
2023-11-27 06:35:00,-7.82815138115908,113.146053139256,6.04,210.0,"Laut Jawa, Barat Daya Probolinggo",0.0011324867795886706,Aman,14.84919576069747,-7.985072888551868,113.44194229158558,248.58077809975046
2023-11-27 20:23:00,-6.45715148789394,113.693887031793,6.57,459.0,Laut Jawa Timur,0.0,Aman,16.840231382020853,-7.985072888551868,113.44194229158558,248.58077809975046
2023-11-27 22:40:00,-7.71116955256156,113.242664391569,4.57,275.0,"Probolinggo, Jawa Timur",0.7738379022645863,Terdampak,12.037557221716984,-7.985072888551868,113.44194229158558,248.58077809975046
2023-11-28 21:08:00,-8.21628905736626,114.277938870794,5.37,561.0,Banyuwangi,0.0,Aman,12.444040862999447,-7.985072888551868,113.44194229158558,248.58077809975046
2023-11-28 22:35:00,-7.68566682004037,113.24621236272,7.41,579.0,"Laut Jawa, Barat Daya Probolinggo",0.773837902264614,Terdampak,24.853718578591124,-7.985072888551868,113.44194229158558,248.58077809975046
2023-12-01 18:18:00,-7.8283159483803,113.20433143725,2.13,430.0,"Probolinggo, Jawa Timur",0.0,Aman,3.108632657616528,-7.985072888551868,113.44194229158558,248.58077809975046
2023-12-02 12:35:00,-8.04992787615881,113.254351459578,4.6,60.0,Lumajang,0.0,Aman,9.865900871182518,-7.985072888551868,113.44194229158558,248.58077809975046
2023-12-02 21:22:00,-8.11802119175165,113.249231886851,7.25,627.0,"Laut Selatan Jawa, Barat Daya Lumajang",0.5953516090583942,Aman,23.00781978046981,-7.985072888551868,113.44194229158558,248.58077809975046
2023-12-02 21:29:00,-7.58050714785806,112.815551170718,6.37,383.0,"Pasuruan, Jawa Timur",0.2139451728248196,Aman,17.10904192924076,-7.985072888551868,113.44194229158558,248.58077809975046
2023-12-02 23:46:00,-8.08289789175111,113.309485944057,6.05,531.0,Lumajang,0.0,Aman,14.8810323902611,-7.985072888551868,113.44194229158558,248.58077809975046
2023-12-04 01:10:00,-8.12356729631777,114.390399361011,2.52,152.0,"Banyuwangi, Jawa Timur",0.0,Aman,4.000375982329661,-7.985072888551868,113.44194229158558,248.58077809975046
2023-12-04 03:54:00,-7.68286433127709,113.132213329044,7.34,564.0,"Probolinggo, Jawa Timur",0.7738379022645918,Terdampak,24.502373424174635,-7.985072888551868,113.44194229158558,248.58077809975046
2023-12-04 19:14:00,-8.25890973613211,114.365585736273,2.8,231.0,Banyuwangi,0.0,Aman,4.685296148590822,-7.985072888551868,113.44194229158558,248.58077809975046
2023-12-05 06:52:00,-7.97167112494907,112.599628602965,7.09,467.0,"Malang, Jawa Timur",0.5954235497068532,Aman,22.250806776774112,-7.985072888551868,113.44194229158558,248.58077809975046
2023-12-05 11:09:00,-8.16020859870179,114.402145290429,7.29,310.0,"Banyuwangi, Jawa Timur",0.8808104886769804,Terdampak,24.884097854588703,-7.985072888551868,113.44194229158558,248.58077809975046
2023-12-06 00:54:00,-8.22820749554572,114.284238579417,3.1,425.0,Banyuwangi,0.0,Aman,5.458113227114293,-7.985072888551868,113.44194229158558,248.58077809975046
2023-12-06 20:49:00,-8.14388972876059,113.290592542829,5.64,458.0,"Laut Selatan Jawa, Barat Daya Lumajang",0.5953516090584738,Aman,15.786545767439708,-7.985072888551868,113.44194229158558,248.58077809975046
2023-12-08 14:55:00,-7.78667509561342,113.174719863625,3.49,281.0,"Laut Jawa, Barat Daya Probolinggo",0.0,Aman,6.519858050602022,-7.985072888551868,113.44194229158558,248.58077809975046
2023-12-09 00:57:00,-7.67500028496065,113.20004244124,2.57,458.0,"Laut Jawa, Barat Daya Probolinggo",0.0,Aman,4.120023422263519,-7.985072888551868,113.44194229158558,248.58077809975046
2023-12-09 08:07:00,-7.96482741046605,112.659315365455,5.45,115.0,"Malang, Jawa Timur",0.05708159732994395,Aman,12.941030478359297,-7.985072888551868,113.44194229158558,248.58077809975046
2023-12-10 03:17:00,-7.68129439259461,113.201441789817,2.39,303.0,"Laut Jawa, Barat Daya Probolinggo",0.0,Aman,3.6948503352639337,-7.985072888551868,113.44194229158558,248.58077809975046
2023-12-10 15:30:00,-8.19622539369271,113.188947374942,3.99,110.0,Lumajang,0.0,Aman,7.970018757819834,-7.985072888551868,113.44194229158558,248.58077809975046
2023-12-11 06:23:00,-7.69708623728942,112.895894534535,4.43,43.0,"Pasuruan, Jawa Timur",0.34695575754572805,Aman,10.294583448836244,-7.985072888551868,113.44194229158558,248.58077809975046
2023-12-11 19:24:00,-7.6556513237605,113.132395821481,2.23,662.0,"Probolinggo, Jawa Timur",0.0,Aman,3.3301001486441817,-7.985072888551868,113.44194229158558,248.58077809975046
2023-12-12 11:35:00,-8.15258888083901,114.401792789494,7.34,122.0,"Banyuwangi, Jawa Timur",0.5954235497068369,Aman,23.437997278200278,-7.985072888551868,113.44194229158558,248.58077809975046
2023-12-14 13:18:00,-8.08632521238354,113.191056718252,5.3,602.0,Lumajang,0.008291512565730106,Aman,12.231867006929386,-7.985072888551868,113.44194229158558,248.58077809975046
2023-12-15 00:01:00,-7.62941204974879,112.917796413189,5.15,239.0,"Pasuruan, Jawa Timur",0.021713438175560394,Aman,11.76334074226132,-7.985072888551868,113.44194229158558,248.58077809975046
2023-12-17 00:36:00,-8.31493573533756,114.328457164812,4.86,582.0,"Banyuwangi, Jawa Timur",0.5953516090584048,Aman,12.627659446041857,-7.985072888551868,113.44194229158558,248.58077809975046
2023-12-17 05:37:00,-8.08069032695902,113.118819367321,7.02,354.0,"Laut Selatan Jawa, Barat Daya Lumajang",0.5971536093015776,Aman,21.931749699690656,-7.985072888551868,113.44194229158558,248.58077809975046
2023-12-17 12:20:00,-8.12678609513037,114.288062484142,2.39,429.0,"Banyuwangi, Jawa Timur",0.0,Aman,3.6948503352639337,-7.985072888551868,113.44194229158558,248.58077809975046
2023-12-18 01:11:00,-8.09060717337404,113.3153155755,3.61,174.0,Lumajang,0.0,Aman,6.859,-7.985072888551868,113.44194229158558,248.58077809975046
2023-12-19 12:31:00,-8.20565486387589,113.241336056046,4.71,380.0,"Laut Selatan Jawa, Barat Daya Lumajang",0.0,Aman,10.221893709093242,-7.985072888551868,113.44194229158558,248.58077809975046
2023-12-19 21:26:00,-8.15022217359932,113.252547744471,4.13,562.0,Lumajang,0.012614872710416844,Aman,8.424915354236136,-7.985072888551868,113.44194229158558,248.58077809975046
2023-12-20 13:25:00,-6.96894025014404,112.647276430848,4.16,239.0,Laut Jawa Timur,0.0,Aman,8.484768470618395,-7.985072888551868,113.44194229158558,248.58077809975046
2023-12-20 23:30:00,-8.07675118406307,113.19257423487,2.33,475.0,Lumajang,0.0,Aman,3.5565906427363836,-7.985072888551868,113.44194229158558,248.58077809975046
2023-12-21 01:06:00,-7.71987158052229,112.805450601663,5.91,77.0,"Pasuruan, Jawa Timur",0.0030593885203564755,Aman,14.380687243152277,-7.985072888551868,113.44194229158558,248.58077809975046
2023-12-21 17:59:00,-7.56400623345353,112.828920947476,2.28,399.0,"Pasuruan, Jawa Timur",0.0,Aman,3.4427245024834616,-7.985072888551868,113.44194229158558,248.58077809975046
2023-12-22 01:58:00,-8.19030319972742,114.347100245412,2.9,148.0,"Banyuwangi, Jawa Timur",0.0,Aman,4.938522046118656,-7.985072888551868,113.44194229158558,248.58077809975046
2023-12-23 03:18:00,-8.16585127840355,114.42059015577,6.57,470.0,Banyuwangi,0.0,Aman,16.840231382020853,-7.985072888551868,113.44194229158558,248.58077809975046
2023-12-23 07:35:00,-7.6879857095525,113.253034375202,4.68,367.0,"Probolinggo, Jawa Timur",0.0,Aman,10.124387981502881,-7.985072888551868,113.44194229158558,248.58077809975046
2023-12-23 09:11:00,-7.71780873053565,113.220349694702,6.5,301.0,"Probolinggo, Jawa Timur",0.0,Aman,16.57181341917655,-7.985072888551868,113.44194229158558,248.58077809975046
2023-12-23 21:02:00,-8.29382553031224,114.413744868676,3.58,413.0,Banyuwangi,0.0,Aman,6.773677878375971,-7.985072888551868,113.44194229158558,248.58077809975046
2023-12-24 06:11:00,-7.77536775503652,113.221069135455,2.37,65.0,"Laut Jawa, Barat Daya Probolinggo",0.29767580452921644,Aman,3.974395803556104,-7.985072888551868,113.44194229158558,248.58077809975046
2023-12-24 11:10:00,-8.18086115199055,113.222463631399,7.93,173.0,"Laut Selatan Jawa, Barat Daya Lumajang",0.5673824531633176,Aman,26.132162109318216,-7.985072888551868,113.44194229158558,248.58077809975046
2023-12-24 16:52:00,-7.66893640731523,113.299972450804,2.63,339.0,"Probolinggo, Jawa Timur",0.0,Aman,4.2651432566796625,-7.985072888551868,113.44194229158558,248.58077809975046
2023-12-25 07:34:00,-8.29870474178061,114.428873218009,6.68,52.0,"Banyuwangi, Jawa Timur",0.0,Aman,17.264924905715635,-7.985072888551868,113.44194229158558,248.58077809975046
2023-12-25 07:40:00,-8.26031126017626,114.368643375676,4.19,667.0,"Banyuwangi, Jawa Timur",0.0,Aman,8.576716096502205,-7.985072888551868,113.44194229158558,248.58077809975046
2023-12-25 08:33:00,-7.74063714579698,112.856229600077,4.4,27.0,"Pasuruan, Jawa Timur",0.3569725864124323,Aman,10.217923322861889,-7.985072888551868,113.44194229158558,248.58077809975046
2023-12-25 21:15:00,-8.17695118139851,114.36612343917,6.05,20.0,Banyuwangi,0.02522974542083369,Aman,14.99366578790274,-7.985072888551868,113.44194229158558,248.58077809975046
2023-12-26 22:13:00,-8.17694565291851,114.28718228814,7.52,637.0,Banyuwangi,0.7738379022645981,Terdampak,25.409190272067928,-7.985072888551868,113.44194229158558,248.58077809975046
2023-12-26 22:37:00,-7.85060996644411,113.456851280788,2.32,632.0,Laut Jawa Timur,0.0,Aman,3.533718721120853,-7.985072888551868,113.44194229158558,248.58077809975046
2023-12-27 00:31:00,-6.9375965726572,112.027126087547,5.66,407.0,Laut Jawa Timur,0.0,Aman,13.465567050815201,-7.985072888551868,113.44194229158558,248.58077809975046
2023-12-27 03:28:00,-8.27865891084079,114.269141471703,7.12,405.0,"Banyuwangi, Jawa Timur",0.5953516090583865,Aman,22.391771182325684,-7.985072888551868,113.44194229158558,248.58077809975046
2023-12-28 00:18:00,-8.15414683022429,114.387792698778,6.94,295.0,"Banyuwangi, Jawa Timur",0.5102856193231342,Aman,21.08146494547802,-7.985072888551868,113.44194229158558,248.58077809975046
2023-12-28 12:50:00,-8.21617651223839,113.267793908256,2.53,227.0,"Laut Selatan Jawa, Barat Daya Lumajang",0.0018020002431915728,Aman,4.02638684025859,-7.985072888551868,113.44194229158558,248.58077809975046
2023-12-28 13:25:00,-8.01768950233775,112.560227571766,2.02,15.0,"Malang, Jawa Timur",0.0,Aman,2.8709594215174827,-7.985072888551868,113.44194229158558,248.58077809975046
2023-12-28 19:46:00,-8.00932630464432,112.614264264044,6.16,518.0,"Malang, Jawa Timur",0.0,Aman,15.288717931860736,-7.985072888551868,113.44194229158558,248.58077809975046
2024-01-01 01:17:00,-7.71274304553243,113.253691559652,7.55,580.0,"Probolinggo, Jawa Timur",0.8930274135876005,Terdampak,26.303179352319244,-7.985072888551868,113.44194229158558,248.58077809975046
2024-01-01 01:17:00,-8.25777618850432,114.357974506426,7.0,459.0,"Banyuwangi, Jawa Timur",0.001770670817818531,Aman,18.53009716219132,-7.985072888551868,113.44194229158558,248.58077809975046
2024-01-01 04:55:00,-6.61753182955219,113.607407332659,6.27,306.0,Laut Jawa Timur,0.0,Aman,15.700059968038337,-7.985072888551868,113.44194229158558,248.58077809975046
2024-01-01 07:54:00,-8.27125834998265,114.335286679852,4.66,432.0,Banyuwangi,0.0,Aman,10.059557445534073,-7.985072888551868,113.44194229158558,248.58077809975046
2024-01-01 21:17:00,-8.12114361077503,114.396766947467,6.16,318.0,Banyuwangi,0.35697258641243335,Aman,16.92601388678068,-7.985072888551868,113.44194229158558,248.58077809975046
2024-01-02 05:33:00,-8.06738294486663,113.313943330805,5.91,292.0,"Laut Selatan Jawa, Barat Daya Lumajang",0.3025671969059501,Aman,15.671640820368504,-7.985072888551868,113.44194229158558,248.58077809975046
2024-01-03 02:55:00,-7.93534581535655,112.563090400857,6.45,58.0,"Malang, Jawa Timur",0.0,Aman,16.38096837796838,-7.985072888551868,113.44194229158558,248.58077809975046
2024-01-03 18:07:00,-8.22348997615604,114.417791731306,4.69,435.0,Banyuwangi,0.0,Aman,10.15685527119492,-7.985072888551868,113.44194229158558,248.58077809975046
2024-01-05 01:12:00,-7.70694308824868,112.812909964613,2.7,48.0,"Pasuruan, Jawa Timur",0.5927056022724208,Aman,5.225423610619871,-7.985072888551868,113.44194229158558,248.58077809975046
2024-01-05 16:24:00,-7.78209532766172,113.121993209703,4.94,90.0,"Laut Jawa, Barat Daya Probolinggo",0.0036040004863831456,Aman,10.99156997268013,-7.985072888551868,113.44194229158558,248.58077809975046
2024-01-07 00:15:00,-7.71154637517648,113.278558302249,5.52,275.0,"Probolinggo, Jawa Timur",0.6002430014350745,Aman,15.304440377262942,-7.985072888551868,113.44194229158558,248.58077809975046
2024-01-07 14:13:00,-8.13425346171298,113.229876156661,6.83,684.0,"Laut Selatan Jawa, Barat Daya Lumajang",0.038410861521041374,Aman,18.0553922858055,-7.985072888551868,113.44194229158558,248.58077809975046
2024-01-07 14:32:00,-8.2479879088486,114.375667654831,2.59,191.0,"Banyuwangi, Jawa Timur",0.031923573544747744,Aman,4.208129779908247,-7.985072888551868,113.44194229158558,248.58077809975046
2024-01-07 19:02:00,-8.28678245434085,114.337746941727,6.07,318.0,"Banyuwangi, Jawa Timur",0.0,Aman,14.954883583632473,-7.985072888551868,113.44194229158558,248.58077809975046
2024-01-08 01:07:00,-8.24450845833718,114.298769383502,5.8,506.0,"Banyuwangi, Jawa Timur",0.213945172824838,Aman,14.864781590968793,-7.985072888551868,113.44194229158558,248.58077809975046
2024-01-08 17:00:00,-7.64478273308563,112.825527446557,2.42,471.0,"Pasuruan, Jawa Timur",0.0,Aman,3.764636503037179,-7.985072888551868,113.44194229158558,248.58077809975046
2024-01-08 21:30:00,-8.02596144179211,112.673643911915,6.34,533.0,"Malang, Jawa Timur",0.0,Aman,15.96371209963397,-7.985072888551868,113.44194229158558,248.58077809975046
2024-01-09 22:01:00,-7.74955525306421,113.243849923649,7.14,678.0,"Probolinggo, Jawa Timur",0.5953516090583963,Aman,22.48618475698922,-7.985072888551868,113.44194229158558,248.58077809975046
2024-01-10 05:47:00,-7.96023420758276,112.558263856184,6.92,129.0,"Malang, Jawa Timur",0.11186397878910367,Aman,18.814578620689677,-7.985072888551868,113.44194229158558,248.58077809975046
2024-01-10 07:47:00,-8.22545222063986,113.283382764722,7.2,274.0,"Laut Selatan Jawa, Barat Daya Lumajang",0.0,Aman,19.319627325598184,-7.985072888551868,113.44194229158558,248.58077809975046
2024-01-10 18:11:00,-8.18004773862078,114.304752756509,7.26,206.0,Banyuwangi,0.6079664817688207,Aman,23.129468800206944,-7.985072888551868,113.44194229158558,248.58077809975046
2024-01-10 21:27:00,-8.30986691958311,114.294364921376,6.68,169.0,"Banyuwangi, Jawa Timur",0.40464839094165,Aman,19.36079213056351,-7.985072888551868,113.44194229158558,248.58077809975046
2024-01-11 04:58:00,-8.03586816406492,112.64035106087,2.05,163.0,"Malang, Jawa Timur",0.0,Aman,2.935153317971652,-7.985072888551868,113.44194229158558,248.58077809975046
2024-01-11 20:57:00,-7.67166421698564,112.815359897224,4.09,260.0,"Pasuruan, Jawa Timur",0.0,Aman,8.271513102208084,-7.985072888551868,113.44194229158558,248.58077809975046
2024-01-12 13:38:00,-8.08218051209848,113.146775952138,6.7,93.0,"Laut Selatan Jawa, Barat Daya Lumajang",0.3587745866556243,Aman,19.209136634953996,-7.985072888551868,113.44194229158558,248.58077809975046
2024-01-13 12:48:00,-8.05026783793412,113.200772317633,6.84,219.0,Lumajang,0.011584784996559213,Aman,17.95109305629108,-7.985072888551868,113.44194229158558,248.58077809975046
2024-01-14 02:07:00,-8.31532013765519,114.40434336325,2.77,476.0,"Banyuwangi, Jawa Timur",0.0,Aman,4.610198802654827,-7.985072888551868,113.44194229158558,248.58077809975046
2024-01-14 09:08:00,-8.15716889579852,113.141079941409,5.52,157.0,"Laut Selatan Jawa, Barat Daya Lumajang",0.595351609058415,Aman,15.285409343765842,-7.985072888551868,113.44194229158558,248.58077809975046
2024-01-15 17:05:00,-8.12457655537781,113.191351746636,4.9,131.0,Lumajang,0.0,Aman,10.846612374377543,-7.985072888551868,113.44194229158558,248.58077809975046
2024-01-16 02:21:00,-7.69819596573582,112.862133700132,6.87,27.0,"Pasuruan, Jawa Timur",0.5354588796186389,Aman,20.899301214116214,-7.985072888551868,113.44194229158558,248.58077809975046
2024-01-16 21:11:00,-7.72257987147163,112.897909374555,2.42,339.0,"Pasuruan, Jawa Timur",0.004891392376684508,Aman,3.7701607973247624,-7.985072888551868,113.44194229158558,248.58077809975046
2024-01-18 11:48:00,-8.17789153748721,114.446168677867,5.54,489.0,Banyuwangi,0.0,Aman,13.03961134390132,-7.985072888551868,113.44194229158558,248.58077809975046
2024-01-18 13:58:00,-8.05627891953874,112.586054781305,2.08,657.0,"Malang, Jawa Timur",0.012614872710416844,Aman,3.011171360355598,-7.985072888551868,113.44194229158558,248.58077809975046
2024-01-18 14:04:00,-7.8819936785885,112.614418603664,6.03,274.0,"Malang, Jawa Timur",0.35697258641243335,Aman,16.393043556825067,-7.985072888551868,113.44194229158558,248.58077809975046
2024-01-19 03:38:00,-7.91355442242754,112.663802839106,2.14,394.0,"Malang, Jawa Timur",0.0,Aman,3.130550111402148,-7.985072888551868,113.44194229158558,248.58077809975046
2024-01-19 07:07:00,-8.23976997292449,114.320458458431,5.48,360.0,Banyuwangi,0.0,Aman,12.82835110214871,-7.985072888551868,113.44194229158558,248.58077809975046
2024-01-19 11:50:00,-7.65598437597821,112.968554507018,2.63,541.0,"Pasuruan, Jawa Timur",0.29767580452923836,Aman,4.646032241789035,-7.985072888551868,113.44194229158558,248.58077809975046
2024-01-19 20:26:00,-7.68232152544689,113.137794218694,2.31,266.0,"Laut Jawa, Barat Daya Probolinggo",0.0,Aman,3.510896039474823,-7.985072888551868,113.44194229158558,248.58077809975046
2024-01-20 04:00:00,-8.14436038484401,114.446424289701,6.98,425.0,"Banyuwangi, Jawa Timur",0.5953516090584776,Aman,21.734596950364672,-7.985072888551868,113.44194229158558,248.58077809975046
2024-01-20 05:09:00,-7.73721414013267,112.850373806189,4.49,612.0,"Pasuruan, Jawa Timur",0.35697258641243335,Aman,10.533025512505846,-7.985072888551868,113.44194229158558,248.58077809975046
2024-01-20 08:31:00,-8.12191257547433,113.133970389472,2.85,663.0,Lumajang,0.0,Aman,4.811353759598228,-7.985072888551868,113.44194229158558,248.58077809975046
2024-01-20 10:20:00,-8.07278945191372,113.138921089514,2.98,158.0,"Laut Selatan Jawa, Barat Daya Lumajang",0.0018020002431916786,Aman,5.147058594330871,-7.985072888551868,113.44194229158558,248.58077809975046
2024-01-20 20:05:00,-8.26613060649651,114.40142288354,5.44,406.0,"Banyuwangi, Jawa Timur",0.0005662433897944412,Aman,12.690306697728015,-7.985072888551868,113.44194229158558,248.58077809975046
2024-01-21 13:14:00,-8.15113266883418,113.2527123628,5.55,103.0,Lumajang,0.02522974542083369,Aman,13.173896248110017,-7.985072888551868,113.44194229158558,248.58077809975046
2024-01-22 12:35:00,-8.17134116052859,113.296899688269,7.25,390.0,"Laut Selatan Jawa, Barat Daya Lumajang",0.8779922725822124,Terdampak,24.66306715824236,-7.985072888551868,113.44194229158558,248.58077809975046
2024-01-22 13:19:00,-7.61672832412575,112.928661377186,6.18,15.0,"Pasuruan, Jawa Timur",0.7753466856374582,Terdampak,18.936786699651307,-7.985072888551868,113.44194229158558,248.58077809975046
2024-01-22 13:51:00,-7.81866814053707,113.208129871959,4.09,678.0,"Laut Jawa, Barat Daya Probolinggo",0.5953516090584804,Aman,9.74885069263245,-7.985072888551868,113.44194229158558,248.58077809975046
2024-01-22 21:16:00,-8.16089987292802,114.451376789926,4.05,60.0,"Banyuwangi, Jawa Timur",0.0,Aman,8.150467777986734,-7.985072888551868,113.44194229158558,248.58077809975046
2024-01-23 07:01:00,-6.66579055624266,112.304235627664,3.86,659.0,Laut Jawa Timur,0.0,Aman,7.5836967238939605,-7.985072888551868,113.44194229158558,248.58077809975046
2024-01-23 12:07:00,-8.13892674131651,113.262857485993,4.55,305.0,Lumajang,0.0,Aman,9.705481698504201,-7.985072888551868,113.44194229158558,248.58077809975046
2024-01-23 16:43:00,-8.19886135699406,113.283009361108,3.59,471.0,Lumajang,0.0,Aman,6.802079020417213,-7.985072888551868,113.44194229158558,248.58077809975046
2024-01-24 00:52:00,-8.21073223493404,113.204382230454,7.13,677.0,Lumajang,0.0,Aman,19.03856866993945,-7.985072888551868,113.44194229158558,248.58077809975046
2024-01-24 08:46:00,-8.20746192672155,113.299837121101,3.42,325.0,"Laut Selatan Jawa, Barat Daya Lumajang",0.0,Aman,6.32468876704617,-7.985072888551868,113.44194229158558,248.58077809975046
2024-01-24 15:02:00,-7.93601822475053,112.698210776455,2.07,640.0,"Malang, Jawa Timur",0.0,Aman,2.9782113759771986,-7.985072888551868,113.44194229158558,248.58077809975046
2024-01-24 15:28:00,-7.71586878419174,113.260534370376,2.92,374.0,"Probolinggo, Jawa Timur",0.0,Aman,4.9896981872654385,-7.985072888551868,113.44194229158558,248.58077809975046
2024-01-24 17:07:00,-7.89919633109981,112.698542413727,7.23,305.0,"Malang, Jawa Timur",0.0,Aman,19.440500687996696,-7.985072888551868,113.44194229158558,248.58077809975046
2024-01-26 12:09:00,-8.2058862090884,113.246016973429,3.04,332.0,"Laut Selatan Jawa, Barat Daya Lumajang",0.10697258641241905,Aman,5.47052104208051,-7.985072888551868,113.44194229158558,248.58077809975046
2024-01-26 13:50:00,-8.22556843295002,113.118268262075,5.13,213.0,Lumajang,0.0,Aman,11.619195195881684,-7.985072888551868,113.44194229158558,248.58077809975046
2024-01-26 14:08:00,-8.23811089946812,114.462433578641,3.55,226.0,"Banyuwangi, Jawa Timur",0.0,Aman,6.688712506902953,-7.985072888551868,113.44194229158558,248.58077809975046
2024-01-27 00:12:00,-7.96824876825943,112.602073852949,7.84,179.0,"Malang, Jawa Timur",0.7023241954708245,Aman,26.57722622169266,-7.985072888551868,113.44194229158558,248.58077809975046
2024-01-27 03:49:00,-8.12734756940457,114.334696772152,6.01,439.0,"Banyuwangi, Jawa Timur",0.0,Aman,14.733696107901777,-7.985072888551868,113.44194229158558,248.58077809975046
2024-02-01 09:39:00,-7.91572456097556,112.645652280475,7.18,48.0,"Malang, Jawa Timur",0.0018020002431911493,Aman,19.24958551072481,-7.985072888551868,113.44194229158558,248.58077809975046
2024-02-02 08:56:00,-7.91540527081153,112.719075342318,4.19,419.0,"Malang, Jawa Timur",0.0,Aman,8.576716096502205,-7.985072888551868,113.44194229158558,248.58077809975046
2024-02-02 14:44:00,-7.69766704118349,113.171895451632,7.1,655.0,"Laut Jawa, Barat Daya Probolinggo",0.21394517282480063,Aman,20.132794712951622,-7.985072888551868,113.44194229158558,248.58077809975046
2024-02-02 18:50:00,-7.71669579640806,113.145296880843,4.66,195.0,"Laut Jawa, Barat Daya Probolinggo",0.0,Aman,10.059557445534073,-7.985072888551868,113.44194229158558,248.58077809975046
2024-02-02 22:35:00,-7.7999693819018,113.178638632138,5.69,116.0,"Laut Jawa, Barat Daya Probolinggo",0.0,Aman,13.57276718285553,-7.985072888551868,113.44194229158558,248.58077809975046
2024-02-03 01:52:00,-7.74361930578286,113.301500824423,6.18,290.0,"Probolinggo, Jawa Timur",0.00014388129687105004,Aman,15.36389952250713,-7.985072888551868,113.44194229158558,248.58077809975046
2024-02-03 07:46:00,-7.66891198817135,112.996402714756,7.97,232.0,"Pasuruan, Jawa Timur",0.02522974542083136,Aman,22.670559904446456,-7.985072888551868,113.44194229158558,248.58077809975046
2024-02-04 01:06:00,-7.66282072240401,112.916331857524,7.17,306.0,"Pasuruan, Jawa Timur",0.0,Aman,19.199005521120096,-7.985072888551868,113.44194229158558,248.58077809975046
2024-02-04 08:01:00,-7.87861967090063,112.571180033101,5.24,654.0,"Malang, Jawa Timur",0.0,Aman,11.994908253088058,-7.985072888551868,113.44194229158558,248.58077809975046
2024-02-04 18:16:00,-7.61200794489989,112.995168239908,6.91,459.0,"Pasuruan, Jawa Timur",0.007507588929964689,Aman,18.205144168657124,-7.985072888551868,113.44194229158558,248.58077809975046
2024-02-05 11:20:00,-8.05718661682546,113.267216222215,5.06,146.0,Lumajang,0.0017706708178183192,Aman,11.388234774480551,-7.985072888551868,113.44194229158558,248.58077809975046
2024-02-07 04:58:00,-7.93336797599362,112.555595523436,5.28,95.0,"Malang, Jawa Timur",0.0,Aman,12.132516309488317,-7.985072888551868,113.44194229158558,248.58077809975046
2024-02-08 07:59:00,-8.15297352019199,114.453701107143,4.26,223.0,Banyuwangi,0.0,Aman,8.792540929674423,-7.985072888551868,113.44194229158558,248.58077809975046
2024-02-08 10:19:00,-8.21876938675497,114.391534102175,6.82,637.0,"Banyuwangi, Jawa Timur",0.8813767320667858,Terdampak,22.51985143360926,-7.985072888551868,113.44194229158558,248.58077809975046
2024-02-08 11:00:00,-7.87957286386188,112.561409292709,3.44,84.0,"Malang, Jawa Timur",0.35697258641243335,Aman,7.063521777359232,-7.985072888551868,113.44194229158558,248.58077809975046
2024-02-08 23:14:00,-8.20833103403748,114.393577420673,7.91,673.0,"Banyuwangi, Jawa Timur",0.6079664817688224,Aman,26.304221498601127,-7.985072888551868,113.44194229158558,248.58077809975046
2024-02-09 09:13:00,-8.24935339773129,114.447172670859,6.74,592.0,"Banyuwangi, Jawa Timur",0.0036040004863831456,Aman,17.516976623348125,-7.985072888551868,113.44194229158558,248.58077809975046
2024-02-09 14:54:00,-7.89319863453941,112.570707255228,5.94,246.0,"Malang, Jawa Timur",0.00014388129687105004,Aman,14.477661329494506,-7.985072888551868,113.44194229158558,248.58077809975046
2024-02-11 10:26:00,-8.12204989741695,113.12777837082,5.86,52.0,"Laut Selatan Jawa, Barat Daya Lumajang",0.0,Aman,14.185558008058761,-7.985072888551868,113.44194229158558,248.58077809975046
2024-02-11 15:57:00,-8.06291161447233,112.636539850922,7.53,465.0,"Malang, Jawa Timur",0.0,Aman,20.66295663742244,-7.985072888551868,113.44194229158558,248.58077809975046
2024-02-11 20:22:00,-8.09744590331412,113.223958490242,7.58,260.0,Lumajang,0.2271356373061148,Aman,22.291139433098518,-7.985072888551868,113.44194229158558,248.58077809975046
2024-02-12 12:55:00,-7.69813571124538,113.238723872358,6.42,664.0,"Laut Jawa, Barat Daya Probolinggo",0.8930274135875916,Terdampak,20.624829210009544,-7.985072888551868,113.44194229158558,248.58077809975046
2024-02-12 17:00:00,-8.20876795068444,114.383152648462,4.32,91.0,Banyuwangi,0.004891392376684402,Aman,8.992127258745732,-7.985072888551868,113.44194229158558,248.58077809975046
2024-02-13 17:38:00,-8.03084219864756,112.643465478129,7.57,379.0,"Malang, Jawa Timur",0.06384714708949538,Aman,21.226759238555868,-7.985072888551868,113.44194229158558,248.58077809975046
2024-02-13 20:10:00,-7.55703574768771,112.986003895933,6.6,500.0,"Pasuruan, Jawa Timur",0.5953516090584173,Aman,19.98408923807537,-7.985072888551868,113.44194229158558,248.58077809975046
2024-02-14 13:17:00,-7.74528223385774,113.241571562667,7.89,365.0,"Laut Jawa, Barat Daya Probolinggo",0.6321665749798006,Aman,26.365420588338655,-7.985072888551868,113.44194229158558,248.58077809975046
2024-02-14 15:12:00,-7.33064328344475,111.885601025004,2.81,37.0,Laut Jawa Timur,0.0,Aman,4.710418346601499,-7.985072888551868,113.44194229158558,248.58077809975046
2024-02-15 09:12:00,-8.00654026868171,112.619906616411,4.59,699.0,"Malang, Jawa Timur",0.0,Aman,9.833746946103505,-7.985072888551868,113.44194229158558,248.58077809975046
2024-02-15 09:53:00,-7.59005725627813,112.905985061602,6.36,565.0,"Pasuruan, Jawa Timur",0.17641163327381662,Aman,16.88816595763408,-7.985072888551868,113.44194229158558,248.58077809975046
2024-02-16 08:16:00,-8.04861283450629,113.191278542479,6.07,298.0,Lumajang,0.004891392376684508,Aman,14.97682864469903,-7.985072888551868,113.44194229158558,248.58077809975046
2024-02-17 06:07:00,-8.15295339143801,113.121257193486,7.06,358.0,Lumajang,0.5953516090583884,Aman,22.10932626747325,-7.985072888551868,113.44194229158558,248.58077809975046
2024-02-17 17:54:00,-7.73486794938697,112.809076659115,2.64,574.0,"Pasuruan, Jawa Timur",0.0,Aman,4.2894922776477875,-7.985072888551868,113.44194229158558,248.58077809975046
2024-02-18 09:13:00,-7.59524808173057,112.898434883501,2.19,458.0,"Pasuruan, Jawa Timur",0.0,Aman,3.2409040405417744,-7.985072888551868,113.44194229158558,248.58077809975046
2024-02-19 13:41:00,-7.79846329238719,113.244570452047,4.15,128.0,"Laut Jawa, Barat Daya Probolinggo",0.004891392376684508,Aman,8.46659857898311,-7.985072888551868,113.44194229158558,248.58077809975046
2024-02-19 17:50:00,-8.09632903495837,112.429773754935,5.84,418.0,Laut Jawa Timur,0.0,Aman,14.112997697158459,-7.985072888551868,113.44194229158558,248.58077809975046
2024-02-19 23:24:00,-8.27714329625878,114.337477902997,7.94,630.0,Banyuwangi,0.0,Aman,22.37333645212533,-7.985072888551868,113.44194229158558,248.58077809975046
2024-02-20 09:52:00,-7.92308048569747,112.590064763161,5.11,510.0,"Malang, Jawa Timur",0.0,Aman,11.551312955677377,-7.985072888551868,113.44194229158558,248.58077809975046
2024-02-21 09:34:00,-8.0342782547855,112.624969304906,2.83,327.0,"Malang, Jawa Timur",0.031923573544747744,Aman,4.806391381943645,-7.985072888551868,113.44194229158558,248.58077809975046
2024-02-21 12:26:00,-8.23744940297734,114.468731089739,6.34,464.0,Banyuwangi,0.0,Aman,15.96371209963397,-7.985072888551868,113.44194229158558,248.58077809975046
2024-02-22 23:53:00,-7.56444782279238,112.857175484997,6.04,474.0,"Pasuruan, Jawa Timur",0.0,Aman,14.844152518752965,-7.985072888551868,113.44194229158558,248.58077809975046
2024-02-23 13:16:00,-7.81629800931359,113.201893198238,2.63,658.0,"Laut Jawa, Barat Daya Probolinggo",0.012614872710416739,Aman,4.281284528462074,-7.985072888551868,113.44194229158558,248.58077809975046
2024-02-23 15:02:00,-8.13933198300249,113.234451620871,5.48,245.0,Lumajang,0.025301686069269108,Aman,12.92572477586059,-7.985072888551868,113.44194229158558,248.58077809975046
2024-02-24 02:14:00,-7.68441350685663,113.212726112486,4.33,213.0,"Probolinggo, Jawa Timur",0.0,Aman,9.010146336214524,-7.985072888551868,113.44194229158558,248.58077809975046
2024-02-24 05:01:00,-8.21217909096905,113.131600677033,7.56,429.0,"Laut Selatan Jawa, Barat Daya Lumajang",0.21394517282482764,Aman,22.120718818973568,-7.985072888551868,113.44194229158558,248.58077809975046
2024-02-24 05:12:00,-8.23298644001898,114.450541551516,5.51,511.0,Banyuwangi,0.35697258641243335,Aman,14.3189450641963,-7.985072888551868,113.44194229158558,248.58077809975046
2024-02-24 07:45:00,-7.7969733353784,113.169268237294,5.6,444.0,"Laut Jawa, Barat Daya Probolinggo",0.0,Aman,13.252018714143139,-7.985072888551868,113.44194229158558,248.58077809975046
2024-02-24 09:57:00,-7.78090183872909,113.227006047738,2.88,328.0,"Probolinggo, Jawa Timur",0.0,Aman,4.887522071561416,-7.985072888551868,113.44194229158558,248.58077809975046
2024-02-25 20:39:00,-7.57071838256227,112.858478677817,5.99,302.0,"Pasuruan, Jawa Timur",0.0,Aman,14.66021142412346,-7.985072888551868,113.44194229158558,248.58077809975046
2024-02-27 09:30:00,-7.7362004579558,113.292943895155,3.24,361.0,"Probolinggo, Jawa Timur",0.009782784753369016,Aman,5.849115960204496,-7.985072888551868,113.44194229158558,248.58077809975046
2024-02-27 17:34:00,-8.22476276980358,114.342645822697,2.57,221.0,"Banyuwangi, Jawa Timur",0.0,Aman,4.120023422263519,-7.985072888551868,113.44194229158558,248.58077809975046
2024-02-28 05:42:00,-8.29043196052261,114.376235693467,5.09,217.0,Banyuwangi,0.0018020002431915728,Aman,11.489771443013563,-7.985072888551868,113.44194229158558,248.58077809975046
2024-02-28 06:08:00,-7.76399940536558,113.223956030951,5.24,43.0,"Laut Jawa, Barat Daya Probolinggo",0.627275182603202,Aman,14.252140732517397,-7.985072888551868,113.44194229158558,248.58077809975046
2024-02-28 06:48:00,-7.96244260817971,112.539258146819,2.75,134.0,"Malang, Jawa Timur",0.028702675431103226,Aman,4.5996274387534575,-7.985072888551868,113.44194229158558,248.58077809975046
2024-03-01 00:38:00,-7.60025656620644,112.872658660428,7.73,582.0,"Pasuruan, Jawa Timur",0.1004838428095855,Aman,22.139492646042918,-7.985072888551868,113.44194229158558,248.58077809975046
2024-03-01 00:47:00,-8.10043743602663,113.129690791264,4.7,151.0,Lumajang,0.0,Aman,10.189357192679037,-7.985072888551868,113.44194229158558,248.58077809975046
2024-03-01 04:39:00,-7.95668843769389,112.581348462603,4.27,351.0,"Malang, Jawa Timur",0.0,Aman,8.823518742542568,-7.985072888551868,113.44194229158558,248.58077809975046
2024-03-01 22:33:00,-8.18599733265227,113.183598547589,3.08,302.0,Lumajang,0.0,Aman,5.405378062633547,-7.985072888551868,113.44194229158558,248.58077809975046
2024-03-02 01:09:00,-8.15158033287726,114.307016730016,5.17,565.0,"Banyuwangi, Jawa Timur",0.5953516090583854,Aman,13.854927950950646,-7.985072888551868,113.44194229158558,248.58077809975046
2024-03-02 01:20:00,-7.67206515373483,113.228088229545,6.31,686.0,"Laut Jawa, Barat Daya Probolinggo",0.5953516090583872,Aman,18.681532333366594,-7.985072888551868,113.44194229158558,248.58077809975046
2024-03-02 19:31:00,-8.18732082200882,114.307538277529,4.75,170.0,Banyuwangi,0.0,Aman,10.3523849909091,-7.985072888551868,113.44194229158558,248.58077809975046
2024-03-03 15:18:00,-7.84201566220047,113.293849860637,5.11,607.0,"Laut Jawa, Barat Daya Probolinggo",0.0,Aman,11.551312955677377,-7.985072888551868,113.44194229158558,248.58077809975046
2024-03-04 01:58:00,-8.0395862329181,113.281798815913,3.1,517.0,"Laut Selatan Jawa, Barat Daya Lumajang",0.0,Aman,5.458113227114293,-7.985072888551868,113.44194229158558,248.58077809975046
2024-03-04 08:04:00,-6.8504510911657,113.191663503781,5.16,119.0,Laut Jawa Timur,0.0,Aman,11.721266825731766,-7.985072888551868,113.44194229158558,248.58077809975046
2024-03-05 01:02:00,-7.92484581437078,112.711596820677,6.01,525.0,"Malang, Jawa Timur",0.0,Aman,14.733696107901777,-7.985072888551868,113.44194229158558,248.58077809975046
2024-03-05 05:05:00,-7.78570538802262,113.13332367774,4.08,238.0,"Laut Jawa, Barat Daya Probolinggo",0.36186397878911614,Aman,9.135853625290325,-7.985072888551868,113.44194229158558,248.58077809975046
2024-03-05 10:15:00,-7.6899742714648,113.193551471903,7.48,687.0,"Probolinggo, Jawa Timur",0.609752145892933,Aman,24.199692271851568,-7.985072888551868,113.44194229158558,248.58077809975046
2024-03-05 10:18:00,-7.72892102498582,113.15524721615,3.16,578.0,"Laut Jawa, Barat Daya Probolinggo",0.0,Aman,5.617338871743453,-7.985072888551868,113.44194229158558,248.58077809975046
2024-03-06 08:15:00,-7.94678048384572,112.576365221105,5.44,541.0,"Malang, Jawa Timur",0.5953516090584412,Aman,14.954324715053637,-7.985072888551868,113.44194229158558,248.58077809975046
2024-03-07 13:32:00,-7.76444528308328,113.616872837645,2.63,691.0,Laut Jawa Timur,0.0,Aman,4.2651432566796625,-7.985072888551868,113.44194229158558,248.58077809975046
2024-03-07 23:18:00,-8.23050561477849,114.313063168279,4.98,38.0,"Banyuwangi, Jawa Timur",0.32091775923725185,Aman,12.183263979597754,-7.985072888551868,113.44194229158558,248.58077809975046
2024-03-08 14:49:00,-7.81569093622742,113.226896607225,5.86,218.0,"Laut Jawa, Barat Daya Probolinggo",0.29947780477242314,Aman,15.460035939576354,-7.985072888551868,113.44194229158558,248.58077809975046
2024-03-09 13:08:00,-8.13763826955376,114.43286415513,3.16,596.0,"Banyuwangi, Jawa Timur",0.0,Aman,5.617338871743453,-7.985072888551868,113.44194229158558,248.58077809975046
2024-03-09 13:22:00,-8.13008009900956,113.231615830859,4.36,422.0,"Laut Selatan Jawa, Barat Daya Lumajang",0.0,Aman,9.10394727577,-7.985072888551868,113.44194229158558,248.58077809975046
2024-03-09 18:50:00,-7.63057378576,112.971616699391,2.04,478.0,"Pasuruan, Jawa Timur",0.0,Aman,2.913702798845483,-7.985072888551868,113.44194229158558,248.58077809975046
2024-03-09 22:11:00,-7.70479783272396,112.892084843133,6.4,260.0,"Pasuruan, Jawa Timur",0.3469557575457297,Aman,17.876115417674125,-7.985072888551868,113.44194229158558,248.58077809975046
2024-03-10 01:47:00,-8.06585526149971,113.227436097506,7.03,259.0,"Laut Selatan Jawa, Barat Daya Lumajang",0.7023241954708095,Aman,22.566725519186043,-7.985072888551868,113.44194229158558,248.58077809975046
2024-03-10 02:03:00,-8.1752872521852,113.248559517968,6.23,608.0,Lumajang,0.0,Aman,15.550060032038463,-7.985072888551868,113.44194229158558,248.58077809975046
2024-03-10 21:12:00,-7.55841859829957,112.95421398089,3.29,380.0,"Pasuruan, Jawa Timur",0.0,Aman,5.967519501434411,-7.985072888551868,113.44194229158558,248.58077809975046
2024-03-11 00:19:00,-8.31669883381574,114.432908146708,4.25,245.0,Banyuwangi,0.0,Aman,8.761599454437528,-7.985072888551868,113.44194229158558,248.58077809975046
2024-03-11 18:17:00,-7.67255527155654,113.178155376401,6.58,135.0,"Probolinggo, Jawa Timur",0.0036040004863831456,Aman,16.896943271751965,-7.985072888551868,113.44194229158558,248.58077809975046
2024-03-11 20:27:00,-8.13463833008713,114.358813343702,2.72,625.0,Banyuwangi,0.0,Aman,4.485938920672015,-7.985072888551868,113.44194229158558,248.58077809975046
2024-03-11 22:53:00,-7.87324151019185,112.559742817065,2.01,379.0,"Malang, Jawa Timur",0.2139451728248197,Aman,3.032568560888562,-7.985072888551868,113.44194229158558,248.58077809975046
2024-03-13 03:55:00,-7.2908986886706,112.83601325848,3.54,108.0,Laut Jawa Timur,0.0,Aman,6.66047025366828,-7.985072888551868,113.44194229158558,248.58077809975046
2024-03-13 07:47:00,-7.58690169614666,112.926460290129,6.26,674.0,"Pasuruan, Jawa Timur",0.5967884517828398,Aman,18.466677418649333,-7.985072888551868,113.44194229158558,248.58077809975046
2024-03-13 23:43:00,-7.88193552724735,112.614019103699,7.41,588.0,"Malang, Jawa Timur",0.3569725864124088,Aman,22.33114217477147,-7.985072888551868,113.44194229158558,248.58077809975046
2024-03-14 16:40:00,-8.06699847578793,113.009460405315,4.19,6.0,Laut Jawa Timur,0.0,Aman,8.576716096502205,-7.985072888551868,113.44194229158558,248.58077809975046
2024-03-15 03:19:00,-8.31876886238085,114.411471589046,5.64,638.0,Banyuwangi,0.0,Aman,13.39425787417877,-7.985072888551868,113.44194229158558,248.58077809975046
2024-03-16 05:51:00,-7.73601481983064,113.183574380135,2.92,306.0,"Probolinggo, Jawa Timur",0.0,Aman,4.9896981872654385,-7.985072888551868,113.44194229158558,248.58077809975046
2024-03-16 08:28:00,-7.69941748167743,113.137392461294,3.78,164.0,"Probolinggo, Jawa Timur",0.0,Aman,7.349159951994513,-7.985072888551868,113.44194229158558,248.58077809975046
2024-03-16 14:20:00,-7.99460569055282,112.648577400114,3.09,112.0,"Malang, Jawa Timur",0.0,Aman,5.431724311855306,-7.985072888551868,113.44194229158558,248.58077809975046
2024-03-16 17:38:00,-7.64360700270519,112.843990738156,7.67,398.0,"Pasuruan, Jawa Timur",0.600243001435063,Aman,25.066972416094554,-7.985072888551868,113.44194229158558,248.58077809975046
2024-03-16 19:17:00,-6.39503551755555,113.488299374279,6.31,232.0,Laut Jawa Timur,0.0,Aman,15.850539139095552,-7.985072888551868,113.44194229158558,248.58077809975046
2024-03-17 01:21:00,-7.88549607988354,112.614316762895,7.75,425.0,"Malang, Jawa Timur",0.35697258641243335,Aman,23.885601278435082,-7.985072888551868,113.44194229158558,248.58077809975046
2024-03-17 15:18:00,-7.77506112480917,113.241732523893,5.86,141.0,"Probolinggo, Jawa Timur",0.0,Aman,14.185558008058761,-7.985072888551868,113.44194229158558,248.58077809975046
2024-03-17 15:57:00,-7.81167489224427,113.262720690586,4.47,175.0,"Probolinggo, Jawa Timur",0.0,Aman,9.45064140680409,-7.985072888551868,113.44194229158558,248.58077809975046
2024-03-17 17:03:00,-8.20457157044427,114.442653954794,6.23,437.0,"Banyuwangi, Jawa Timur",0.004170243876177058,Aman,15.569514294825302,-7.985072888551868,113.44194229158558,248.58077809975046
2024-03-19 13:49:00,-8.21892732105581,114.382249103875,2.71,40.0,Banyuwangi,0.0,Aman,4.461223038584823,-7.985072888551868,113.44194229158558,248.58077809975046
2024-03-19 21:59:00,-8.05465278120266,113.298767862188,2.63,357.0,"Laut Selatan Jawa, Barat Daya Lumajang",7.194064843552502e-05,Aman,4.265235307831129,-7.985072888551868,113.44194229158558,248.58077809975046
2024-03-20 00:51:00,-7.89137905522564,112.568705640643,5.67,582.0,"Malang, Jawa Timur",7.194064843552502e-05,Aman,13.501560327375287,-7.985072888551868,113.44194229158558,248.58077809975046
2024-03-20 06:01:00,-8.08325563843138,113.260625472981,2.99,470.0,Lumajang,0.0,Aman,5.170193323271385,-7.985072888551868,113.44194229158558,248.58077809975046
2024-03-20 06:07:00,-7.66049091706232,113.603376921677,4.16,58.0,Laut Jawa Timur,0.0,Aman,8.484768470618395,-7.985072888551868,113.44194229158558,248.58077809975046
2024-03-20 11:46:00,-8.13423537159501,113.135926760631,3.43,2.0,Lumajang,0.5953516090583872,Aman,7.487031099707807,-7.985072888551868,113.44194229158558,248.58077809975046
2024-03-20 14:12:00,-7.57731735084689,112.836826751154,5.48,629.0,"Pasuruan, Jawa Timur",0.4806102671374484,Aman,14.677982277189711,-7.985072888551868,113.44194229158558,248.58077809975046
2024-03-20 14:39:00,-7.56452687896243,112.856890031444,2.52,553.0,"Pasuruan, Jawa Timur",0.0,Aman,4.000375982329661,-7.985072888551868,113.44194229158558,248.58077809975046
2024-03-20 18:51:00,-8.06586441701605,112.694891092106,3.07,444.0,"Malang, Jawa Timur",0.0,Aman,5.379074548656115,-7.985072888551868,113.44194229158558,248.58077809975046
2024-03-20 19:46:00,-7.66085057979962,113.132292964014,7.69,343.0,"Laut Jawa, Barat Daya Probolinggo",0.5522676428744887,Aman,24.858159139282222,-7.985072888551868,113.44194229158558,248.58077809975046
2024-03-21 04:02:00,-8.3131717155606,114.403878882403,4.12,165.0,"Banyuwangi, Jawa Timur",0.0,Aman,8.36268664963599,-7.985072888551868,113.44194229158558,248.58077809975046
2024-03-21 17:30:00,-7.46832924769005,113.654049349668,5.6,627.0,Laut Jawa Timur,0.0,Aman,13.252018714143139,-7.985072888551868,113.44194229158558,248.58077809975046
2024-03-22 08:51:00,-8.18626142655442,113.17571171134,3.2,674.0,Lumajang,0.0,Aman,5.7243340223994625,-7.985072888551868,113.44194229158558,248.58077809975046
2024-03-23 18:30:00,-7.8135723094931,113.286116926882,4.28,650.0,"Probolinggo, Jawa Timur",0.0,Aman,8.854532850467043,-7.985072888551868,113.44194229158558,248.58077809975046
2024-03-25 23:29:00,-8.14000636951301,113.202378899487,5.27,337.0,Lumajang,0.00014388129687105004,Aman,12.098587464140149,-7.985072888551868,113.44194229158558,248.58077809975046
2024-03-26 08:33:00,-8.18689804518246,114.272088931337,3.19,170.0,Banyuwangi,0.0,Aman,5.697522180737868,-7.985072888551868,113.44194229158558,248.58077809975046
2024-03-27 01:01:00,-8.28547667975048,114.319355982588,6.87,249.0,Banyuwangi,0.5953516090584227,Aman,21.22284306495718,-7.985072888551868,113.44194229158558,248.58077809975046
2024-03-27 01:34:00,-7.57616668648651,112.904409450508,5.58,59.0,"Pasuruan, Jawa Timur",0.17641163327380094,Aman,13.87867842232519,-7.985072888551868,113.44194229158558,248.58077809975046
2024-03-27 05:25:00,-8.08555385964065,113.208350110887,4.87,102.0,Lumajang,0.595351609058447,Aman,12.666653745207858,-7.985072888551868,113.44194229158558,248.58077809975046
2024-03-27 07:58:00,-8.26981681219139,114.44553678414,7.44,4.0,Banyuwangi,1.0,Terdampak,26.381698674649442,-7.985072888551868,113.44194229158558,248.58077809975046
2024-03-27 23:30:00,-7.85819561738925,112.822185130874,3.83,272.0,Laut Jawa Timur,0.0,Aman,7.4954577578690955,-7.985072888551868,113.44194229158558,248.58077809975046
2024-04-01 02:54:00,-7.87458275718344,112.546515318933,2.64,209.0,"Malang, Jawa Timur",0.0,Aman,4.2894922776477875,-7.985072888551868,113.44194229158558,248.58077809975046
2024-04-01 10:25:00,-8.02630039311246,112.599249985682,5.57,574.0,"Malang, Jawa Timur",0.0,Aman,13.145672025423426,-7.985072888551868,113.44194229158558,248.58077809975046
2024-04-02 07:17:00,-8.10455595410762,113.167304799719,7.96,183.0,Lumajang,0.7119678422333161,Aman,27.25471951859568,-7.985072888551868,113.44194229158558,248.58077809975046
2024-04-02 10:36:00,-8.22503821320093,113.20260477447,7.88,213.0,Lumajang,0.35711646770931266,Aman,24.49006192156807,-7.985072888551868,113.44194229158558,248.58077809975046
2024-04-02 13:25:00,-7.91961857517323,113.565387985941,5.12,483.0,Laut Jawa Timur,0.0,Aman,11.585237502960394,-7.985072888551868,113.44194229158558,248.58077809975046
2024-04-03 00:33:00,-8.22308660692797,114.29180104046,6.13,190.0,Banyuwangi,0.0,Aman,15.177166962249576,-7.985072888551868,113.44194229158558,248.58077809975046
2024-04-05 06:05:00,-8.31495399531923,114.437502300226,5.32,258.0,"Banyuwangi, Jawa Timur",0.0,Aman,12.270646600729728,-7.985072888551868,113.44194229158558,248.58077809975046
2024-04-06 12:06:00,-7.70600957909345,113.213703048117,4.87,251.0,"Laut Jawa, Barat Daya Probolinggo",0.0,Aman,10.747153250977675,-7.985072888551868,113.44194229158558,248.58077809975046
2024-04-07 13:00:00,-6.83291735811457,112.028958196515,7.28,268.0,Laut Jawa Timur,0.0,Aman,19.642513892065853,-7.985072888551868,113.44194229158558,248.58077809975046
2024-04-08 01:41:00,-8.27916739650547,114.38113265117,7.63,119.0,"Banyuwangi, Jawa Timur",0.032489381430503894,Aman,21.28135609239754,-7.985072888551868,113.44194229158558,248.58077809975046
2024-04-09 23:25:00,-8.30396618713005,114.278388043365,5.3,652.0,Banyuwangi,0.21394517282483863,Aman,12.984652953222785,-7.985072888551868,113.44194229158558,248.58077809975046
2024-04-10 23:15:00,-8.16782434508546,113.271189872902,2.46,685.0,Lumajang,0.0,Aman,3.8583592367740978,-7.985072888551868,113.44194229158558,248.58077809975046
2024-04-11 03:21:00,-8.14430543927574,114.375576845878,4.65,159.0,Banyuwangi,0.4046483909416081,Aman,11.244440682112456,-7.985072888551868,113.44194229158558,248.58077809975046
2024-04-11 03:47:00,-8.12513751149637,113.212336422765,2.88,644.0,"Laut Selatan Jawa, Barat Daya Lumajang",0.0,Aman,4.887522071561416,-7.985072888551868,113.44194229158558,248.58077809975046
2024-04-11 16:19:00,-7.7489948945093,113.111103079247,5.64,555.0,"Laut Jawa, Barat Daya Probolinggo",7.194064843552502e-05,Aman,13.394546951657803,-7.985072888551868,113.44194229158558,248.58077809975046
2024-04-12 03:48:00,-8.24923918081104,114.356928099571,2.49,324.0,Banyuwangi,0.0,Aman,3.929153725676816,-7.985072888551868,113.44194229158558,248.58077809975046
2024-04-12 07:01:00,-7.58673292739019,112.973824439374,6.5,645.0,"Pasuruan, Jawa Timur",0.8930274135875925,Terdampak,21.011538522031568,-7.985072888551868,113.44194229158558,248.58077809975046
2024-04-12 21:08:00,-8.11103635398956,113.168248253632,2.63,534.0,"Laut Selatan Jawa, Barat Daya Lumajang",0.2101893925067668,Aman,4.534089617702412,-7.985072888551868,113.44194229158558,248.58077809975046
2024-04-13 01:52:00,-8.13218398868201,114.296291642804,2.02,13.0,"Banyuwangi, Jawa Timur",0.0,Aman,2.8709594215174827,-7.985072888551868,113.44194229158558,248.58077809975046
2024-04-13 03:53:00,-7.68971709785741,113.19554980756,6.51,41.0,"Probolinggo, Jawa Timur",0.5953516090583972,Aman,19.576720478401175,-7.985072888551868,113.44194229158558,248.58077809975046
2024-04-14 03:48:00,-7.96697174605295,112.687112975211,4.03,562.0,"Malang, Jawa Timur",0.7023241954707721,Aman,9.794744872904086,-7.985072888551868,113.44194229158558,248.58077809975046
2024-04-14 09:06:00,-8.13441021067858,112.564860112714,6.76,383.0,Laut Jawa Timur,0.2976758045292142,Aman,19.14558498212164,-7.985072888551868,113.44194229158558,248.58077809975046
2024-04-14 09:07:00,-7.67150023752186,112.983641524274,5.21,270.0,"Pasuruan, Jawa Timur",0.025229745420833373,Aman,11.982056112222402,-7.985072888551868,113.44194229158558,248.58077809975046
2024-04-15 08:51:00,-7.96593707438963,112.566871322046,7.39,69.0,"Malang, Jawa Timur",0.5116209773540108,Aman,23.172831078236737,-7.985072888551868,113.44194229158558,248.58077809975046
2024-04-16 22:13:00,-7.77874229346203,113.296491294356,4.26,547.0,"Laut Jawa, Barat Daya Probolinggo",0.21574717306801083,Aman,9.361630684573033,-7.985072888551868,113.44194229158558,248.58077809975046
2024-04-16 22:15:00,-8.04781502375095,113.211054237672,7.63,317.0,"Laut Selatan Jawa, Barat Daya Lumajang",0.0036040004863831456,Aman,21.098720187351205,-7.985072888551868,113.44194229158558,248.58077809975046
2024-04-16 23:00:00,-8.22656245650049,114.427189636061,6.59,143.0,"Banyuwangi, Jawa Timur",0.5954235497068441,Aman,19.939053171720957,-7.985072888551868,113.44194229158558,248.58077809975046
2024-04-17 07:50:00,-7.55984396873312,112.984933855694,6.12,525.0,"Pasuruan, Jawa Timur",0.5953516090584201,Aman,17.844138698759927,-7.985072888551868,113.44194229158558,248.58077809975046
2024-04-17 10:13:00,-7.71783978488936,113.244940790464,2.75,164.0,"Laut Jawa, Barat Daya Probolinggo",0.0,Aman,4.560359086738675,-7.985072888551868,113.44194229158558,248.58077809975046
2024-04-17 13:09:00,-8.14985725123184,114.311963745546,7.87,515.0,"Banyuwangi, Jawa Timur",0.7738379022645634,Terdampak,27.20358638552207,-7.985072888551868,113.44194229158558,248.58077809975046
2024-04-17 19:41:00,-8.19871663995623,114.342890844778,3.72,153.0,Banyuwangi,0.0,Aman,7.174876166178759,-7.985072888551868,113.44194229158558,248.58077809975046
2024-04-18 00:04:00,-8.15018448187663,113.210926467661,5.82,2.0,"Laut Selatan Jawa, Barat Daya Lumajang",1.0,Terdampak,18.252729985402187,-7.985072888551868,113.44194229158558,248.58077809975046
2024-04-18 18:36:00,-7.51713645127287,112.968855913767,6.26,691.0,Laut Jawa Timur,0.0,Aman,15.662514996002397,-7.985072888551868,113.44194229158558,248.58077809975046
2024-04-19 12:54:00,-8.15516965111701,113.175346624076,2.65,540.0,Lumajang,0.0,Aman,4.313887457966422,-7.985072888551868,113.44194229158558,248.58077809975046
2024-04-19 17:30:00,-7.66964750503706,113.20489763631,2.04,510.0,"Laut Jawa, Barat Daya Probolinggo",0.0,Aman,2.913702798845483,-7.985072888551868,113.44194229158558,248.58077809975046
2024-04-20 05:15:00,-7.8970142165755,112.668899676928,2.79,247.0,"Malang, Jawa Timur",0.0,Aman,4.6602187716887284,-7.985072888551868,113.44194229158558,248.58077809975046
2024-04-21 11:41:00,-8.27638229366625,114.328246853558,5.48,215.0,"Banyuwangi, Jawa Timur",0.02522974542083369,Aman,12.925447911891597,-7.985072888551868,113.44194229158558,248.58077809975046
2024-04-22 10:00:00,-8.1487239236241,114.335501838179,4.99,358.0,Banyuwangi,0.0,Aman,11.14681564394065,-7.985072888551868,113.44194229158558,248.58077809975046
2024-04-22 10:14:00,-7.6908329289427,113.191493507817,5.37,366.0,"Probolinggo, Jawa Timur",0.025229745420831257,Aman,12.538228857893415,-7.985072888551868,113.44194229158558,248.58077809975046
2024-04-23 14:13:00,-8.2667318959979,114.302584476195,5.54,429.0,"Banyuwangi, Jawa Timur",0.00031270245522351653,Aman,13.040834599446042,-7.985072888551868,113.44194229158558,248.58077809975046
2024-04-24 23:20:00,-7.5612280997786,112.958696024802,7.43,23.0,"Pasuruan, Jawa Timur",0.9730143202699496,Terdampak,26.164567670024432,-7.985072888551868,113.44194229158558,248.58077809975046
2024-04-25 19:17:00,-8.13545263532487,111.853555829413,7.2,10.0,Laut Jawa Timur,0.21394517282482964,Aman,20.559629627724107,-7.985072888551868,113.44194229158558,248.58077809975046
2024-04-26 01:16:00,-8.16141583710789,112.792935039533,7.16,142.0,Laut Jawa Timur,0.0310717262775061,Aman,19.337443847963787,-7.985072888551868,113.44194229158558,248.58077809975046
2024-04-27 18:30:00,-7.79638959117956,113.13617846616,6.38,50.0,"Laut Jawa, Barat Daya Probolinggo",0.7041261957139823,Aman,19.519129924318865,-7.985072888551868,113.44194229158558,248.58077809975046
2024-04-28 18:08:00,-8.00363342922349,112.730269507595,3.25,137.0,"Malang, Jawa Timur",0.0,Aman,5.859020822628983,-7.985072888551868,113.44194229158558,248.58077809975046
2024-04-28 22:04:00,-7.74856042454526,113.124889633046,3.65,662.0,"Laut Jawa, Barat Daya Probolinggo",0.0,Aman,6.973315208708121,-7.985072888551868,113.44194229158558,248.58077809975046
2024-05-01 09:56:00,-7.30768438800586,112.162128371544,4.6,375.0,Laut Jawa Timur,0.0,Aman,9.865900871182518,-7.985072888551868,113.44194229158558,248.58077809975046
2024-05-01 12:58:00,-8.045019671405,113.117236574379,3.6,229.0,"Laut Selatan Jawa, Barat Daya Lumajang",0.0,Aman,6.8305197459636995,-7.985072888551868,113.44194229158558,248.58077809975046
2024-05-01 15:14:00,-7.79154144512354,113.270970474148,5.62,95.0,"Laut Jawa, Barat Daya Probolinggo",0.31092292958531226,Aman,14.56580987536086,-7.985072888551868,113.44194229158558,248.58077809975046
2024-05-02 19:51:00,-8.30685616903338,114.324004848933,4.37,515.0,Banyuwangi,0.0,Aman,9.135286147680324,-7.985072888551868,113.44194229158558,248.58077809975046
2024-05-03 12:04:00,-7.54791610618295,112.946071898535,6.12,598.0,"Pasuruan, Jawa Timur",0.5953516090583821,Aman,17.844138698759753,-7.985072888551868,113.44194229158558,248.58077809975046
2024-05-03 18:14:00,-8.17102344032089,114.42739707896,4.81,45.0,Banyuwangi,0.5953516090583917,Aman,12.433290233204191,-7.985072888551868,113.44194229158558,248.58077809975046
2024-05-04 05:11:00,-8.19145854861339,113.267527289862,7.75,60.0,"Laut Selatan Jawa, Barat Daya Lumajang",0.8979188059642835,Terdampak,27.386889787920612,-7.985072888551868,113.44194229158558,248.58077809975046
2024-05-04 08:15:00,-8.01575478232642,112.576757586349,2.66,240.0,"Malang, Jawa Timur",0.0005662433897944412,Aman,4.33906567544634,-7.985072888551868,113.44194229158558,248.58077809975046
2024-05-05 09:41:00,-7.82286554733518,113.289055812348,7.3,9.0,"Probolinggo, Jawa Timur",0.7780081461407848,Terdampak,24.327030227797383,-7.985072888551868,113.44194229158558,248.58077809975046
2024-05-06 07:58:00,-8.29922834847788,114.347138155268,7.63,474.0,Banyuwangi,0.6002430014351031,Aman,24.871137249636362,-7.985072888551868,113.44194229158558,248.58077809975046
2024-05-06 08:46:00,-7.44233692562902,113.665448916656,6.37,40.0,Laut Jawa Timur,0.0,Aman,16.07715313729393,-7.985072888551868,113.44194229158558,248.58077809975046
2024-05-07 01:48:00,-8.20473240562639,113.267440806896,7.29,120.0,Lumajang,0.6290771828464043,Aman,23.397637856989732,-7.985072888551868,113.44194229158558,248.58077809975046
2024-05-07 13:51:00,-7.64336790412478,112.818141957681,5.45,208.0,"Pasuruan, Jawa Timur",0.0,Aman,12.723153107622341,-7.985072888551868,113.44194229158558,248.58077809975046
2024-05-07 19:46:00,-8.25287821757051,114.411536212773,2.18,358.0,"Banyuwangi, Jawa Timur",0.0,Aman,3.218731427130882,-7.985072888551868,113.44194229158558,248.58077809975046
2024-05-08 09:32:00,-8.14307507878835,113.255064906253,3.02,236.0,"Laut Selatan Jawa, Barat Daya Lumajang",0.0,Aman,5.248200453488796,-7.985072888551868,113.44194229158558,248.58077809975046
2024-05-08 18:10:00,-8.16385335731985,114.371388938941,6.86,358.0,Banyuwangi,0.5953516090583886,Aman,21.176521846231868,-7.985072888551868,113.44194229158558,248.58077809975046
2024-05-09 06:18:00,-7.9682416393033,112.654250068418,4.99,65.0,"Malang, Jawa Timur",0.05570438850511265,Aman,11.33309360870813,-7.985072888551868,113.44194229158558,248.58077809975046
2024-05-09 13:42:00,-7.76102576504889,113.276139439362,6.52,695.0,"Probolinggo, Jawa Timur",0.0,Aman,16.648357516584028,-7.985072888551868,113.44194229158558,248.58077809975046
2024-05-09 18:26:00,-8.1547897013847,114.335273749223,5.38,488.0,Banyuwangi,0.0,Aman,12.478816931103685,-7.985072888551868,113.44194229158558,248.58077809975046
2024-05-09 22:35:00,-8.2157050976375,113.212843188125,3.09,2.0,Lumajang,0.5954235497068767,Aman,6.401977283093514,-7.985072888551868,113.44194229158558,248.58077809975046
2024-05-12 05:07:00,-7.97668655784882,112.596616446474,7.4,2.0,"Malang, Jawa Timur",0.8116650255161733,Terdampak,25.03186438387188,-7.985072888551868,113.44194229158558,248.58077809975046
2024-05-12 12:07:00,-7.36423993780205,112.115450170135,3.45,290.0,Laut Jawa Timur,0.0,Aman,6.4080905892473154,-7.985072888551868,113.44194229158558,248.58077809975046
2024-05-12 20:17:00,-7.7016719935286,112.964304462531,7.49,519.0,"Pasuruan, Jawa Timur",0.8260371076842871,Terdampak,25.57829444241883,-7.985072888551868,113.44194229158558,248.58077809975046
2024-05-13 11:53:00,-7.58006718040653,112.891871740581,6.19,474.0,"Pasuruan, Jawa Timur",0.18091310963542678,Aman,16.236388788627156,-7.985072888551868,113.44194229158558,248.58077809975046
2024-05-13 13:15:00,-6.43246637385428,113.350492426522,7.33,657.0,Laut Jawa Timur,0.0,Aman,19.845222019418177,-7.985072888551868,113.44194229158558,248.58077809975046
2024-05-13 19:21:00,-7.90385236179625,112.689052242259,5.13,529.0,"Malang, Jawa Timur",0.0,Aman,11.619195195881684,-7.985072888551868,113.44194229158558,248.58077809975046
2024-05-13 20:27:00,-7.81402331440745,113.120877559602,4.51,646.0,"Probolinggo, Jawa Timur",0.0,Aman,9.577779022299481,-7.985072888551868,113.44194229158558,248.58077809975046
2024-05-14 12:17:00,-7.57078193441504,112.915567013135,5.81,334.0,"Pasuruan, Jawa Timur",0.0,Aman,14.004390061691367,-7.985072888551868,113.44194229158558,248.58077809975046
2024-05-14 16:13:00,-7.80125505662624,113.289267628443,4.21,377.0,"Probolinggo, Jawa Timur",0.0,Aman,8.638197786575624,-7.985072888551868,113.44194229158558,248.58077809975046
2024-05-15 02:29:00,-8.17361017537947,113.27949842887,7.15,700.0,"Laut Selatan Jawa, Barat Daya Lumajang",0.893027413587615,Terdampak,24.240796267132296,-7.985072888551868,113.44194229158558,248.58077809975046
2024-05-15 11:27:00,-8.20655142533165,114.445164732932,5.9,682.0,"Banyuwangi, Jawa Timur",0.0036759411348184588,Aman,14.346854234846472,-7.985072888551868,113.44194229158558,248.58077809975046
2024-05-15 15:40:00,-7.91121406731979,112.608112277954,2.7,6.0,"Malang, Jawa Timur",0.0,Aman,4.436552715791846,-7.985072888551868,113.44194229158558,248.58077809975046
2024-05-15 20:25:00,-8.03960361997526,112.71346332587,4.33,135.0,"Malang, Jawa Timur",0.0,Aman,9.010146336214524,-7.985072888551868,113.44194229158558,248.58077809975046
2024-05-15 21:20:00,-8.07994873079522,113.288924449205,3.3,156.0,Lumajang,0.0,Aman,5.994747701113033,-7.985072888551868,113.44194229158558,248.58077809975046
2024-05-16 01:17:00,-8.07735411959652,113.199594166594,2.04,9.0,"Laut Selatan Jawa, Barat Daya Lumajang",0.0,Aman,2.913702798845483,-7.985072888551868,113.44194229158558,248.58077809975046
2024-05-16 17:14:00,-7.86803559931543,112.564738405624,4.43,284.0,"Malang, Jawa Timur",0.17848629320620552,Aman,9.82333705584984,-7.985072888551868,113.44194229158558,248.58077809975046
2024-05-17 06:14:00,-7.67322512508898,113.241757761219,5.8,246.0,"Laut Jawa, Barat Daya Probolinggo",0.0,Aman,13.968249711399062,-7.985072888551868,113.44194229158558,248.58077809975046
2024-05-17 14:11:00,-7.68225053230192,113.118573908198,3.19,288.0,"Probolinggo, Jawa Timur",0.0,Aman,5.697522180737868,-7.985072888551868,113.44194229158558,248.58077809975046
2024-05-17 17:38:00,-7.69352490664136,112.945259503624,2.22,531.0,"Pasuruan, Jawa Timur",0.0,Aman,3.307725502516798,-7.985072888551868,113.44194229158558,248.58077809975046
2024-05-18 07:41:00,-7.96501743778633,112.727619806297,2.01,81.0,"Malang, Jawa Timur",0.0,Aman,2.8496668226303226,-7.985072888551868,113.44194229158558,248.58077809975046
2024-05-19 16:34:00,-7.79880280879732,113.13681722525,2.17,161.0,"Probolinggo, Jawa Timur",0.0,Aman,3.1966096101964028,-7.985072888551868,113.44194229158558,248.58077809975046
2024-05-19 21:11:00,-7.76890130297047,113.283164306075,5.46,91.0,"Probolinggo, Jawa Timur",0.0,Aman,12.758187018538331,-7.985072888551868,113.44194229158558,248.58077809975046
2024-05-20 12:34:00,-8.2118893989435,113.156007101741,7.88,157.0,"Laut Selatan Jawa, Barat Daya Lumajang",0.4639451728248094,Aman,25.198984070445512,-7.985072888551868,113.44194229158558,248.58077809975046
2024-05-20 13:48:00,-8.07186199644181,113.217049483169,7.92,684.0,"Laut Selatan Jawa, Barat Daya Lumajang",0.599531925341279,Aman,26.297719860447295,-7.985072888551868,113.44194229158558,248.58077809975046
2024-05-20 20:10:00,-7.60937261959269,111.927100939554,3.95,134.0,Laut Jawa Timur,0.0,Aman,7.850469731168958,-7.985072888551868,113.44194229158558,248.58077809975046
2024-05-20 21:27:00,-8.14913870768847,113.122074234519,3.45,227.0,Lumajang,0.0,Aman,6.4080905892473154,-7.985072888551868,113.44194229158558,248.58077809975046
2024-05-21 09:24:00,-8.22496875140716,113.170425514074,5.61,261.0,Lumajang,0.3569725864124609,Aman,14.71051633092631,-7.985072888551868,113.44194229158558,248.58077809975046
2024-05-22 04:20:00,-6.37057079364779,112.198149891283,2.8,189.0,Laut Jawa Timur,0.0,Aman,4.685296148590822,-7.985072888551868,113.44194229158558,248.58077809975046
2024-05-22 06:57:00,-8.04288055165496,113.30659490823,4.37,649.0,Lumajang,0.0,Aman,9.135286147680324,-7.985072888551868,113.44194229158558,248.58077809975046
2024-05-23 13:57:00,-6.76936505153249,112.322946089705,2.76,464.0,Laut Jawa Timur,0.0,Aman,4.585256372330777,-7.985072888551868,113.44194229158558,248.58077809975046
2024-05-24 22:23:00,-8.15328968404655,114.375184202835,7.08,123.0,"Banyuwangi, Jawa Timur",0.8057614758093352,Terdampak,23.392493400060754,-7.985072888551868,113.44194229158558,248.58077809975046
2024-05-25 05:38:00,-8.18314463699527,113.188662041985,2.76,443.0,"Laut Selatan Jawa, Barat Daya Lumajang",0.0005662433897944412,Aman,4.586035283664181,-7.985072888551868,113.44194229158558,248.58077809975046
2024-05-25 07:04:00,-8.14377884394035,114.360677562337,5.81,552.0,Banyuwangi,0.3569725864124156,Aman,15.504145064126456,-7.985072888551868,113.44194229158558,248.58077809975046
2024-05-25 11:27:00,-8.21616609750435,113.217943308851,7.36,388.0,Lumajang,0.6002430014350894,Aman,23.562727390958326,-7.985072888551868,113.44194229158558,248.58077809975046
2024-05-25 16:41:00,-8.2061155060037,114.277993614785,2.73,547.0,"Banyuwangi, Jawa Timur",0.2976758045292665,Aman,4.913518178520828,-7.985072888551868,113.44194229158558,248.58077809975046
2024-05-26 18:47:00,-8.30842637359011,114.461215455194,7.38,189.0,Banyuwangi,0.009782784753369016,Aman,20.107462103966704,-7.985072888551868,113.44194229158558,248.58077809975046
2024-05-26 21:17:00,-8.13324616017388,114.373352394496,2.39,638.0,Banyuwangi,0.0,Aman,3.6948503352639337,-7.985072888551868,113.44194229158558,248.58077809975046
2024-05-27 01:32:00,-8.12671546227374,113.212189521503,4.34,62.0,"Laut Selatan Jawa, Barat Daya Lumajang",0.3575388298021958,Aman,10.011170369675314,-7.985072888551868,113.44194229158558,248.58077809975046
2024-05-27 08:28:00,-7.61930639947568,112.958868607638,3.89,19.0,Laut Jawa Timur,0.0014368427244303397,Aman,7.675586414759071,-7.985072888551868,113.44194229158558,248.58077809975046
2024-05-28 19:44:00,-7.70283733998086,113.25493644756,6.3,594.0,"Probolinggo, Jawa Timur",0.0,Aman,15.812874501494028,-7.985072888551868,113.44194229158558,248.58077809975046
2024-06-01 12:03:00,-8.08450664593959,113.245011864093,5.14,281.0,Lumajang,7.194064843552502e-05,Aman,11.65343750344696,-7.985072888551868,113.44194229158558,248.58077809975046
2024-06-01 20:42:00,-8.13349938625783,114.307432007243,2.13,168.0,Banyuwangi,0.0,Aman,3.108632657616528,-7.985072888551868,113.44194229158558,248.58077809975046
2024-06-02 23:53:00,-8.15628122803346,113.27712293465,5.46,432.0,"Laut Selatan Jawa, Barat Daya Lumajang",0.0,Aman,12.758187018538331,-7.985072888551868,113.44194229158558,248.58077809975046
2024-06-04 09:46:00,-7.2485902733815,112.553795838352,4.9,314.0,Laut Jawa Timur,0.0,Aman,10.846612374377543,-7.985072888551868,113.44194229158558,248.58077809975046
2024-06-05 01:11:00,-8.22044744623838,114.401491593034,6.11,463.0,Banyuwangi,0.012614872710416633,Aman,15.160107610831767,-7.985072888551868,113.44194229158558,248.58077809975046
2024-06-05 08:15:00,-7.60817354809589,112.887421623575,7.61,77.0,"Pasuruan, Jawa Timur",0.3692506125851217,Aman,23.31863655844093,-7.985072888551868,113.44194229158558,248.58077809975046
2024-06-05 11:33:00,-8.0543677238708,112.6987981135,7.01,510.0,"Malang, Jawa Timur",0.0036040004863831456,Aman,18.580026648459484,-7.985072888551868,113.44194229158558,248.58077809975046
2024-06-05 12:09:00,-7.97618274992114,112.717606112452,3.28,474.0,"Malang, Jawa Timur",0.012576569653582396,Aman,5.96274535282193,-7.985072888551868,113.44194229158558,248.58077809975046
2024-06-06 12:18:00,-8.09742382424364,113.130635001018,2.24,627.0,Lumajang,0.0,Aman,3.352525018549452,-7.985072888551868,113.44194229158558,248.58077809975046
2024-06-06 18:01:00,-8.2795223981807,114.357614986029,6.39,231.0,Banyuwangi,0.3570445270608711,Aman,17.883123596152142,-7.985072888551868,113.44194229158558,248.58077809975046
2024-06-06 18:31:00,-7.9346315952304,112.617883603432,3.15,215.0,"Malang, Jawa Timur",0.0,Aman,5.590695395029137,-7.985072888551868,113.44194229158558,248.58077809975046
2024-06-06 19:40:00,-7.68883847091788,113.268554600768,2.67,636.0,"Probolinggo, Jawa Timur",0.0,Aman,4.362815948444307,-7.985072888551868,113.44194229158558,248.58077809975046
2024-06-06 23:21:00,-7.83647742673549,113.268078732251,7.43,272.0,"Laut Jawa, Barat Daya Probolinggo",0.7023241954707439,Aman,24.51990480078535,-7.985072888551868,113.44194229158558,248.58077809975046
2024-06-07 04:12:00,-8.14996150476552,114.409957601444,6.84,531.0,"Banyuwangi, Jawa Timur",0.5954235497068348,Aman,21.084366764173982,-7.985072888551868,113.44194229158558,248.58077809975046
2024-06-07 04:30:00,-7.87749897014496,112.558715571193,6.48,146.0,"Malang, Jawa Timur",0.46394517282477404,Aman,18.791273542097436,-7.985072888551868,113.44194229158558,248.58077809975046
2024-06-07 16:34:00,-6.38425538191419,113.503158610666,3.08,583.0,Laut Jawa Timur,0.0,Aman,5.405378062633547,-7.985072888551868,113.44194229158558,248.58077809975046
2024-06-08 02:17:00,-7.82754790709288,113.14923266086,5.26,160.0,"Probolinggo, Jawa Timur",0.0005662433897944412,Aman,12.065696166211525,-7.985072888551868,113.44194229158558,248.58077809975046
2024-06-09 06:44:00,-8.13558293487312,113.236722183548,5.84,683.0,Lumajang,0.0,Aman,14.112997697158459,-7.985072888551868,113.44194229158558,248.58077809975046
2024-06-09 19:55:00,-7.82893926127085,113.286928702253,3.06,330.0,"Probolinggo, Jawa Timur",0.5953516090584143,Aman,6.30885573916321,-7.985072888551868,113.44194229158558,248.58077809975046
2024-06-10 11:21:00,-8.04505865609252,112.558066617871,4.05,45.0,"Malang, Jawa Timur",0.0,Aman,8.150467777986734,-7.985072888551868,113.44194229158558,248.58077809975046
2024-06-11 07:03:00,-8.09966117777216,113.277389302503,6.65,532.0,"Laut Selatan Jawa, Barat Daya Lumajang",0.8930274135876016,Terdampak,21.743041099865696,-7.985072888551868,113.44194229158558,248.58077809975046
2024-06-12 15:01:00,-8.23323519794937,114.270330318746,5.72,84.0,Banyuwangi,0.5953516090584707,Aman,16.12361799686952,-7.985072888551868,113.44194229158558,248.58077809975046
2024-06-12 17:43:00,-7.6760134564319,113.258912992382,4.01,7.0,"Probolinggo, Jawa Timur",0.5953516090583866,Aman,9.464224115875219,-7.985072888551868,113.44194229158558,248.58077809975046
2024-06-12 20:34:00,-8.1409693131249,113.267227314468,7.95,578.0,"Laut Selatan Jawa, Barat Daya Lumajang",0.8147544176496831,Terdampak,27.894583601327238,-7.985072888551868,113.44194229158558,248.58077809975046
2024-06-14 09:25:00,-7.57270717050838,111.828976967882,2.08,291.0,Laut Jawa Timur,0.25274832735966885,Aman,3.227278405885167,-7.985072888551868,113.44194229158558,248.58077809975046
2024-06-14 11:10:00,-7.91804665900015,112.577881776701,5.33,632.0,"Malang, Jawa Timur",0.2139451728248197,Aman,13.095055869712628,-7.985072888551868,113.44194229158558,248.58077809975046
2024-06-14 13:48:00,-7.77572597374241,113.171976521122,6.12,631.0,"Laut Jawa, Barat Daya Probolinggo",0.5953516090583891,Aman,17.844138698759785,-7.985072888551868,113.44194229158558,248.58077809975046
2024-06-14 17:47:00,-8.26837600821236,114.444719834681,6.67,41.0,Banyuwangi,0.5959897930966419,Aman,20.30615747918869,-7.985072888551868,113.44194229158558,248.58077809975046
2024-06-15 21:01:00,-7.59159205530269,112.955251265149,2.27,289.0,"Pasuruan, Jawa Timur",0.0,Aman,3.420099852343496,-7.985072888551868,113.44194229158558,248.58077809975046
2024-06-16 06:05:00,-7.72035693087063,113.305690636334,7.33,128.0,"Probolinggo, Jawa Timur",0.6398900553135419,Aman,23.654850084132683,-7.985072888551868,113.44194229158558,248.58077809975046
2024-06-17 06:38:00,-8.25799504560448,114.384750263742,7.15,684.0,"Banyuwangi, Jawa Timur",0.8057614758092823,Terdampak,23.74027207021277,-7.985072888551868,113.44194229158558,248.58077809975046
2024-06-17 14:47:00,-8.2545406531806,114.467620888424,4.86,422.0,"Banyuwangi, Jawa Timur",0.0,Aman,10.714068134933623,-7.985072888551868,113.44194229158558,248.58077809975046
2024-06-18 14:24:00,-7.69196757313099,113.11572183936,4.55,281.0,"Laut Jawa, Barat Daya Probolinggo",0.7023241954707758,Aman,11.750400086171691,-7.985072888551868,113.44194229158558,248.58077809975046
2024-06-19 11:35:00,-6.62935664037848,112.9337705551,3.03,595.0,Laut Jawa Timur,0.0,Aman,5.27428924121535,-7.985072888551868,113.44194229158558,248.58077809975046
2024-06-19 22:47:00,-7.70748815524352,113.212928625432,4.2,625.0,"Laut Jawa, Barat Daya Probolinggo",0.0,Aman,8.607438643406063,-7.985072888551868,113.44194229158558,248.58077809975046
2024-06-20 08:23:00,-7.7307887525379,113.170041866941,6.7,534.0,"Probolinggo, Jawa Timur",0.0,Aman,17.34252000143001,-7.985072888551868,113.44194229158558,248.58077809975046
2024-06-20 16:54:00,-8.15181717490299,114.29486245657,2.67,281.0,"Banyuwangi, Jawa Timur",0.0,Aman,4.362815948444307,-7.985072888551868,113.44194229158558,248.58077809975046
2024-06-21 08:15:00,-7.72648149827708,113.273263789055,2.38,232.0,"Probolinggo, Jawa Timur",0.0,Aman,3.6716851716888796,-7.985072888551868,113.44194229158558,248.58077809975046
2024-06-21 10:05:00,-7.80299959842706,113.23233751926,2.68,107.0,"Laut Jawa, Barat Daya Probolinggo",0.17848629320623727,Aman,4.622273588317409,-7.985072888551868,113.44194229158558,248.58077809975046
2024-06-21 19:56:00,-7.60433635531274,112.909349517881,3.13,45.0,"Pasuruan, Jawa Timur",0.0,Aman,5.537535282054643,-7.985072888551868,113.44194229158558,248.58077809975046
2024-06-21 23:37:00,-8.24526776764717,114.366697429704,5.11,444.0,Banyuwangi,0.36186397878911614,Aman,12.805314175591281,-7.985072888551868,113.44194229158558,248.58077809975046
2024-06-22 02:58:00,-7.74178570135365,113.142482557624,4.68,454.0,"Probolinggo, Jawa Timur",0.0,Aman,10.124387981502881,-7.985072888551868,113.44194229158558,248.58077809975046
2024-06-22 03:07:00,-8.22922435744647,113.302503509727,7.96,367.0,"Laut Selatan Jawa, Barat Daya Lumajang",0.06881048011461435,Aman,22.921525832859864,-7.985072888551868,113.44194229158558,248.58077809975046
2024-06-22 05:19:00,-8.17680263028327,112.260721930162,6.0,337.0,Laut Jawa Timur,0.0,Aman,14.696938456699069,-7.985072888551868,113.44194229158558,248.58077809975046
2024-06-22 20:04:00,-7.66342669354655,113.29434411285,4.43,443.0,"Laut Jawa, Barat Daya Probolinggo",0.0,Aman,9.32407137467319,-7.985072888551868,113.44194229158558,248.58077809975046
2024-06-22 23:06:00,-8.06161347795377,112.674976098326,5.37,208.0,"Malang, Jawa Timur",0.0036040004863831456,Aman,12.457495361796292,-7.985072888551868,113.44194229158558,248.58077809975046
2024-06-23 09:16:00,-8.14174762264469,113.24833572722,4.96,24.0,Lumajang,0.47616209773540036,Aman,12.624413950953924,-7.985072888551868,113.44194229158558,248.58077809975046
2024-06-23 13:42:00,-8.13639451033773,114.286166065191,6.99,349.0,"Banyuwangi, Jawa Timur",0.5953516090583963,Aman,21.781321262019677,-7.985072888551868,113.44194229158558,248.58077809975046
2024-06-25 22:46:00,-8.13302870547729,113.160951112189,7.37,635.0,"Laut Selatan Jawa, Barat Daya Lumajang",0.06384714708949538,Aman,20.391121226213386,-7.985072888551868,113.44194229158558,248.58077809975046
2024-06-26 01:42:00,-8.06636498717983,113.192282002584,5.05,512.0,Lumajang,0.031923573544747744,Aman,11.457148605643752,-7.985072888551868,113.44194229158558,248.58077809975046
2024-06-26 09:47:00,-8.10007690640359,113.196841083807,4.05,1.0,"Laut Selatan Jawa, Barat Daya Lumajang",0.9962442196819298,Terdampak,10.586424701443665,-7.985072888551868,113.44194229158558,248.58077809975046
2024-06-26 21:32:00,-7.7560078846143,113.194669752223,6.21,238.0,"Probolinggo, Jawa Timur",0.5953516090583959,Aman,18.23920301281892,-7.985072888551868,113.44194229158558,248.58077809975046
2024-06-27 07:56:00,-7.65825038275591,113.281368668494,7.42,531.0,"Probolinggo, Jawa Timur",0.0,Aman,20.211840292264334,-7.985072888551868,113.44194229158558,248.58077809975046
2024-06-28 00:24:00,-8.31224824542495,114.45857109982,6.36,180.0,"Banyuwangi, Jawa Timur",0.009782784753369016,Aman,16.086382445180433,-7.985072888551868,113.44194229158558,248.58077809975046
2024-06-28 01:12:00,-8.24099984505498,114.310835500597,3.11,181.0,"Banyuwangi, Jawa Timur",0.031923573544747,Aman,5.537070619744186,-7.985072888551868,113.44194229158558,248.58077809975046
2024-06-28 02:45:00,-8.04973281783166,113.144822528616,3.5,122.0,Lumajang,0.003604000486382828,Aman,6.554980017751348,-7.985072888551868,113.44194229158558,248.58077809975046
2024-06-28 05:00:00,-8.20508932312526,113.146121197955,6.89,272.0,"Laut Selatan Jawa, Barat Daya Lumajang",0.2458687463695672,Aman,19.419422324866755,-7.985072888551868,113.44194229158558,248.58077809975046
2024-06-28 07:42:00,-7.63260634542054,112.935539924638,3.91,621.0,"Pasuruan, Jawa Timur",0.0,Aman,7.731524493914509,-7.985072888551868,113.44194229158558,248.58077809975046
2024-07-03 02:53:00,-8.01672909617421,112.584491897223,6.04,502.0,"Malang, Jawa Timur",0.0,Aman,14.844152518752965,-7.985072888551868,113.44194229158558,248.58077809975046
2024-07-04 07:17:00,-8.03326096222411,112.718315282419,3.13,118.0,"Malang, Jawa Timur",0.10697258641241937,Aman,5.7152446234960665,-7.985072888551868,113.44194229158558,248.58077809975046
2024-07-04 11:32:00,-7.98441541723684,112.611537808589,5.08,24.0,"Malang, Jawa Timur",0.0,Aman,11.449738512298,-7.985072888551868,113.44194229158558,248.58077809975046
2024-07-04 16:41:00,-7.67149909065529,113.158975508487,3.95,406.0,"Probolinggo, Jawa Timur",0.0,Aman,7.850469731168958,-7.985072888551868,113.44194229158558,248.58077809975046
2024-07-04 16:50:00,-8.17489705474898,114.434219986103,2.84,368.0,"Banyuwangi, Jawa Timur",0.0,Aman,4.786053071164171,-7.985072888551868,113.44194229158558,248.58077809975046
2024-07-04 17:14:00,-8.22480833225016,114.288091012592,7.24,379.0,Banyuwangi,0.8930274135875514,Terdampak,24.699926909580874,-7.985072888551868,113.44194229158558,248.58077809975046
2024-07-05 13:38:00,-7.65969931611937,113.300233198188,2.9,423.0,"Laut Jawa, Barat Daya Probolinggo",0.0,Aman,4.938522046118656,-7.985072888551868,113.44194229158558,248.58077809975046
2024-07-05 13:42:00,-7.23137535316963,111.890180045648,4.6,662.0,Laut Jawa Timur,0.0,Aman,9.865900871182518,-7.985072888551868,113.44194229158558,248.58077809975046
2024-07-05 19:18:00,-8.22090776609026,113.154237894083,3.26,277.0,Lumajang,0.0,Aman,5.886083247797298,-7.985072888551868,113.44194229158558,248.58077809975046
2024-07-06 06:31:00,-8.31091964801501,114.372905878561,2.36,686.0,Banyuwangi,0.0,Aman,3.6255007929939826,-7.985072888551868,113.44194229158558,248.58077809975046
2024-07-06 07:32:00,-8.16560214088768,114.363256148393,7.83,212.0,"Banyuwangi, Jawa Timur",0.6591987561478724,Aman,26.24292946899534,-7.985072888551868,113.44194229158558,248.58077809975046
2024-07-06 14:52:00,-6.26196122218998,113.050395698879,6.4,428.0,Laut Jawa Timur,0.0,Aman,16.190861620062105,-7.985072888551868,113.44194229158558,248.58077809975046
2024-07-07 20:34:00,-8.10126834400769,113.148737890046,5.11,75.0,Lumajang,0.0,Aman,11.551312955677377,-7.985072888551868,113.44194229158558,248.58077809975046
2024-07-07 21:36:00,-7.68068702708692,112.858057877734,7.1,22.0,"Pasuruan, Jawa Timur",0.46883656520149014,Aman,21.57944629892369,-7.985072888551868,113.44194229158558,248.58077809975046
2024-07-08 00:58:00,-8.03754100991675,113.138294674966,5.05,216.0,"Laut Selatan Jawa, Barat Daya Lumajang",0.0,Aman,11.348463552393337,-7.985072888551868,113.44194229158558,248.58077809975046
2024-07-09 03:50:00,-8.19432495487409,114.320102412246,5.41,16.0,"Banyuwangi, Jawa Timur",0.7028904388605884,Aman,15.236751631013863,-7.985072888551868,113.44194229158558,248.58077809975046
2024-07-10 00:06:00,-8.04293968448938,113.194449584755,2.88,435.0,"Laut Selatan Jawa, Barat Daya Lumajang",0.0,Aman,4.887522071561416,-7.985072888551868,113.44194229158558,248.58077809975046
2024-07-11 20:27:00,-8.28309998430131,114.355949905955,2.66,678.0,Banyuwangi,0.0,Aman,4.338328710459824,-7.985072888551868,113.44194229158558,248.58077809975046
2024-07-11 21:02:00,-8.27853689086939,114.288029390324,6.41,120.0,Banyuwangi,0.5953516090583771,Aman,19.127380674913688,-7.985072888551868,113.44194229158558,248.58077809975046
2024-07-13 15:11:00,-7.57691654866014,112.945893670958,6.57,674.0,"Pasuruan, Jawa Timur",0.47616209773540524,Aman,19.24583535238465,-7.985072888551868,113.44194229158558,248.58077809975046
2024-07-13 23:47:00,-7.65958316071723,112.88554772783,7.69,576.0,Laut Jawa Timur,0.5953516090584768,Aman,25.1337891111478,-7.985072888551868,113.44194229158558,248.58077809975046
2024-07-14 09:53:00,-7.67073020743024,113.259360935599,2.7,70.0,"Probolinggo, Jawa Timur",0.0,Aman,4.436552715791846,-7.985072888551868,113.44194229158558,248.58077809975046
2024-07-15 00:43:00,-7.98235949442294,113.491685257373,7.35,373.0,Laut Jawa Timur,0.0,Aman,19.92649931623716,-7.985072888551868,113.44194229158558,248.58077809975046
2024-07-15 13:51:00,-8.20493165188666,113.159634664226,6.89,463.0,"Laut Selatan Jawa, Barat Daya Lumajang",0.4639451728248094,Aman,20.602624091664907,-7.985072888551868,113.44194229158558,248.58077809975046
2024-07-16 09:55:00,-7.74318461923738,111.960039458387,5.02,376.0,Laut Jawa Timur,0.0,Aman,11.247488964208854,-7.985072888551868,113.44194229158558,248.58077809975046
2024-07-16 10:41:00,-7.6107482846504,112.996775784185,6.07,469.0,"Pasuruan, Jawa Timur",0.0,Aman,14.954883583632473,-7.985072888551868,113.44194229158558,248.58077809975046
2024-07-17 21:53:00,-7.8056032766755,113.147195480727,6.09,305.0,"Laut Jawa, Barat Daya Probolinggo",0.7023241954707948,Aman,18.195395417522352,-7.985072888551868,113.44194229158558,248.58077809975046
2024-07-18 12:34:00,-7.68963778008018,113.241935292306,7.67,193.0,"Laut Jawa, Barat Daya Probolinggo",1.0,Terdampak,27.614450030192526,-7.985072888551868,113.44194229158558,248.58077809975046
2024-07-18 14:47:00,-7.8516799653048,113.26644560639,5.4,616.0,"Probolinggo, Jawa Timur",0.6002430014350709,Aman,14.80810471779702,-7.985072888551868,113.44194229158558,248.58077809975046
2024-07-19 05:02:00,-8.17798784749049,113.19731061262,2.58,48.0,Lumajang,0.0,Aman,4.144093628285925,-7.985072888551868,113.44194229158558,248.58077809975046
2024-07-19 14:51:00,-7.58958668413766,112.946553273534,3.06,357.0,"Pasuruan, Jawa Timur",0.0,Aman,5.352813839467986,-7.985072888551868,113.44194229158558,248.58077809975046
2024-07-19 15:03:00,-8.27434103813851,114.309464778972,7.78,285.0,"Banyuwangi, Jawa Timur",0.5964981892163076,Aman,25.58377236097457,-7.985072888551868,113.44194229158558,248.58077809975046
2024-07-20 09:12:00,-8.14876543312734,113.174120426178,5.7,319.0,"Laut Selatan Jawa, Barat Daya Lumajang",0.025795988810627706,Aman,13.7138773857779,-7.985072888551868,113.44194229158558,248.58077809975046
2024-07-21 06:57:00,-6.7154189163955,111.797501823287,4.85,296.0,Laut Jawa Timur,0.0,Aman,10.68101703958944,-7.985072888551868,113.44194229158558,248.58077809975046
2024-07-22 03:57:00,-6.55578635656229,112.466312691641,5.66,692.0,Laut Jawa Timur,0.0,Aman,13.465567050815201,-7.985072888551868,113.44194229158558,248.58077809975046
2024-07-22 21:17:00,-7.69967345724732,112.8679974674,2.3,68.0,"Pasuruan, Jawa Timur",0.0,Aman,3.488122704263713,-7.985072888551868,113.44194229158558,248.58077809975046
2024-07-23 03:20:00,-8.23368195003247,114.42609974951,5.72,109.0,"Banyuwangi, Jawa Timur",0.004891392376684508,Aman,13.70032493170205,-7.985072888551868,113.44194229158558,248.58077809975046
2024-07-23 11:37:00,-8.23768168322726,114.446166160636,2.08,71.0,"Banyuwangi, Jawa Timur",0.0,Aman,2.999818661186039,-7.985072888551868,113.44194229158558,248.58077809975046
2024-07-24 18:53:00,-8.17852399939498,113.231877432275,4.69,620.0,"Laut Selatan Jawa, Barat Daya Lumajang",0.07054053970936838,Aman,10.37179628696893,-7.985072888551868,113.44194229158558,248.58077809975046
2024-07-25 18:44:00,-7.84717176645441,113.29595097962,2.9,496.0,"Laut Jawa, Barat Daya Probolinggo",0.0,Aman,4.938522046118656,-7.985072888551868,113.44194229158558,248.58077809975046
2024-07-27 01:12:00,-7.73466310654954,113.211124448387,2.89,630.0,"Laut Jawa, Barat Daya Probolinggo",0.0,Aman,4.913,-7.985072888551868,113.44194229158558,248.58077809975046
2024-07-28 17:41:00,-7.69999353766588,113.287254487192,3.08,510.0,"Probolinggo, Jawa Timur",0.0,Aman,5.405378062633547,-7.985072888551868,113.44194229158558,248.58077809975046
2024-08-01 08:40:00,-8.10776829535491,113.257414173033,6.57,316.0,"Laut Selatan Jawa, Barat Daya Lumajang",0.6272751826031374,Aman,20.00926914659172,-7.985072888551868,113.44194229158558,248.58077809975046
2024-08-01 19:25:00,-8.04948799741268,113.144594970583,5.78,430.0,Lumajang,0.0036040004863827223,Aman,13.91108688864162,-7.985072888551868,113.44194229158558,248.58077809975046
2024-08-02 02:46:00,-8.08413515879402,113.271995485271,3.43,551.0,"Laut Selatan Jawa, Barat Daya Lumajang",0.5953516090584337,Aman,7.487031099707896,-7.985072888551868,113.44194229158558,248.58077809975046
2024-08-04 07:13:00,-7.65447707076653,113.257768715041,2.76,384.0,"Laut Jawa, Barat Daya Probolinggo",0.0,Aman,4.585256372330777,-7.985072888551868,113.44194229158558,248.58077809975046
2024-08-04 07:54:00,-7.41633118726415,112.980613926147,2.33,643.0,Laut Jawa Timur,0.0,Aman,3.5565906427363836,-7.985072888551868,113.44194229158558,248.58077809975046
2024-08-04 22:54:00,-8.22990353756686,113.200346980543,4.98,537.0,"Laut Selatan Jawa, Barat Daya Lumajang",0.00014388129687094417,Aman,11.113804674884843,-7.985072888551868,113.44194229158558,248.58077809975046
2024-08-05 03:52:00,-8.1701078561312,113.127145276034,5.17,528.0,Lumajang,0.025229745420833054,Aman,11.844332176591804,-7.985072888551868,113.44194229158558,248.58077809975046
2024-08-05 05:15:00,-8.23225051595958,114.399170295757,2.38,335.0,Banyuwangi,0.0,Aman,3.6716851716888796,-7.985072888551868,113.44194229158558,248.58077809975046
2024-08-05 07:49:00,-8.3092943993288,114.421191582821,3.85,117.0,Banyuwangi,0.0,Aman,7.554245495084205,-7.985072888551868,113.44194229158558,248.58077809975046
2024-08-06 07:53:00,-7.72798488195653,113.147246274993,4.18,171.0,"Laut Jawa, Barat Daya Probolinggo",0.0,Aman,8.546030189509043,-7.985072888551868,113.44194229158558,248.58077809975046
2024-08-06 13:56:00,-7.74308556374729,113.200312033796,7.46,551.0,"Laut Jawa, Barat Daya Probolinggo",0.0,Aman,20.375498423351512,-7.985072888551868,113.44194229158558,248.58077809975046
2024-08-07 01:30:00,-8.0480536296369,113.179893542093,3.69,378.0,Lumajang,0.0,Aman,7.088258530838163,-7.985072888551868,113.44194229158558,248.58077809975046
2024-08-08 23:13:00,-7.76692639243492,113.226310261631,2.28,308.0,"Laut Jawa, Barat Daya Probolinggo",0.0,Aman,3.4427245024834616,-7.985072888551868,113.44194229158558,248.58077809975046
2024-08-09 09:02:00,-7.97169960826388,112.583798718875,7.6,232.0,"Malang, Jawa Timur",0.21574717306801128,Aman,22.307838618750107,-7.985072888551868,113.44194229158558,248.58077809975046
2024-08-09 14:33:00,-7.66609123183312,113.288904667558,2.49,659.0,"Laut Jawa, Barat Daya Probolinggo",0.0,Aman,3.929153725676816,-7.985072888551868,113.44194229158558,248.58077809975046
2024-08-09 21:43:00,-7.02514514991692,112.073646808022,3.27,46.0,Laut Jawa Timur,0.0,Aman,5.913187211648216,-7.985072888551868,113.44194229158558,248.58077809975046
2024-08-09 23:02:00,-7.72901510822155,113.274886850443,4.39,692.0,"Probolinggo, Jawa Timur",0.0,Aman,9.198071482653306,-7.985072888551868,113.44194229158558,248.58077809975046
2024-08-10 06:32:00,-7.92829487673434,112.587719248509,6.04,489.0,"Malang, Jawa Timur",0.0,Aman,14.844152518752965,-7.985072888551868,113.44194229158558,248.58077809975046
2024-08-10 08:23:00,-7.82799586781602,113.288249898377,3.75,259.0,"Probolinggo, Jawa Timur",0.0,Aman,7.261843774138907,-7.985072888551868,113.44194229158558,248.58077809975046
2024-08-12 10:52:00,-8.30545429092483,114.358615122356,2.93,627.0,"Banyuwangi, Jawa Timur",0.0,Aman,5.0153521312067415,-7.985072888551868,113.44194229158558,248.58077809975046
2024-08-13 04:50:00,-8.06553125027313,113.309978383738,3.29,12.0,"Laut Selatan Jawa, Barat Daya Lumajang",0.0005662433897944412,Aman,5.968533221975758,-7.985072888551868,113.44194229158558,248.58077809975046
2024-08-13 23:19:00,-7.71692065812137,113.303319823591,2.6,69.0,"Laut Jawa, Barat Daya Probolinggo",0.02522974542083369,Aman,4.2241057879542945,-7.985072888551868,113.44194229158558,248.58077809975046
2024-08-14 08:26:00,-6.74793034052991,113.507314895041,6.13,421.0,Laut Jawa Timur,0.0,Aman,15.177166962249576,-7.985072888551868,113.44194229158558,248.58077809975046
2024-08-14 14:01:00,-8.09450971088906,113.230002531883,5.98,694.0,"Laut Selatan Jawa, Barat Daya Lumajang",0.2854588796186375,Aman,15.875838701177518,-7.985072888551868,113.44194229158558,248.58077809975046
2024-08-14 18:05:00,-8.11235832732736,113.739582539416,3.39,250.0,Laut Jawa Timur,0.0,Aman,6.2416519447979475,-7.985072888551868,113.44194229158558,248.58077809975046
2024-08-15 05:09:00,-7.55316147922617,112.832817074088,3.48,350.0,"Pasuruan, Jawa Timur",0.0,Aman,6.491855820949815,-7.985072888551868,113.44194229158558,248.58077809975046
2024-08-15 19:59:00,-8.2608681124557,114.321979166344,2.17,564.0,"Banyuwangi, Jawa Timur",0.0,Aman,3.1966096101964028,-7.985072888551868,113.44194229158558,248.58077809975046
2024-08-15 21:13:00,-8.24295009382502,114.389522450717,4.0,521.0,Banyuwangi,0.2976758045292665,Aman,8.71442193087024,-7.985072888551868,113.44194229158558,248.58077809975046
2024-08-16 00:14:00,-8.22894377278686,114.384208120721,2.67,607.0,Banyuwangi,0.0,Aman,4.362815948444307,-7.985072888551868,113.44194229158558,248.58077809975046
2024-08-16 08:46:00,-7.8410186274842,112.93830361909,4.97,316.0,Laut Jawa Timur,0.20353456345061752,Aman,11.756408738088005,-7.985072888551868,113.44194229158558,248.58077809975046
2024-08-16 12:49:00,-7.1333430242726,113.305072178301,2.4,438.0,Laut Jawa Timur,0.0,Aman,3.71806401235912,-7.985072888551868,113.44194229158558,248.58077809975046
2024-08-16 21:12:00,-8.03976581970817,113.140460253062,5.97,421.0,"Laut Selatan Jawa, Barat Daya Lumajang",0.0,Aman,14.586849317107514,-7.985072888551868,113.44194229158558,248.58077809975046
2024-08-17 12:54:00,-8.20978593423421,114.403311330246,6.43,17.0,"Banyuwangi, Jawa Timur",0.8930274135876107,Terdampak,20.673036823565155,-7.985072888551868,113.44194229158558,248.58077809975046
2024-08-18 02:33:00,-8.2050727549937,113.250627625357,3.49,340.0,"Laut Selatan Jawa, Barat Daya Lumajang",7.194064843552502e-05,Aman,6.519998763446782,-7.985072888551868,113.44194229158558,248.58077809975046
2024-08-19 17:39:00,-7.92636746194408,112.714466833498,7.13,364.0,"Malang, Jawa Timur",0.0,Aman,19.03856866993945,-7.985072888551868,113.44194229158558,248.58077809975046
2024-08-19 18:47:00,-8.05046190656698,113.175531605083,6.27,241.0,"Laut Selatan Jawa, Barat Daya Lumajang",0.10697258641241884,Aman,16.203902774521676,-7.985072888551868,113.44194229158558,248.58077809975046
2024-08-19 22:02:00,-7.83895246265335,113.261606406217,3.89,126.0,"Probolinggo, Jawa Timur",0.0,Aman,7.672279257169932,-7.985072888551868,113.44194229158558,248.58077809975046
2024-08-20 12:00:00,-7.84725001763621,113.15540192657,7.48,474.0,"Laut Jawa, Barat Daya Probolinggo",0.35753882980222756,Aman,22.65179667881564,-7.985072888551868,113.44194229158558,248.58077809975046
2024-08-21 22:14:00,-7.7365181484933,113.267766799203,7.67,333.0,"Probolinggo, Jawa Timur",0.4639451728248018,Aman,24.19840559054491,-7.985072888551868,113.44194229158558,248.58077809975046
2024-08-21 22:24:00,-8.00378342020284,112.686834878212,7.62,36.0,"Malang, Jawa Timur",1.0,Terdampak,27.34486661733789,-7.985072888551868,113.44194229158558,248.58077809975046
2024-08-22 00:31:00,-8.20989391118928,113.255322003319,3.57,56.0,Lumajang,0.0,Aman,6.7453163750857525,-7.985072888551868,113.44194229158558,248.58077809975046
2024-08-22 01:01:00,-7.569086770795,112.921678747752,6.04,507.0,"Pasuruan, Jawa Timur",0.0,Aman,14.844152518752965,-7.985072888551868,113.44194229158558,248.58077809975046
2024-08-22 18:32:00,-8.16631043231045,114.276850717751,7.37,643.0,Banyuwangi,0.5953516090583862,Aman,23.581405633750084,-7.985072888551868,113.44194229158558,248.58077809975046
2024-08-23 04:23:00,-7.94862738030416,112.577598488544,7.17,327.0,"Malang, Jawa Timur",0.2976758045292163,Aman,20.91352934551818,-7.985072888551868,113.44194229158558,248.58077809975046
2024-08-23 16:09:00,-7.13960357294498,113.672576868923,4.26,657.0,Laut Jawa Timur,0.0,Aman,8.792540929674423,-7.985072888551868,113.44194229158558,248.58077809975046
2024-08-23 16:33:00,-8.13548135178477,113.305058268061,4.93,547.0,"Laut Selatan Jawa, Barat Daya Lumajang",0.0,Aman,10.946376432409036,-7.985072888551868,113.44194229158558,248.58077809975046
2024-08-24 13:17:00,-8.17288730497026,113.237414631609,3.99,8.0,"Laut Selatan Jawa, Barat Daya Lumajang",0.361863978789117,Aman,8.835237567438408,-7.985072888551868,113.44194229158558,248.58077809975046
2024-08-24 15:21:00,-8.02172027896355,112.6027018186,4.58,640.0,"Malang, Jawa Timur",0.0005662433897942295,Aman,9.803293060161003,-7.985072888551868,113.44194229158558,248.58077809975046
2024-08-24 20:56:00,-8.25103182818356,114.369104466714,2.94,33.0,Banyuwangi,0.0,Aman,5.0410498906477805,-7.985072888551868,113.44194229158558,248.58077809975046
2024-08-25 03:14:00,-8.18266091010915,113.267268678002,8.0,667.0,Lumajang,0.5953516090583872,Aman,26.668797733542398,-7.985072888551868,113.44194229158558,248.58077809975046
2024-08-25 21:19:00,-8.31385875809354,114.328944083987,5.79,246.0,"Banyuwangi, Jawa Timur",0.5953516090583805,Aman,16.420497183023944,-7.985072888551868,113.44194229158558,248.58077809975046
2024-08-26 09:47:00,-8.2822922028221,114.415311840764,5.83,478.0,Banyuwangi,0.0,Aman,14.076764081279476,-7.985072888551868,113.44194229158558,248.58077809975046
2024-09-01 03:14:00,-8.05858615915137,113.28078353709,7.96,60.0,Lumajang,0.5964713346061753,Aman,26.476575992529504,-7.985072888551868,113.44194229158558,248.58077809975046
2024-09-01 09:14:00,-7.67412860981732,113.26270739466,6.57,130.0,"Probolinggo, Jawa Timur",0.5953516090583979,Aman,19.84798903708141,-7.985072888551868,113.44194229158558,248.58077809975046
2024-09-01 15:41:00,-7.6782209721747,113.309727439677,5.9,428.0,"Laut Jawa, Barat Daya Probolinggo",0.0,Aman,14.331050205759523,-7.985072888551868,113.44194229158558,248.58077809975046
2024-09-01 19:28:00,-7.98132517658346,112.724282926427,6.17,155.0,"Malang, Jawa Timur",0.3824937136807554,Aman,17.08458730087003,-7.985072888551868,113.44194229158558,248.58077809975046
2024-09-01 22:52:00,-7.8308484403748,113.247253695334,3.86,46.0,"Probolinggo, Jawa Timur",0.35697258641243335,Aman,8.395848274122738,-7.985072888551868,113.44194229158558,248.58077809975046
2024-09-03 00:52:00,-8.1291278597989,114.422042955028,3.97,15.0,"Banyuwangi, Jawa Timur",0.031923573544747424,Aman,7.9859252197114605,-7.985072888551868,113.44194229158558,248.58077809975046
2024-09-03 12:50:00,-7.73034105441649,113.250189521062,2.26,700.0,"Laut Jawa, Barat Daya Probolinggo",0.0,Aman,3.397524981512277,-7.985072888551868,113.44194229158558,248.58077809975046
2024-09-04 06:49:00,-8.22765955883253,113.190149480555,6.72,272.0,"Laut Selatan Jawa, Barat Daya Lumajang",0.02522974542083369,Aman,17.55208339529068,-7.985072888551868,113.44194229158558,248.58077809975046
2024-09-04 08:54:00,-8.24417376467365,114.455005204393,5.25,198.0,"Banyuwangi, Jawa Timur",0.35697258641243335,Aman,13.317496144138152,-7.985072888551868,113.44194229158558,248.58077809975046
2024-09-04 10:33:00,-8.18922567018626,113.137796927139,6.5,640.0,"Laut Selatan Jawa, Barat Daya Lumajang",0.7738379022645734,Terdampak,20.4189826190812,-7.985072888551868,113.44194229158558,248.58077809975046
2024-09-04 20:59:00,-8.22015744468902,114.383904467188,3.25,124.0,Banyuwangi,0.0005662433897942295,Aman,5.860016112172426,-7.985072888551868,113.44194229158558,248.58077809975046
2024-09-04 22:35:00,-8.00883060810071,112.60653568176,3.45,254.0,"Malang, Jawa Timur",0.0,Aman,6.4080905892473154,-7.985072888551868,113.44194229158558,248.58077809975046
2024-09-06 02:52:00,-8.1908656040458,113.296322794489,6.18,376.0,Lumajang,0.0,Aman,15.36323637779488,-7.985072888551868,113.44194229158558,248.58077809975046
2024-09-06 13:24:00,-7.69631249894289,113.174834519532,4.35,366.0,"Probolinggo, Jawa Timur",0.2139451728248196,Aman,9.654958859614627,-7.985072888551868,113.44194229158558,248.58077809975046
2024-09-06 21:39:00,-8.06075328734736,112.937545718714,7.56,593.0,Laut Jawa Timur,0.0,Aman,20.78656335231969,-7.985072888551868,113.44194229158558,248.58077809975046
2024-09-06 23:33:00,-8.3048204039366,114.34616195448,3.02,447.0,Banyuwangi,0.0,Aman,5.248200453488796,-7.985072888551868,113.44194229158558,248.58077809975046
2024-09-07 03:40:00,-7.77100235419654,113.199445349486,6.65,388.0,"Laut Jawa, Barat Daya Probolinggo",0.595351609058397,Aman,20.21161071805803,-7.985072888551868,113.44194229158558,248.58077809975046
2024-09-07 05:04:00,-7.80891064163617,113.256927947795,5.29,244.0,"Laut Jawa, Barat Daya Probolinggo",0.0,Aman,12.167,-7.985072888551868,113.44194229158558,248.58077809975046
2024-09-07 10:34:00,-7.80514713706817,113.265651360931,3.6,165.0,"Probolinggo, Jawa Timur",0.0,Aman,6.8305197459636995,-7.985072888551868,113.44194229158558,248.58077809975046
2024-09-07 14:11:00,-8.29810492414918,114.287782341779,6.89,437.0,"Banyuwangi, Jawa Timur",0.5960617337450528,Aman,21.319439525799922,-7.985072888551868,113.44194229158558,248.58077809975046
2024-09-07 15:31:00,-7.76953616008791,113.220322048349,6.04,57.0,"Laut Jawa, Barat Daya Probolinggo",0.5831346841478001,Aman,17.4409945758924,-7.985072888551868,113.44194229158558,248.58077809975046
2024-09-07 20:39:00,-8.1909120796707,114.459088531391,4.16,137.0,"Banyuwangi, Jawa Timur",0.0,Aman,8.484768470618395,-7.985072888551868,113.44194229158558,248.58077809975046
2024-09-08 03:02:00,-7.79886729025554,113.112441571134,2.39,80.0,"Laut Jawa, Barat Daya Probolinggo",0.0,Aman,3.6948503352639337,-7.985072888551868,113.44194229158558,248.58077809975046
2024-09-08 13:01:00,-7.80796819274565,113.233434797514,7.39,657.0,"Probolinggo, Jawa Timur",0.882612488920165,Terdampak,25.408728551735027,-7.985072888551868,113.44194229158558,248.58077809975046
2024-09-09 00:12:00,-7.6054728839344,112.972067057656,2.03,282.0,"Pasuruan, Jawa Timur",0.07536553058207829,Aman,2.9576988158391697,-7.985072888551868,113.44194229158558,248.58077809975046
2024-09-09 05:10:00,-7.6512459923505,112.875142224464,3.45,635.0,"Pasuruan, Jawa Timur",0.0,Aman,6.4080905892473154,-7.985072888551868,113.44194229158558,248.58077809975046
2024-09-09 06:15:00,-8.07716195928283,113.268500239471,4.8,486.0,Lumajang,0.0,Aman,10.516273104099188,-7.985072888551868,113.44194229158558,248.58077809975046
2024-09-09 06:26:00,-6.44116080054119,112.868531248396,7.85,443.0,Laut Jawa Timur,0.0,Aman,21.994013390011382,-7.985072888551868,113.44194229158558,248.58077809975046
2024-09-09 11:53:00,-8.14850715683388,114.353670434362,5.41,456.0,Banyuwangi,0.35697258641243335,Aman,13.930911147441932,-7.985072888551868,113.44194229158558,248.58077809975046
2024-09-09 16:10:00,-7.58279706631442,112.951639456577,5.18,575.0,"Pasuruan, Jawa Timur",0.0,Aman,11.789479717103719,-7.985072888551868,113.44194229158558,248.58077809975046
2024-09-09 16:36:00,-8.22817797473558,114.356533477543,5.44,174.0,"Banyuwangi, Jawa Timur",0.9523241954707962,Terdampak,16.313121373442073,-7.985072888551868,113.44194229158558,248.58077809975046
2024-09-09 23:17:00,-7.71903232119467,112.989875492557,2.71,442.0,"Pasuruan, Jawa Timur",0.0,Aman,4.461223038584823,-7.985072888551868,113.44194229158558,248.58077809975046
2024-09-10 05:18:00,-7.63392783400125,112.977951509626,2.67,55.0,"Pasuruan, Jawa Timur",0.0,Aman,4.362815948444307,-7.985072888551868,113.44194229158558,248.58077809975046
2024-09-11 00:15:00,-8.21403351777061,114.427506261647,7.53,98.0,Banyuwangi,0.5972255499500272,Aman,24.365090329835894,-7.985072888551868,113.44194229158558,248.58077809975046
2024-09-11 05:33:00,-8.19444375094794,114.358024292873,2.65,8.0,Banyuwangi,0.0,Aman,4.313887457966422,-7.985072888551868,113.44194229158558,248.58077809975046
2024-09-11 16:26:00,-8.29925399064755,114.317511044949,5.57,97.0,"Banyuwangi, Jawa Timur",0.0,Aman,13.145672025423426,-7.985072888551868,113.44194229158558,248.58077809975046
2024-09-11 17:04:00,-7.68880236734207,113.227511565635,2.2,496.0,"Laut Jawa, Barat Daya Probolinggo",0.0,Aman,3.263127334322092,-7.985072888551868,113.44194229158558,248.58077809975046
2024-09-12 17:58:00,-8.29607077540753,114.339813011411,7.29,238.0,Banyuwangi,0.6272751826031306,Aman,23.386997225753227,-7.985072888551868,113.44194229158558,248.58077809975046
2024-09-12 20:23:00,-7.66096276952759,112.814022506327,2.56,498.0,"Pasuruan, Jawa Timur",0.0,Aman,4.096,-7.985072888551868,113.44194229158558,248.58077809975046
2024-09-13 07:39:00,-8.08824622307481,113.235646875702,3.67,631.0,Lumajang,0.0,Aman,7.030708570265162,-7.985072888551868,113.44194229158558,248.58077809975046
2024-09-13 08:04:00,-7.78103326962817,113.309674881695,2.83,240.0,"Probolinggo, Jawa Timur",0.17848629320623727,Aman,5.015717983801423,-7.985072888551868,113.44194229158558,248.58077809975046
2024-09-13 23:02:00,-8.04453688936791,113.244625987412,7.51,601.0,Lumajang,0.0,Aman,20.580688788279172,-7.985072888551868,113.44194229158558,248.58077809975046
2024-09-15 03:14:00,-6.43788269178045,113.49966580509,7.2,480.0,Laut Jawa Timur,0.0,Aman,19.319627325598184,-7.985072888551868,113.44194229158558,248.58077809975046
2024-09-15 10:15:00,-8.23813594682785,114.343796133024,2.99,226.0,Banyuwangi,0.0005662433897944412,Aman,5.1710715996093635,-7.985072888551868,113.44194229158558,248.58077809975046
2024-09-15 23:12:00,-7.74081116269725,113.163783793022,5.21,258.0,"Probolinggo, Jawa Timur",0.004891392376683555,Aman,11.90949672248017,-7.985072888551868,113.44194229158558,248.58077809975046
2024-09-16 19:27:00,-7.96847435113311,112.567659569803,7.07,101.0,"Malang, Jawa Timur",0.2458687463695672,Aman,20.18536442404433,-7.985072888551868,113.44194229158558,248.58077809975046
2024-09-17 05:58:00,-7.92273341231074,112.675234936195,5.54,143.0,"Malang, Jawa Timur",0.09319779218342844,Aman,13.404190240355797,-7.985072888551868,113.44194229158558,248.58077809975046
2024-09-17 21:53:00,-8.13555789900429,113.307258756252,7.06,93.0,"Laut Selatan Jawa, Barat Daya Lumajang",0.5953516090583879,Aman,22.109326267473246,-7.985072888551868,113.44194229158558,248.58077809975046
2024-09-18 10:54:00,-8.29176351815102,114.431672623856,6.89,499.0,Banyuwangi,0.0,Aman,18.085429743304413,-7.985072888551868,113.44194229158558,248.58077809975046
2024-09-19 08:16:00,-7.22841741741348,112.252277110631,3.28,578.0,Laut Jawa Timur,0.0,Aman,5.940332650618145,-7.985072888551868,113.44194229158558,248.58077809975046
2024-09-19 08:34:00,-8.12911026062834,113.209197099758,7.26,421.0,"Laut Selatan Jawa, Barat Daya Lumajang",0.3569725864124016,Aman,21.6565142562659,-7.985072888551868,113.44194229158558,248.58077809975046
2024-09-19 18:08:00,-7.8208531884268,113.178722256308,3.6,108.0,"Probolinggo, Jawa Timur",0.17848629320623727,Aman,7.19626599100242,-7.985072888551868,113.44194229158558,248.58077809975046
2024-09-19 19:16:00,-8.18012485049725,113.140260230385,5.49,79.0,Lumajang,0.6079664817687815,Aman,15.209650841715169,-7.985072888551868,113.44194229158558,248.58077809975046
2024-09-19 23:53:00,-8.17166204219521,113.178822586875,4.81,264.0,"Laut Selatan Jawa, Barat Daya Lumajang",0.5953516090583642,Aman,12.433290233204104,-7.985072888551868,113.44194229158558,248.58077809975046
2024-09-20 00:00:00,-7.61141863733491,112.864734494436,5.0,398.0,"Pasuruan, Jawa Timur",0.00014388129687105004,Aman,11.18082248003969,-7.985072888551868,113.44194229158558,248.58077809975046
2024-09-20 00:40:00,-8.22817423814932,114.429680764896,2.06,369.0,Banyuwangi,0.0,Aman,2.956656219447909,-7.985072888551868,113.44194229158558,248.58077809975046
2024-09-22 17:48:00,-8.19317847871862,114.421073298524,4.62,82.0,Banyuwangi,0.0011324867795887766,Aman,9.933687374871987,-7.985072888551868,113.44194229158558,248.58077809975046
2024-09-23 16:18:00,-8.29414970922466,114.297046752989,5.93,23.0,"Banyuwangi, Jawa Timur",0.21432981592847852,Aman,15.369002159094242,-7.985072888551868,113.44194229158558,248.58077809975046
2024-09-24 05:55:00,-8.22271542648195,113.164101439937,3.03,637.0,Lumajang,0.0,Aman,5.27428924121535,-7.985072888551868,113.44194229158558,248.58077809975046
2024-09-24 22:33:00,-7.70083206696317,112.989547727933,7.29,539.0,"Pasuruan, Jawa Timur",0.595351609058366,Aman,23.198491716328746,-7.985072888551868,113.44194229158558,248.58077809975046
2024-09-26 11:24:00,-7.72106106847266,113.116462522977,6.84,60.0,"Laut Jawa, Barat Daya Probolinggo",0.0011324867795887766,Aman,17.894998954340796,-7.985072888551868,113.44194229158558,248.58077809975046
2024-09-28 00:37:00,-7.93817104540665,112.622793797808,5.83,88.0,"Malang, Jawa Timur",0.0,Aman,14.076764081279476,-7.985072888551868,113.44194229158558,248.58077809975046
2024-10-01 17:26:00,-7.98602567583845,112.554185252402,6.87,69.0,Laut Jawa Timur,0.05740535086221174,Aman,18.316845464617998,-7.985072888551868,113.44194229158558,248.58077809975046
2024-10-02 06:05:00,-7.97482396981405,113.248122204541,4.75,624.0,Laut Jawa Timur,0.0,Aman,10.3523849909091,-7.985072888551868,113.44194229158558,248.58077809975046
2024-10-02 17:27:00,-7.78234825264143,113.183675744566,3.36,532.0,"Laut Jawa, Barat Daya Probolinggo",0.0,Aman,6.1589817340206485,-7.985072888551868,113.44194229158558,248.58077809975046
2024-10-02 18:08:00,-8.25863581764407,114.385144723868,2.29,317.0,"Banyuwangi, Jawa Timur",0.03192357354474192,Aman,3.4985871968995217,-7.985072888551868,113.44194229158558,248.58077809975046
2024-10-03 09:54:00,-8.10324302458634,113.295384717996,5.08,623.0,Lumajang,0.5953516090584343,Aman,13.494724586276481,-7.985072888551868,113.44194229158558,248.58077809975046
2024-10-03 17:40:00,-7.6735526636673,113.30488133448,5.85,106.0,"Probolinggo, Jawa Timur",0.3888961599571543,Aman,15.800040486303812,-7.985072888551868,113.44194229158558,248.58077809975046
2024-10-03 19:32:00,-7.70540595016553,112.867553847893,5.07,211.0,"Pasuruan, Jawa Timur",0.0,Aman,11.41594687268647,-7.985072888551868,113.44194229158558,248.58077809975046
2024-10-03 22:48:00,-6.86084435899015,113.003827533364,3.79,672.0,Laut Jawa Timur,0.0,Aman,7.378342564560147,-7.985072888551868,113.44194229158558,248.58077809975046
2024-10-04 05:35:00,-6.42419885902083,113.204930058309,4.92,255.0,Laut Jawa Timur,0.0,Aman,10.913087922306866,-7.985072888551868,113.44194229158558,248.58077809975046
2024-10-04 16:39:00,-7.74683390526057,113.15631218842,5.02,455.0,"Probolinggo, Jawa Timur",0.0,Aman,11.247488964208854,-7.985072888551868,113.44194229158558,248.58077809975046
2024-10-04 21:43:00,-7.79288814480368,113.171810485618,2.69,686.0,"Laut Jawa, Barat Daya Probolinggo",0.0,Aman,4.411928036584459,-7.985072888551868,113.44194229158558,248.58077809975046
2024-10-06 16:12:00,-8.18186509924861,113.196053346494,6.5,591.0,Lumajang,0.5954235497068724,Aman,19.531987810514373,-7.985072888551868,113.44194229158558,248.58077809975046
2024-10-07 03:04:00,-8.14521268970421,114.272630294042,5.11,105.0,Banyuwangi,0.0,Aman,11.551312955677377,-7.985072888551868,113.44194229158558,248.58077809975046
2024-10-07 08:27:00,-8.06915845346476,113.122568472325,7.96,237.0,Lumajang,1.0,Terdampak,29.195300783516515,-7.985072888551868,113.44194229158558,248.58077809975046
2024-10-08 01:10:00,-7.76385985509935,112.983444508046,7.35,389.0,Laut Jawa Timur,0.17863017450307656,Aman,20.994341531265626,-7.985072888551868,113.44194229158558,248.58077809975046
2024-10-08 04:47:00,-8.05317947690776,113.272170757983,6.78,434.0,"Laut Selatan Jawa, Barat Daya Lumajang",0.0011324867795886706,Aman,17.660055559964462,-7.985072888551868,113.44194229158558,248.58077809975046
2024-10-08 09:23:00,-7.85401488528614,113.21331698309,2.34,266.0,"Laut Jawa, Barat Daya Probolinggo",0.0,Aman,3.5795116985421345,-7.985072888551868,113.44194229158558,248.58077809975046
2024-10-09 06:03:00,-7.61999725305054,112.896346349198,5.45,137.0,"Pasuruan, Jawa Timur",0.35704452706086875,Aman,14.085972762832553,-7.985072888551868,113.44194229158558,248.58077809975046
2024-10-09 08:59:00,-7.75629529002411,113.171012932496,4.02,400.0,"Laut Jawa, Barat Daya Probolinggo",0.0,Aman,8.060074937616895,-7.985072888551868,113.44194229158558,248.58077809975046
2024-10-09 11:31:00,-7.75862157779218,113.254390755964,7.47,455.0,"Laut Jawa, Barat Daya Probolinggo",0.0,Aman,20.416481650862373,-7.985072888551868,113.44194229158558,248.58077809975046
2024-10-10 11:29:00,-8.27103330001871,114.307324138704,5.73,204.0,"Banyuwangi, Jawa Timur",0.595351609058451,Aman,16.1659186865042,-7.985072888551868,113.44194229158558,248.58077809975046
2024-10-11 05:13:00,-7.84183122356394,113.226941646328,5.3,547.0,"Laut Jawa, Barat Daya Probolinggo",0.0,Aman,12.201516299214617,-7.985072888551868,113.44194229158558,248.58077809975046
2024-10-11 22:23:00,-7.56706239545116,112.933374642536,3.17,625.0,"Pasuruan, Jawa Timur",0.17848629320623727,Aman,5.946238844914822,-7.985072888551868,113.44194229158558,248.58077809975046
2024-10-12 20:08:00,-8.12360101026128,113.262242427302,6.54,13.0,"Laut Selatan Jawa, Barat Daya Lumajang",0.8946853436266832,Terdampak,21.214107942161608,-7.985072888551868,113.44194229158558,248.58077809975046
2024-10-13 13:41:00,-8.28732327297745,114.289752688199,4.64,331.0,Banyuwangi,0.0,Aman,9.994865882041639,-7.985072888551868,113.44194229158558,248.58077809975046
2024-10-14 16:17:00,-8.18639971158514,114.342519444053,3.64,180.0,Banyuwangi,0.0,Aman,6.944677386315365,-7.985072888551868,113.44194229158558,248.58077809975046
2024-10-16 01:41:00,-8.15479453896295,113.159548037057,2.17,414.0,Lumajang,0.0041219052791630515,Aman,3.2005624468047107,-7.985072888551868,113.44194229158558,248.58077809975046
2024-10-16 03:44:00,-8.17521121811288,113.309444186848,5.17,667.0,Lumajang,0.0,Aman,11.755356778932743,-7.985072888551868,113.44194229158558,248.58077809975046
2024-10-16 09:50:00,-8.22501627391801,114.298369278976,5.21,294.0,Banyuwangi,0.0,Aman,11.892046123354888,-7.985072888551868,113.44194229158558,248.58077809975046
2024-10-16 10:36:00,-8.25673729078774,114.286267156646,5.18,434.0,"Banyuwangi, Jawa Timur",0.0,Aman,11.789479717103719,-7.985072888551868,113.44194229158558,248.58077809975046
2024-10-17 02:31:00,-8.18794410080849,114.371120097141,2.84,476.0,"Banyuwangi, Jawa Timur",0.0,Aman,4.786053071164171,-7.985072888551868,113.44194229158558,248.58077809975046
2024-10-17 12:46:00,-7.74653176199771,113.125628842325,6.87,495.0,"Probolinggo, Jawa Timur",7.194064843552502e-05,Aman,18.00712911291558,-7.985072888551868,113.44194229158558,248.58077809975046
2024-10-17 21:17:00,-8.22228163735597,114.371184129872,7.91,628.0,Banyuwangi,0.9452238791562912,Terdampak,28.5550762163592,-7.985072888551868,113.44194229158558,248.58077809975046
2024-10-18 15:58:00,-7.72504609289324,113.133469202711,7.66,420.0,"Probolinggo, Jawa Timur",0.5594567860786119,Aman,24.758560950022638,-7.985072888551868,113.44194229158558,248.58077809975046
2024-10-19 10:22:00,-8.15190732744279,113.315446340191,6.85,403.0,"Laut Selatan Jawa, Barat Daya Lumajang",0.009782784753368063,Aman,17.980781905564022,-7.985072888551868,113.44194229158558,248.58077809975046
2024-10-19 22:36:00,-7.64369752957968,112.868861771339,5.24,517.0,"Pasuruan, Jawa Timur",0.5953516090584612,Aman,14.137264631783435,-7.985072888551868,113.44194229158558,248.58077809975046
2024-10-20 03:04:00,-7.71391241782475,113.222886710619,4.09,509.0,"Laut Jawa, Barat Daya Probolinggo",0.0,Aman,8.271513102208084,-7.985072888551868,113.44194229158558,248.58077809975046
2024-10-20 05:55:00,-7.56550109183055,112.995855100137,5.98,84.0,"Pasuruan, Jawa Timur",0.5953516090584243,Aman,17.235354997704658,-7.985072888551868,113.44194229158558,248.58077809975046
2024-10-20 20:28:00,-7.74781668868475,113.273845539421,3.43,526.0,"Probolinggo, Jawa Timur",0.0,Aman,6.352448897866083,-7.985072888551868,113.44194229158558,248.58077809975046
2024-10-21 01:00:00,-7.56123677105116,112.908585049998,2.72,497.0,"Pasuruan, Jawa Timur",0.0,Aman,4.485938920672015,-7.985072888551868,113.44194229158558,248.58077809975046
2024-10-21 02:13:00,-8.17827789628857,114.385062299631,7.01,407.0,"Banyuwangi, Jawa Timur",0.2237279575782066,Aman,19.8056741747943,-7.985072888551868,113.44194229158558,248.58077809975046
2024-10-21 20:50:00,-8.05767356321912,113.132954648574,6.12,632.0,"Laut Selatan Jawa, Barat Daya Lumajang",0.0,Aman,15.14004385726805,-7.985072888551868,113.44194229158558,248.58077809975046
2024-10-22 06:12:00,-7.73020344133847,113.150679837184,6.45,475.0,"Probolinggo, Jawa Timur",0.0,Aman,16.38096837796838,-7.985072888551868,113.44194229158558,248.58077809975046
2024-10-22 09:19:00,-6.38716527683253,112.952073743676,5.41,575.0,Laut Jawa Timur,0.0,Aman,12.583339024281274,-7.985072888551868,113.44194229158558,248.58077809975046
2024-10-24 04:49:00,-8.1244330676936,114.341903619121,3.13,75.0,Banyuwangi,0.0,Aman,5.537535282054643,-7.985072888551868,113.44194229158558,248.58077809975046
2024-10-24 12:33:00,-8.05204542093719,112.623773120409,5.02,655.0,"Malang, Jawa Timur",0.0,Aman,11.247488964208854,-7.985072888551868,113.44194229158558,248.58077809975046
2024-10-24 19:24:00,-8.07219293136798,113.205409917932,4.8,383.0,"Laut Selatan Jawa, Barat Daya Lumajang",0.595351609058387,Aman,12.394537138246054,-7.985072888551868,113.44194229158558,248.58077809975046
2024-10-25 07:20:00,-8.05907656579098,112.588249950379,6.48,360.0,"Malang, Jawa Timur",0.02522974542083369,Aman,16.62023931584404,-7.985072888551868,113.44194229158558,248.58077809975046
2024-10-25 08:05:00,-8.1590172234645,114.379603661421,7.33,360.0,"Banyuwangi, Jawa Timur",0.4958687463695367,Aman,22.79740962867638,-7.985072888551868,113.44194229158558,248.58077809975046
2024-10-25 20:29:00,-8.00867048048975,112.728214793859,2.5,268.0,"Malang, Jawa Timur",0.0,Aman,3.952847075210474,-7.985072888551868,113.44194229158558,248.58077809975046
2024-10-26 14:44:00,-6.25008980102634,113.603096636606,6.62,696.0,Laut Jawa Timur,0.0,Aman,17.032836757275636,-7.985072888551868,113.44194229158558,248.58077809975046
2024-10-26 17:48:00,-8.16389397369965,114.292226005541,7.77,211.0,Banyuwangi,0.9523241954707864,Terdampak,27.846476226264357,-7.985072888551868,113.44194229158558,248.58077809975046
2024-10-27 12:15:00,-7.70382029795718,113.175617429671,5.61,572.0,"Laut Jawa, Barat Daya Probolinggo",0.21394517282480605,Aman,14.14037197186562,-7.985072888551868,113.44194229158558,248.58077809975046
2024-11-01 08:34:00,-8.09310712216281,113.219583369156,4.15,574.0,"Laut Selatan Jawa, Barat Daya Lumajang",0.0,Aman,8.454192746797297,-7.985072888551868,113.44194229158558,248.58077809975046
2024-11-02 15:09:00,-7.55164839667277,112.981743156611,5.26,6.0,"Pasuruan, Jawa Timur",0.5953516090584197,Aman,14.218280352121644,-7.985072888551868,113.44194229158558,248.58077809975046
2024-11-03 05:19:00,-8.09502016640609,113.227443111315,6.34,631.0,"Laut Selatan Jawa, Barat Daya Lumajang",0.35697258641246066,Aman,17.67329437871904,-7.985072888551868,113.44194229158558,248.58077809975046
2024-11-04 05:14:00,-8.28744031815459,114.45520029103,2.18,1.0,Banyuwangi,0.0,Aman,3.218731427130882,-7.985072888551868,113.44194229158558,248.58077809975046
2024-11-04 08:40:00,-8.13020396111826,113.197892084328,7.87,380.0,"Laut Selatan Jawa, Barat Daya Lumajang",0.25551455639591186,Aman,23.770504805489516,-7.985072888551868,113.44194229158558,248.58077809975046
2024-11-04 16:37:00,-7.96130976003296,113.291061993489,4.04,605.0,Laut Jawa Timur,0.0,Aman,8.120299501865679,-7.985072888551868,113.44194229158558,248.58077809975046
2024-11-04 20:53:00,-8.07473724270244,113.230520060978,6.16,486.0,"Laut Selatan Jawa, Barat Daya Lumajang",0.2139451728248197,Aman,16.270002151921293,-7.985072888551868,113.44194229158558,248.58077809975046
2024-11-05 06:30:00,-7.59891523144023,112.920478338171,2.07,620.0,"Pasuruan, Jawa Timur",0.0,Aman,2.9782113759771986,-7.985072888551868,113.44194229158558,248.58077809975046
2024-11-05 13:48:00,-7.59806946166008,112.987382292044,4.33,123.0,"Pasuruan, Jawa Timur",0.0005662433897944412,Aman,9.011676916955713,-7.985072888551868,113.44194229158558,248.58077809975046
2024-11-05 17:55:00,-8.10343396883211,113.288954676633,6.63,414.0,"Laut Selatan Jawa, Barat Daya Lumajang",1.0,Terdampak,22.19287898020444,-7.985072888551868,113.44194229158558,248.58077809975046
2024-11-06 05:02:00,-7.72086787125989,113.212455868681,7.5,209.0,"Probolinggo, Jawa Timur",0.35697258641243335,Aman,22.73921770882056,-7.985072888551868,113.44194229158558,248.58077809975046
2024-11-06 09:41:00,-6.39668766435244,112.516094836529,6.16,258.0,Laut Jawa Timur,0.0,Aman,15.288717931860736,-7.985072888551868,113.44194229158558,248.58077809975046
2024-11-06 11:09:00,-8.22506071953066,113.209106824594,2.62,590.0,Lumajang,0.0,Aman,4.240840482734526,-7.985072888551868,113.44194229158558,248.58077809975046
2024-11-06 12:30:00,-8.20151911874019,114.275500157927,7.79,412.0,"Banyuwangi, Jawa Timur",0.5953516090584391,Aman,25.62563544807644,-7.985072888551868,113.44194229158558,248.58077809975046
2024-11-06 16:14:00,-8.1947202890097,113.230762985505,6.18,276.0,"Laut Selatan Jawa, Barat Daya Lumajang",0.48105349011209014,Aman,17.580397921481456,-7.985072888551868,113.44194229158558,248.58077809975046
2024-11-06 23:17:00,-7.55648630361825,112.838266105624,7.95,583.0,"Pasuruan, Jawa Timur",0.058783477679049595,Aman,22.810917138343793,-7.985072888551868,113.44194229158558,248.58077809975046
2024-11-07 11:15:00,-7.60856541259464,112.330006247239,6.11,391.0,Laut Jawa Timur,0.0,Aman,15.102951069244714,-7.985072888551868,113.44194229158558,248.58077809975046
2024-11-07 17:04:00,-7.72402184495103,113.230410276053,4.13,306.0,"Probolinggo, Jawa Timur",0.0,Aman,8.39315179178835,-7.985072888551868,113.44194229158558,248.58077809975046
2024-11-07 17:48:00,-7.82221771786088,113.110607736025,7.14,458.0,"Probolinggo, Jawa Timur",0.0,Aman,19.078635800287188,-7.985072888551868,113.44194229158558,248.58077809975046
2024-11-07 23:29:00,-7.8921539643928,112.68418484662,5.66,581.0,"Malang, Jawa Timur",0.0,Aman,13.465567050815201,-7.985072888551868,113.44194229158558,248.58077809975046
2024-11-08 01:06:00,-7.63248956164085,112.850141258906,4.24,162.0,"Pasuruan, Jawa Timur",0.0005662433897944412,Aman,8.732177468947803,-7.985072888551868,113.44194229158558,248.58077809975046
2024-11-08 06:08:00,-8.22822777358915,113.155131767654,6.31,226.0,"Laut Selatan Jawa, Barat Daya Lumajang",0.0,Aman,15.850539139095552,-7.985072888551868,113.44194229158558,248.58077809975046
2024-11-08 10:42:00,-7.33360384150996,111.998318962773,3.84,34.0,Laut Jawa Timur,0.0,Aman,7.524832489829922,-7.985072888551868,113.44194229158558,248.58077809975046
2024-11-08 17:30:00,-7.87551940573771,112.563681912937,2.19,390.0,"Malang, Jawa Timur",0.0,Aman,3.2409040405417744,-7.985072888551868,113.44194229158558,248.58077809975046
2024-11-08 22:41:00,-7.70798862426457,113.26736415229,3.13,513.0,"Probolinggo, Jawa Timur",0.0,Aman,5.537535282054643,-7.985072888551868,113.44194229158558,248.58077809975046
2024-11-09 02:26:00,-8.19545252195061,113.272645109514,3.67,283.0,Lumajang,0.004891392376683555,Aman,7.041025556556145,-7.985072888551868,113.44194229158558,248.58077809975046
2024-11-11 16:51:00,-8.20016813502347,113.272193519116,5.98,616.0,Lumajang,0.5953516090584364,Aman,17.23535499770471,-7.985072888551868,113.44194229158558,248.58077809975046
2024-11-12 11:14:00,-7.90414516097151,112.636337613981,7.26,384.0,"Malang, Jawa Timur",0.02624708060317457,Aman,19.715655750973806,-7.985072888551868,113.44194229158558,248.58077809975046
2024-11-13 23:42:00,-8.20278542370139,114.352497053848,4.25,10.0,Banyuwangi,0.0,Aman,8.761599454437528,-7.985072888551868,113.44194229158558,248.58077809975046
2024-11-14 19:45:00,-7.72706517031285,113.140016779369,4.67,611.0,"Probolinggo, Jawa Timur",0.0,Aman,10.091955360583002,-7.985072888551868,113.44194229158558,248.58077809975046
2024-11-15 11:10:00,-8.14808124353029,114.341487900909,7.86,338.0,Banyuwangi,0.5953516090583872,Aman,25.971813529923207,-7.985072888551868,113.44194229158558,248.58077809975046
2024-11-15 20:42:00,-7.91252512981244,112.653761322308,3.83,678.0,"Malang, Jawa Timur",0.0,Aman,7.4954577578690955,-7.985072888551868,113.44194229158558,248.58077809975046
2024-11-16 23:29:00,-8.27468775803404,114.321112622953,7.56,94.0,"Banyuwangi, Jawa Timur",0.5959897930966809,Aman,24.503137229781707,-7.985072888551868,113.44194229158558,248.58077809975046
2024-11-17 21:33:00,-8.10535078637458,113.285179329106,7.38,538.0,Lumajang,0.893027413587609,Terdampak,25.41981359745318,-7.985072888551868,113.44194229158558,248.58077809975046
2024-11-18 05:26:00,-8.07948607701131,113.311266641264,7.87,387.0,Lumajang,0.0,Aman,22.078120458952117,-7.985072888551868,113.44194229158558,248.58077809975046
2024-11-18 10:38:00,-8.17997844654125,113.198318764535,5.03,238.0,"Laut Selatan Jawa, Barat Daya Lumajang",0.6079664817688508,Aman,13.338675438024982,-7.985072888551868,113.44194229158558,248.58077809975046
2024-11-18 17:26:00,-8.16856428027305,113.281330676987,7.97,466.0,Lumajang,0.8930274135876217,Terdampak,28.528261117672404,-7.985072888551868,113.44194229158558,248.58077809975046
2024-11-19 04:00:00,-7.71765366646696,113.150520750495,2.3,349.0,"Probolinggo, Jawa Timur",0.0,Aman,3.488122704263713,-7.985072888551868,113.44194229158558,248.58077809975046
2024-11-19 08:13:00,-8.12557433138453,113.67541723605,7.45,222.0,Laut Jawa Timur,0.0,Aman,20.334542655294708,-7.985072888551868,113.44194229158558,248.58077809975046
2024-11-19 09:30:00,-8.23853034237658,114.28550047887,5.11,644.0,Banyuwangi,0.0,Aman,11.551312955677377,-7.985072888551868,113.44194229158558,248.58077809975046
2024-11-19 23:20:00,-8.28670580284727,114.362081795354,5.28,98.0,"Banyuwangi, Jawa Timur",0.35753882980222734,Aman,13.433870014643583,-7.985072888551868,113.44194229158558,248.58077809975046
2024-11-21 02:00:00,-7.70937257445223,112.968470080823,4.66,355.0,"Pasuruan, Jawa Timur",0.5953516090583865,Aman,11.856249559018268,-7.985072888551868,113.44194229158558,248.58077809975046
2024-11-21 14:15:00,-8.17908835347228,114.433765116166,2.37,609.0,Banyuwangi,0.0,Aman,3.6485686234467347,-7.985072888551868,113.44194229158558,248.58077809975046
2024-11-22 02:10:00,-7.66612271423929,113.206074152601,4.94,444.0,"Probolinggo, Jawa Timur",0.0,Aman,10.979698720821078,-7.985072888551868,113.44194229158558,248.58077809975046
2024-11-23 18:22:00,-8.13891252787346,114.317825773831,5.04,248.0,"Banyuwangi, Jawa Timur",0.0,Aman,11.314771937604398,-7.985072888551868,113.44194229158558,248.58077809975046
2024-11-25 18:19:00,-8.13032804187311,113.28495498952,5.2,456.0,Lumajang,0.0033879896337867597,Aman,11.86987667689635,-7.985072888551868,113.44194229158558,248.58077809975046
2024-11-26 12:23:00,-6.83131576862747,112.526522737806,2.08,550.0,Laut Jawa Timur,0.0,Aman,2.999818661186039,-7.985072888551868,113.44194229158558,248.58077809975046
2024-11-27 00:16:00,-8.21469222305617,113.187200239169,3.64,124.0,Lumajang,0.0,Aman,6.944677386315365,-7.985072888551868,113.44194229158558,248.58077809975046
2024-11-27 03:34:00,-8.27957375252644,114.446001020856,2.61,136.0,Banyuwangi,0.0,Aman,4.216584043986316,-7.985072888551868,113.44194229158558,248.58077809975046
2024-11-27 05:00:00,-8.06690489054802,113.249092340436,5.36,1.0,Lumajang,0.9968104630718123,Terdampak,16.120212334265258,-7.985072888551868,113.44194229158558,248.58077809975046
2024-11-27 05:17:00,-7.92130518067405,112.692968557218,3.24,177.0,"Malang, Jawa Timur",0.0,Aman,5.832000000000001,-7.985072888551868,113.44194229158558,248.58077809975046
2024-11-28 11:34:00,-7.68955322099077,112.841206064941,4.49,193.0,"Pasuruan, Jawa Timur",0.21394517282480052,Aman,10.124790686161136,-7.985072888551868,113.44194229158558,248.58077809975046
2024-11-28 19:37:00,-8.28311405083727,114.320228357204,3.83,139.0,Banyuwangi,0.5953516090584298,Aman,8.834187608902152,-7.985072888551868,113.44194229158558,248.58077809975046
2024-12-01 06:52:00,-7.8513394777675,113.115922621385,3.65,99.0,"Probolinggo, Jawa Timur",0.0,Aman,6.973315208708121,-7.985072888551868,113.44194229158558,248.58077809975046
2024-12-01 15:13:00,-7.68978804987499,112.863369101299,4.91,8.0,"Pasuruan, Jawa Timur",0.3584484010356584,Aman,12.049790871716644,-7.985072888551868,113.44194229158558,248.58077809975046
2024-12-02 02:53:00,-7.92434030730977,112.590720660994,5.47,591.0,"Malang, Jawa Timur",0.0,Aman,12.79325302649799,-7.985072888551868,113.44194229158558,248.58077809975046
2024-12-02 09:01:00,-7.70792875288768,113.174833208414,7.89,31.0,"Probolinggo, Jawa Timur",0.24737752974243307,Aman,23.807073532472995,-7.985072888551868,113.44194229158558,248.58077809975046
2024-12-02 16:42:00,-7.05556736037575,112.198507534133,7.4,39.0,Laut Jawa Timur,0.0,Aman,20.13017635292846,-7.985072888551868,113.44194229158558,248.58077809975046
2024-12-02 21:53:00,-7.69011190792662,112.83687610542,6.52,330.0,"Pasuruan, Jawa Timur",0.2139451728248197,Aman,17.716908234424512,-7.985072888551868,113.44194229158558,248.58077809975046
2024-12-03 15:12:00,-8.28516292276734,114.287744238592,2.1,465.0,"Banyuwangi, Jawa Timur",0.0,Aman,3.043189116699782,-7.985072888551868,113.44194229158558,248.58077809975046
2024-12-05 00:45:00,-8.23378041793514,114.346329890498,7.34,170.0,"Banyuwangi, Jawa Timur",0.7744041456543801,Terdampak,24.505751492969363,-7.985072888551868,113.44194229158558,248.58077809975046
2024-12-05 11:04:00,-7.84227172815731,113.28009271856,2.9,352.0,"Probolinggo, Jawa Timur",0.0,Aman,4.938522046118656,-7.985072888551868,113.44194229158558,248.58077809975046
2024-12-06 00:23:00,-8.12856127377047,113.258976996502,6.6,429.0,"Laut Selatan Jawa, Barat Daya Lumajang",0.5953516090584671,Aman,19.984089238075622,-7.985072888551868,113.44194229158558,248.58077809975046
2024-12-06 02:12:00,-8.06254397035834,113.15906078651,5.58,537.0,"Laut Selatan Jawa, Barat Daya Lumajang",0.7738379022645416,Terdampak,16.24109710153407,-7.985072888551868,113.44194229158558,248.58077809975046
2024-12-06 16:04:00,-7.6543838943216,112.88382571065,7.49,582.0,"Pasuruan, Jawa Timur",0.624426685204257,Aman,24.33847922952017,-7.985072888551868,113.44194229158558,248.58077809975046
2024-12-07 18:43:00,-8.19523287775816,114.306642330107,3.71,544.0,Banyuwangi,0.0,Aman,7.1459646654598,-7.985072888551868,113.44194229158558,248.58077809975046
2024-12-08 20:49:00,-7.72400382214643,113.164748044932,4.28,2.0,"Laut Jawa, Barat Daya Probolinggo",0.0,Aman,8.854532850467043,-7.985072888551868,113.44194229158558,248.58077809975046
2024-12-11 06:17:00,-8.26045585418786,114.432940929349,3.4,690.0,"Banyuwangi, Jawa Timur",7.194064843541915e-05,Aman,6.2694255360004965,-7.985072888551868,113.44194229158558,248.58077809975046
2024-12-11 07:58:00,-7.71735007203387,113.280213773177,2.27,377.0,"Laut Jawa, Barat Daya Probolinggo",0.012614872710416844,Aman,3.4330430896317643,-7.985072888551868,113.44194229158558,248.58077809975046
2024-12-11 09:18:00,-7.84575304927396,113.238248845057,2.62,54.0,"Laut Jawa, Barat Daya Probolinggo",0.0,Aman,4.240840482734526,-7.985072888551868,113.44194229158558,248.58077809975046
2024-12-11 15:19:00,-8.23643113198533,114.340296467713,2.01,603.0,Banyuwangi,0.0,Aman,2.8496668226303226,-7.985072888551868,113.44194229158558,248.58077809975046
2024-12-11 21:50:00,-8.14350515208403,114.448386531689,3.6,191.0,"Banyuwangi, Jawa Timur",0.40472033159004267,Aman,7.659854810919328,-7.985072888551868,113.44194229158558,248.58077809975046
2024-12-11 22:31:00,-7.84842731178557,113.28466073522,3.59,268.0,"Probolinggo, Jawa Timur",0.0,Aman,6.802079020417213,-7.985072888551868,113.44194229158558,248.58077809975046
2024-12-12 20:46:00,-8.0723825843646,113.182814858509,5.25,372.0,"Laut Selatan Jawa, Barat Daya Lumajang",0.0,Aman,12.02926119925908,-7.985072888551868,113.44194229158558,248.58077809975046
2024-12-12 22:23:00,-7.9052538740185,112.618325049606,2.05,431.0,"Malang, Jawa Timur",0.0,Aman,2.935153317971652,-7.985072888551868,113.44194229158558,248.58077809975046
2024-12-13 06:12:00,-7.91824240692357,112.680431031775,4.98,21.0,"Malang, Jawa Timur",0.0,Aman,11.113324975001857,-7.985072888551868,113.44194229158558,248.58077809975046
2024-12-14 17:43:00,-7.78877554421555,113.163770385715,4.31,556.0,"Laut Jawa, Barat Daya Probolinggo",0.5953516090583915,Aman,10.545917323544243,-7.985072888551868,113.44194229158558,248.58077809975046
2024-12-15 01:57:00,-8.18104987948465,114.31685854905,8.0,240.0,Banyuwangi,0.7023241954708004,Aman,27.3949517295739,-7.985072888551868,113.44194229158558,248.58077809975046
2024-12-15 09:58:00,-7.96717865615366,112.676865197686,2.59,466.0,"Malang, Jawa Timur",0.0,Aman,4.16821052731265,-7.985072888551868,113.44194229158558,248.58077809975046
2024-12-16 02:03:00,-7.67621294439096,112.883685730652,4.36,572.0,"Pasuruan, Jawa Timur",0.0,Aman,9.10394727577,-7.985072888551868,113.44194229158558,248.58077809975046
2024-12-16 02:50:00,-6.55807383117937,111.901895935793,7.19,492.0,Laut Jawa Timur,0.0,Aman,19.279392080664785,-7.985072888551868,113.44194229158558,248.58077809975046
2024-12-16 16:14:00,-6.47596631962812,112.029096275326,7.76,250.0,Laut Jawa Timur,0.0,Aman,21.61685860618975,-7.985072888551868,113.44194229158558,248.58077809975046
2024-12-16 18:38:00,-7.58370957945255,112.80783558285,7.83,260.0,"Pasuruan, Jawa Timur",0.22820948210615782,Aman,23.410035238697514,-7.985072888551868,113.44194229158558,248.58077809975046
2024-12-17 21:02:00,-7.77446411441448,113.293960905519,3.05,195.0,"Laut Jawa, Barat Daya Probolinggo",0.0,Aman,5.326596004954759,-7.985072888551868,113.44194229158558,248.58077809975046
2024-12-17 23:01:00,-8.11415247919076,113.219132015184,6.13,278.0,"Laut Selatan Jawa, Barat Daya Lumajang",0.3570445270608982,Aman,16.802844282297784,-7.985072888551868,113.44194229158558,248.58077809975046
2024-12-18 10:04:00,-6.9862290189172,113.434808658506,7.01,578.0,Laut Jawa Timur,0.0,Aman,18.559959617412964,-7.985072888551868,113.44194229158558,248.58077809975046
2024-12-18 23:58:00,-8.12043113059259,113.141608606381,2.72,189.0,Lumajang,0.012614872710416844,Aman,4.50291578521331,-7.985072888551868,113.44194229158558,248.58077809975046
2024-12-19 01:35:00,-8.011813320793,112.59226414785,5.26,15.0,"Malang, Jawa Timur",0.0011324867795886706,Aman,12.067745454301988,-7.985072888551868,113.44194229158558,248.58077809975046
2024-12-19 05:57:00,-8.1334479045998,114.353170143032,4.93,584.0,Banyuwangi,0.0,Aman,10.946376432409036,-7.985072888551868,113.44194229158558,248.58077809975046
2024-12-19 13:45:00,-8.25207315785293,114.41187885055,5.53,181.0,"Banyuwangi, Jawa Timur",0.06384714708949538,Aman,13.253408121818666,-7.985072888551868,113.44194229158558,248.58077809975046
2024-12-19 19:32:00,-7.77952586938566,113.273406641866,3.45,418.0,"Laut Jawa, Barat Daya Probolinggo",0.0,Aman,6.4080905892473154,-7.985072888551868,113.44194229158558,248.58077809975046
2024-12-20 06:50:00,-8.28672542723527,114.297568858109,3.77,249.0,"Banyuwangi, Jawa Timur",0.0,Aman,7.3200159152832445,-7.985072888551868,113.44194229158558,248.58077809975046
2024-12-20 16:41:00,-7.55296766319888,112.90266551805,6.63,120.0,"Pasuruan, Jawa Timur",0.0,Aman,17.07144536938803,-7.985072888551868,113.44194229158558,248.58077809975046
2024-12-21 04:01:00,-7.46977069321906,112.173340618633,5.49,361.0,Laut Jawa Timur,0.0,Aman,12.863481216218261,-7.985072888551868,113.44194229158558,248.58077809975046
2024-12-21 09:59:00,-8.10631041552636,113.120423129748,7.04,503.0,"Laut Selatan Jawa, Barat Daya Lumajang",0.17848629320620552,Aman,19.679426819944617,-7.985072888551868,113.44194229158558,248.58077809975046
2024-12-22 14:20:00,-8.12873433026756,114.431222579839,5.55,519.0,"Banyuwangi, Jawa Timur",0.0018020002431915728,Aman,13.08200138799862,-7.985072888551868,113.44194229158558,248.58077809975046
2024-12-23 00:57:00,-8.1103159780426,113.301653394979,7.71,9.0,Lumajang,1.0,Terdampak,27.83075059336345,-7.985072888551868,113.44194229158558,248.58077809975046
2024-12-24 04:14:00,-8.21670608204858,114.323229579359,6.61,518.0,"Banyuwangi, Jawa Timur",0.06391908773793048,Aman,17.320134521664325,-7.985072888551868,113.44194229158558,248.58077809975046
2024-12-25 09:46:00,-7.80713387156007,113.216430955619,5.17,566.0,"Laut Jawa, Barat Daya Probolinggo",0.0,Aman,11.755356778932743,-7.985072888551868,113.44194229158558,248.58077809975046
2024-12-25 12:25:00,-7.83611622707167,113.200488908501,7.01,200.0,"Probolinggo, Jawa Timur",0.6013754882146675,Aman,21.908411050262835,-7.985072888551868,113.44194229158558,248.58077809975046
2024-12-26 13:21:00,-8.15352121026915,114.422399214057,6.74,542.0,"Banyuwangi, Jawa Timur",0.4640171134732336,Aman,19.933877191283493,-7.985072888551868,113.44194229158558,248.58077809975046
2024-12-26 21:34:00,-7.78783172842415,113.17687393157,6.33,622.0,Laut Jawa Timur,0.0,Aman,15.925957961767951,-7.985072888551868,113.44194229158558,248.58077809975046
2024-12-27 03:27:00,-7.98549623153751,112.624395970836,2.21,538.0,"Malang, Jawa Timur",0.10697258641241937,Aman,3.390835552067738,-7.985072888551868,113.44194229158558,248.58077809975046
2024-12-27 08:56:00,-7.68919483195791,113.157783771569,7.46,62.0,"Laut Jawa, Barat Daya Probolinggo",0.36958745912284946,Aman,22.634657030545945,-7.985072888551868,113.44194229158558,248.58077809975046
2024-12-27 12:40:00,-7.95506862349275,112.683322978949,3.58,17.0,"Malang, Jawa Timur",0.2000839271059599,Aman,7.180269099632841,-7.985072888551868,113.44194229158558,248.58077809975046
2024-12-28 01:50:00,-8.0578149824856,113.204105795342,5.15,282.0,Lumajang,0.009782784753368063,Aman,11.721509927062295,-7.985072888551868,113.44194229158558,248.58077809975046
2025-11-24 03:40:21,-9.35,111.85,5.2,10.0,141 Km Baratdaya Kab-Blitar-Jatim,0.0,Aman,11.857824421031035,-7.985072888551868,113.44194229158558,248.58077809975046
