{
    "center_latitude": -8.004903,
    "center_longitude": 113.461173,
    "impact_radius_km": 251.63,
    "impact_area_km2": 198926.16,
    "total_events": 2091
}