{
    "center_latitude": -7.979281,
    "center_longitude": 113.427208,
    "impact_radius_km": 247.03,
    "impact_area_km2": 191707.67,
    "total_events": 2091
}