{
    "center_latitude": -8.002194,
    "center_longitude": 113.450244,
    "impact_radius_km": 250.61,
    "impact_area_km2": 197316.65,
    "total_events": 2091
}