{
    "center_latitude": -7.966764,
    "center_longitude": 113.344056,
    "impact_radius_km": 240.03,
    "impact_area_km2": 181003.61,
    "total_events": 2091
}