{
    "center_latitude": -7.98694,
    "center_longitude": 113.423733,
    "impact_radius_km": 247.42,
    "impact_area_km2": 192315.64,
    "total_events": 2091
}