{
    "center_latitude": -7.974976,
    "center_longitude": 113.412135,
    "impact_radius_km": 245.58,
    "impact_area_km2": 189463.17,
    "total_events": 2091
}