{
    "center_latitude": -7.98394,
    "center_longitude": 113.430809,
    "impact_radius_km": 247.68,
    "impact_area_km2": 192719.56,
    "total_events": 2091
}