{
    "center_latitude": -7.988586,
    "center_longitude": 113.430744,
    "impact_radius_km": 248.06,
    "impact_area_km2": 193318.87,
    "total_events": 2091
}