{
    "timestamp": "2026-01-04 15:53:11.967985",
    "mode": "OFFLINE_BATCH",
    "evaluator": "Naive Bayes",
    "labels": [
        "RINGAN",
        "SEDANG",
        "PARAH"
    ],
    "metrics": {
        "RINGAN": {
            "precision": 0.9275123558484349,
            "recall": 0.9690189328743546,
            "f1-score": 0.9478114478114478,
            "support": 581.0
        },
        "SEDANG": {
            "precision": 0.6341463414634146,
            "recall": 0.45614035087719296,
            "f1-score": 0.5306122448979592,
            "support": 57.0
        },
        "PARAH": {
            "precision": 0.9142857142857143,
            "recall": 0.8,
            "f1-score": 0.8533333333333334,
            "support": 80.0
        },
        "accuracy": 0.9094707520891365,
        "macro avg": {
            "precision": 0.8253148038658545,
            "recall": 0.7417197612505158,
            "f1-score": 0.7772523420142469,
            "support": 718.0
        },
        "weighted avg": {
            "precision": 0.9027491328053098,
            "recall": 0.9094707520891365,
            "f1-score": 0.9041643674154618,
            "support": 718.0
        }
    },
    "confusion_matrix": [
        [
            563,
            12,
            6
        ],
        [
            31,
            26,
            0
        ],
        [
            13,
            3,
            64
        ]
    ]
}