{
    "NaiveBayes": {
        "Akurasi": 0.9136490250696379,
        "PPV (Presisi)": 0.9095251317861082,
        "Sensitivitas (Recall)": 0.9136490250696379,
        "F1-Score": 0.909495449398496,
        "Confusion_Matrix": [
            [
                566,
                11,
                4
            ],
            [
                27,
                30,
                0
            ],
            [
                15,
                5,
                60
            ]
        ]
    }
}