{
    "NaiveBayes": {
        "Confusion_Matrix": [
            [
                564,
                9,
                8
            ],
            [
                24,
                32,
                1
            ],
            [
                19,
                5,
                56
            ]
        ],
        "Per_Class": {
            "RINGAN": {
                "TP": 564,
                "FP": 43,
                "FN": 17,
                "TN": 94,
                "ACC": 0.9164345403899722,
                "PPV": 0.929159802306425,
                "SN": 0.9707401032702238,
                "F1": 0.9494949494949494
            },
            "SEDANG": {
                "TP": 32,
                "FP": 14,
                "FN": 25,
                "TN": 647,
                "ACC": 0.9456824512534819,
                "PPV": 0.6956521739130435,
                "SN": 0.5614035087719298,
                "F1": 0.6213592233009708
            },
            "PARAH": {
                "TP": 56,
                "FP": 9,
                "FN": 24,
                "TN": 629,
                "ACC": 0.9540389972144847,
                "PPV": 0.8615384615384616,
                "SN": 0.7,
                "F1": 0.7724137931034483
            }
        },
        "Macro_Average": {
            "ACC": 0.9387186629526463,
            "PPV": 0.8287834792526434,
            "SN": 0.7440478706807179,
            "F1": 0.7810893219664562
        },
        "Weighted": {
            "Akurasi": 0.9080779944289693,
            "Precision_Weighted": 0.9030878774041132,
            "Recall_Weighted": 0.9080779944289693,
            "F1_Weighted": 0.9037146863969315
        }
    }
}