{
    "timestamp": "2026-01-03 19:04:46.470187",
    "mode": "OFFLINE_BATCH",
    "evaluator": "Naive Bayes",
    "labels": [
        "RINGAN",
        "SEDANG",
        "PARAH"
    ],
    "metrics": {
        "RINGAN": {
            "precision": 0.9433333333333334,
            "recall": 0.9741824440619621,
            "f1-score": 0.9585097375105842,
            "support": 581.0
        },
        "SEDANG": {
            "precision": 0.6595744680851063,
            "recall": 0.543859649122807,
            "f1-score": 0.5961538461538461,
            "support": 57.0
        },
        "PARAH": {
            "precision": 0.9154929577464789,
            "recall": 0.8125,
            "f1-score": 0.8609271523178808,
            "support": 80.0
        },
        "accuracy": 0.9220055710306406,
        "macro avg": {
            "precision": 0.8394669197216396,
            "recall": 0.7768473643949231,
            "f1-score": 0.8051969119941037,
            "support": 718.0
        },
        "weighted avg": {
            "precision": 0.9177045236312481,
            "recall": 0.9220055710306406,
            "f1-score": 0.9188706112950545,
            "support": 718.0
        }
    },
    "confusion_matrix": [
        [
            566,
            11,
            4
        ],
        [
            24,
            31,
            2
        ],
        [
            10,
            5,
            65
        ]
    ]
}