{
    "timestamp": "2026-01-08 16:36:05.776136",
    "mode": "OFFLINE_BATCH",
    "evaluator": "Naive Bayes",
    "labels": [
        "RINGAN",
        "SEDANG",
        "PARAH"
    ],
    "metrics": {
        "RINGAN": {
            "precision": 0.9368770764119602,
            "recall": 0.9707401032702238,
            "f1-score": 0.9535080304311073,
            "support": 581.0
        },
        "SEDANG": {
            "precision": 0.673469387755102,
            "recall": 0.5789473684210527,
            "f1-score": 0.6226415094339622,
            "support": 57.0
        },
        "PARAH": {
            "precision": 0.8805970149253731,
            "recall": 0.7375,
            "f1-score": 0.8027210884353742,
            "support": 80.0
        },
        "accuracy": 0.9136490250696379,
        "macro avg": {
            "precision": 0.8303144930308117,
            "recall": 0.7623958238970922,
            "f1-score": 0.7929568761001479,
            "support": 718.0
        },
        "weighted avg": {
            "precision": 0.9096951221328964,
            "recall": 0.9136490250696379,
            "f1-score": 0.9104406946978261,
            "support": 718.0
        }
    },
    "confusion_matrix": [
        [
            564,
            10,
            7
        ],
        [
            23,
            33,
            1
        ],
        [
            15,
            6,
            59
        ]
    ]
}