{
    "timestamp": "2026-01-03 22:22:25.857472",
    "mode": "OFFLINE_BATCH",
    "evaluator": "Naive Bayes",
    "labels": [
        "RINGAN",
        "SEDANG",
        "PARAH"
    ],
    "metrics": {
        "RINGAN": {
            "precision": 0.930921052631579,
            "recall": 0.9741824440619621,
            "f1-score": 0.9520605550883096,
            "support": 581.0
        },
        "SEDANG": {
            "precision": 0.6521739130434783,
            "recall": 0.5263157894736842,
            "f1-score": 0.5825242718446602,
            "support": 57.0
        },
        "PARAH": {
            "precision": 0.9375,
            "recall": 0.75,
            "f1-score": 0.8333333333333334,
            "support": 80.0
        },
        "accuracy": 0.9136490250696379,
        "macro avg": {
            "precision": 0.8401983218916858,
            "recall": 0.7501660778452154,
            "f1-score": 0.7893060534221011,
            "support": 718.0
        },
        "weighted avg": {
            "precision": 0.9095251317861082,
            "recall": 0.9136490250696379,
            "f1-score": 0.909495449398496,
            "support": 718.0
        }
    },
    "confusion_matrix": [
        [
            566,
            11,
            4
        ],
        [
            27,
            30,
            0
        ],
        [
            15,
            5,
            60
        ]
    ]
}