{
    "timestamp": "2026-01-06 01:12:22.854220",
    "mode": "OFFLINE_BATCH",
    "evaluator": "Naive Bayes",
    "labels": [
        "RINGAN",
        "SEDANG",
        "PARAH"
    ],
    "metrics": {
        "RINGAN": {
            "precision": 0.9401993355481728,
            "recall": 0.9741824440619621,
            "f1-score": 0.9568892645815723,
            "support": 581.0
        },
        "SEDANG": {
            "precision": 0.717391304347826,
            "recall": 0.5789473684210527,
            "f1-score": 0.6407766990291263,
            "support": 57.0
        },
        "PARAH": {
            "precision": 0.8857142857142857,
            "recall": 0.775,
            "f1-score": 0.8266666666666667,
            "support": 80.0
        },
        "accuracy": 0.9206128133704735,
        "macro avg": {
            "precision": 0.8477683085367614,
            "recall": 0.7760432708276715,
            "f1-score": 0.8081108767591217,
            "support": 718.0
        },
        "weighted avg": {
            "precision": 0.916440475151055,
            "recall": 0.9206128133704735,
            "f1-score": 0.917284495682294,
            "support": 718.0
        }
    },
    "confusion_matrix": [
        [
            566,
            8,
            7
        ],
        [
            23,
            33,
            1
        ],
        [
            13,
            5,
            62
        ]
    ]
}