{
    "NaiveBayes": {
        "Confusion_Matrix": [
            [
                564,
                10,
                7
            ],
            [
                23,
                33,
                1
            ],
            [
                15,
                6,
                59
            ]
        ],
        "Per_Class": {
            "RINGAN": {
                "TP": 564,
                "FP": 38,
                "FN": 17,
                "TN": 99,
                "ACC": 0.9233983286908078,
                "PPV": 0.9368770764119602,
                "SN": 0.9707401032702238,
                "F1": 0.9535080304311074
            },
            "SEDANG": {
                "TP": 33,
                "FP": 16,
                "FN": 24,
                "TN": 645,
                "ACC": 0.9442896935933147,
                "PPV": 0.673469387755102,
                "SN": 0.5789473684210527,
                "F1": 0.6226415094339622
            },
            "PARAH": {
                "TP": 59,
                "FP": 8,
                "FN": 21,
                "TN": 630,
                "ACC": 0.9596100278551533,
                "PPV": 0.8805970149253731,
                "SN": 0.7375,
                "F1": 0.8027210884353743
            }
        },
        "Macro_Average": {
            "ACC": 0.9424326833797586,
            "PPV": 0.8303144930308117,
            "SN": 0.7623958238970922,
            "F1": 0.7929568761001479
        },
        "Weighted": {
            "Akurasi": 0.9136490250696379,
            "Precision_Weighted": 0.9096951221328963,
            "Recall_Weighted": 0.9136490250696379,
            "F1_Weighted": 0.9104406946978261
        }
    }
}