{
    "timestamp": "2026-01-05 15:01:33.821069",
    "mode": "OFFLINE_BATCH",
    "evaluator": "Naive Bayes",
    "labels": [
        "RINGAN",
        "SEDANG",
        "PARAH"
    ],
    "metrics": {
        "RINGAN": {
            "precision": 0.9366666666666666,
            "recall": 0.9672977624784854,
            "f1-score": 0.951735817104149,
            "support": 581.0
        },
        "SEDANG": {
            "precision": 0.6808510638297872,
            "recall": 0.5614035087719298,
            "f1-score": 0.6153846153846154,
            "support": 57.0
        },
        "PARAH": {
            "precision": 0.8591549295774648,
            "recall": 0.7625,
            "f1-score": 0.8079470198675497,
            "support": 80.0
        },
        "accuracy": 0.9122562674094707,
        "macro avg": {
            "precision": 0.825557553357973,
            "recall": 0.7637337570834717,
            "f1-score": 0.7916891507854381,
            "support": 718.0
        },
        "weighted avg": {
            "precision": 0.9077217804148028,
            "recall": 0.9122562674094707,
            "f1-score": 0.9090128055763755,
            "support": 718.0
        }
    },
    "confusion_matrix": [
        [
            562,
            9,
            10
        ],
        [
            25,
            32,
            0
        ],
        [
            13,
            6,
            61
        ]
    ]
}