{
    "timestamp": "2026-01-05 18:31:17.649963",
    "mode": "OFFLINE_BATCH",
    "evaluator": "Naive Bayes",
    "labels": [
        "RINGAN",
        "SEDANG",
        "PARAH"
    ],
    "metrics": {
        "RINGAN": {
            "precision": 0.9305785123966942,
            "recall": 0.9690189328743546,
            "f1-score": 0.9494097807757167,
            "support": 581.0
        },
        "SEDANG": {
            "precision": 0.6818181818181818,
            "recall": 0.5263157894736842,
            "f1-score": 0.594059405940594,
            "support": 57.0
        },
        "PARAH": {
            "precision": 0.8695652173913043,
            "recall": 0.75,
            "f1-score": 0.8053691275167785,
            "support": 80.0
        },
        "accuracy": 0.9094707520891365,
        "macro avg": {
            "precision": 0.8273206372020602,
            "recall": 0.7484449074493463,
            "f1-score": 0.782946104744363,
            "support": 718.0
        },
        "weighted avg": {
            "precision": 0.9040319908877718,
            "recall": 0.9094707520891365,
            "f1-score": 0.9051504163936595,
            "support": 718.0
        }
    },
    "confusion_matrix": [
        [
            563,
            11,
            7
        ],
        [
            25,
            30,
            2
        ],
        [
            17,
            3,
            60
        ]
    ]
}