{
    "NaiveBayes": {
        "Confusion_Matrix": [
            [
                563,
                12,
                6
            ],
            [
                31,
                26,
                0
            ],
            [
                13,
                3,
                64
            ]
        ],
        "Per_Class": {
            "RINGAN": {
                "TP": 563,
                "FP": 44,
                "FN": 18,
                "TN": 93,
                "ACC": 0.9136490250696379,
                "PPV": 0.9275123558484349,
                "SN": 0.9690189328743546,
                "F1": 0.9478114478114478
            },
            "SEDANG": {
                "TP": 26,
                "FP": 15,
                "FN": 31,
                "TN": 646,
                "ACC": 0.935933147632312,
                "PPV": 0.6341463414634146,
                "SN": 0.45614035087719296,
                "F1": 0.5306122448979592
            },
            "PARAH": {
                "TP": 64,
                "FP": 6,
                "FN": 16,
                "TN": 632,
                "ACC": 0.9693593314763231,
                "PPV": 0.9142857142857143,
                "SN": 0.8,
                "F1": 0.8533333333333333
            }
        },
        "Macro_Average": {
            "ACC": 0.9396471680594244,
            "PPV": 0.8253148038658545,
            "SN": 0.7417197612505158,
            "F1": 0.7772523420142466
        },
        "Weighted": {
            "Akurasi": 0.9094707520891365,
            "Precision_Weighted": 0.9027491328053098,
            "Recall_Weighted": 0.9094707520891365,
            "F1_Weighted": 0.9041643674154618
        }
    }
}