{
    "timestamp": "2025-12-24 17:54:01.609931",
    "mode": "OFFLINE_BATCH",
    "evaluator": "Naive Bayes",
    "labels": [
        "RINGAN",
        "SEDANG",
        "PARAH"
    ],
    "metrics": {
        "RINGAN": {
            "precision": 0.9387417218543046,
            "recall": 0.9759036144578314,
            "f1-score": 0.9569620253164557,
            "support": 581.0
        },
        "SEDANG": {
            "precision": 0.6904761904761905,
            "recall": 0.5087719298245614,
            "f1-score": 0.5858585858585859,
            "support": 57.0
        },
        "PARAH": {
            "precision": 0.8888888888888888,
            "recall": 0.8,
            "f1-score": 0.8421052631578947,
            "support": 80.0
        },
        "accuracy": 0.9192200557103064,
        "macro avg": {
            "precision": 0.8393689337397946,
            "recall": 0.7615585147607975,
            "f1-score": 0.7949752914443121,
            "support": 718.0
        },
        "weighted avg": {
            "precision": 0.9134779865816225,
            "recall": 0.9192200557103064,
            "f1-score": 0.9147037564838882,
            "support": 718.0
        }
    },
    "confusion_matrix": [
        [
            567,
            8,
            6
        ],
        [
            26,
            29,
            2
        ],
        [
            11,
            5,
            64
        ]
    ]
}