{
    "timestamp": "2026-01-04 17:23:00.444718",
    "mode": "OFFLINE_BATCH",
    "evaluator": "Naive Bayes",
    "labels": [
        "RINGAN",
        "SEDANG",
        "PARAH"
    ],
    "metrics": {
        "RINGAN": {
            "precision": 0.9351081530782029,
            "recall": 0.9672977624784854,
            "f1-score": 0.9509306260575296,
            "support": 581.0
        },
        "SEDANG": {
            "precision": 0.6274509803921569,
            "recall": 0.5614035087719298,
            "f1-score": 0.5925925925925926,
            "support": 57.0
        },
        "PARAH": {
            "precision": 0.9090909090909091,
            "recall": 0.75,
            "f1-score": 0.821917808219178,
            "support": 80.0
        },
        "accuracy": 0.9108635097493036,
        "macro avg": {
            "precision": 0.823883347520423,
            "recall": 0.7595670904168051,
            "f1-score": 0.7884803422897667,
            "support": 718.0
        },
        "weighted avg": {
            "precision": 0.9077852584234841,
            "recall": 0.9108635097493036,
            "f1-score": 0.9081084904940623,
            "support": 718.0
        }
    },
    "confusion_matrix": [
        [
            562,
            14,
            5
        ],
        [
            24,
            32,
            1
        ],
        [
            15,
            5,
            60
        ]
    ]
}