{
    "timestamp": "2026-01-04 19:07:54.671388",
    "mode": "OFFLINE_BATCH",
    "evaluator": "Naive Bayes",
    "labels": [
        "RINGAN",
        "SEDANG",
        "PARAH"
    ],
    "metrics": {
        "RINGAN": {
            "precision": 0.929159802306425,
            "recall": 0.9707401032702238,
            "f1-score": 0.9494949494949495,
            "support": 581.0
        },
        "SEDANG": {
            "precision": 0.6956521739130435,
            "recall": 0.5614035087719298,
            "f1-score": 0.6213592233009708,
            "support": 57.0
        },
        "PARAH": {
            "precision": 0.8615384615384616,
            "recall": 0.7,
            "f1-score": 0.7724137931034483,
            "support": 80.0
        },
        "accuracy": 0.9080779944289693,
        "macro avg": {
            "precision": 0.8287834792526434,
            "recall": 0.7440478706807179,
            "f1-score": 0.7810893219664562,
            "support": 718.0
        },
        "weighted avg": {
            "precision": 0.9030878774041132,
            "recall": 0.9080779944289693,
            "f1-score": 0.9037146863969315,
            "support": 718.0
        }
    },
    "confusion_matrix": [
        [
            564,
            9,
            8
        ],
        [
            24,
            32,
            1
        ],
        [
            19,
            5,
            56
        ]
    ]
}