{
    "NaiveBayes": {
        "Akurasi": 0.9220055710306406,
        "PPV (Presisi)": 0.9177045236312481,
        "Sensitivitas (Recall)": 0.9220055710306406,
        "F1-Score": 0.9188706112950545,
        "Confusion_Matrix": [
            [
                566,
                11,
                4
            ],
            [
                24,
                31,
                2
            ],
            [
                10,
                5,
                65
            ]
        ]
    }
}