{
    "NaiveBayes": {
        "Akurasi": 0.9192200557103064,
        "PPV (Presisi)": 0.9134779865816225,
        "Sensitivitas (Recall)": 0.9192200557103064,
        "F1-Score": 0.9147037564838882,
        "Confusion_Matrix": [
            [
                567,
                8,
                6
            ],
            [
                26,
                29,
                2
            ],
            [
                11,
                5,
                64
            ]
        ]
    }
}