{
    "NaiveBayes": {
        "Confusion_Matrix": [
            [
                566,
                8,
                7
            ],
            [
                23,
                33,
                1
            ],
            [
                13,
                5,
                62
            ]
        ],
        "Per_Class": {
            "RINGAN": {
                "TP": 566,
                "FP": 36,
                "FN": 15,
                "TN": 101,
                "ACC": 0.9289693593314763,
                "PPV": 0.9401993355481728,
                "SN": 0.9741824440619621,
                "F1": 0.9568892645815724
            },
            "SEDANG": {
                "TP": 33,
                "FP": 13,
                "FN": 24,
                "TN": 648,
                "ACC": 0.9484679665738162,
                "PPV": 0.717391304347826,
                "SN": 0.5789473684210527,
                "F1": 0.6407766990291262
            },
            "PARAH": {
                "TP": 62,
                "FP": 8,
                "FN": 18,
                "TN": 630,
                "ACC": 0.9637883008356546,
                "PPV": 0.8857142857142857,
                "SN": 0.775,
                "F1": 0.8266666666666667
            }
        },
        "Macro_Average": {
            "ACC": 0.947075208913649,
            "PPV": 0.8477683085367614,
            "SN": 0.7760432708276715,
            "F1": 0.8081108767591217
        },
        "Weighted": {
            "Akurasi": 0.9206128133704735,
            "Precision_Weighted": 0.916440475151055,
            "Recall_Weighted": 0.9206128133704735,
            "F1_Weighted": 0.917284495682294
        }
    }
}