{
    "NaiveBayes": {
        "Confusion_Matrix": [
            [
                563,
                11,
                7
            ],
            [
                25,
                30,
                2
            ],
            [
                17,
                3,
                60
            ]
        ],
        "Per_Class": {
            "RINGAN": {
                "TP": 563,
                "FP": 42,
                "FN": 18,
                "TN": 95,
                "ACC": 0.9164345403899722,
                "PPV": 0.9305785123966942,
                "SN": 0.9690189328743546,
                "F1": 0.9494097807757167
            },
            "SEDANG": {
                "TP": 30,
                "FP": 14,
                "FN": 27,
                "TN": 647,
                "ACC": 0.9428969359331476,
                "PPV": 0.6818181818181818,
                "SN": 0.5263157894736842,
                "F1": 0.594059405940594
            },
            "PARAH": {
                "TP": 60,
                "FP": 9,
                "FN": 20,
                "TN": 629,
                "ACC": 0.9596100278551533,
                "PPV": 0.8695652173913043,
                "SN": 0.75,
                "F1": 0.8053691275167786
            }
        },
        "Macro_Average": {
            "ACC": 0.9396471680594244,
            "PPV": 0.8273206372020602,
            "SN": 0.7484449074493463,
            "F1": 0.7829461047443632
        },
        "Weighted": {
            "Akurasi": 0.9094707520891365,
            "Precision_Weighted": 0.9040319908877718,
            "Recall_Weighted": 0.9094707520891365,
            "F1_Weighted": 0.9051504163936595
        }
    }
}