{
    "NaiveBayes": {
        "Confusion_Matrix": [
            [
                562,
                9,
                10
            ],
            [
                25,
                32,
                0
            ],
            [
                13,
                6,
                61
            ]
        ],
        "Per_Class": {
            "RINGAN": {
                "TP": 562,
                "FP": 38,
                "FN": 19,
                "TN": 99,
                "ACC": 0.9206128133704735,
                "PPV": 0.9366666666666666,
                "SN": 0.9672977624784854,
                "F1": 0.951735817104149
            },
            "SEDANG": {
                "TP": 32,
                "FP": 15,
                "FN": 25,
                "TN": 646,
                "ACC": 0.9442896935933147,
                "PPV": 0.6808510638297872,
                "SN": 0.5614035087719298,
                "F1": 0.6153846153846153
            },
            "PARAH": {
                "TP": 61,
                "FP": 10,
                "FN": 19,
                "TN": 628,
                "ACC": 0.9596100278551533,
                "PPV": 0.8591549295774648,
                "SN": 0.7625,
                "F1": 0.8079470198675496
            }
        },
        "Macro_Average": {
            "ACC": 0.9415041782729805,
            "PPV": 0.825557553357973,
            "SN": 0.7637337570834717,
            "F1": 0.7916891507854379
        },
        "Weighted": {
            "Akurasi": 0.9122562674094707,
            "Precision_Weighted": 0.9077217804148029,
            "Recall_Weighted": 0.9122562674094707,
            "F1_Weighted": 0.9090128055763755
        }
    }
}