{
    "timestamp": "2025-12-20 15:38:39.703204",
    "mode": "OFFLINE_BATCH",
    "evaluator": "Naive Bayes",
    "labels": [
        "RINGAN",
        "SEDANG",
        "PARAH"
    ],
    "metrics": {
        "RINGAN": {
            "precision": 0.9450915141430949,
            "recall": 0.9776247848537005,
            "f1-score": 0.961082910321489,
            "support": 581.0
        },
        "SEDANG": {
            "precision": 0.7441860465116279,
            "recall": 0.5614035087719298,
            "f1-score": 0.64,
            "support": 57.0
        },
        "PARAH": {
            "precision": 0.918918918918919,
            "recall": 0.85,
            "f1-score": 0.8831168831168831,
            "support": 80.0
        },
        "accuracy": 0.9303621169916435,
        "macro avg": {
            "precision": 0.8693988265245473,
            "recall": 0.7963427645418767,
            "f1-score": 0.8280665978127907,
            "support": 718.0
        },
        "weighted avg": {
            "precision": 0.9262260276905494,
            "recall": 0.9303621169916435,
            "f1-score": 0.9269060188664845,
            "support": 718.0
        }
    },
    "confusion_matrix": [
        [
            568,
            8,
            5
        ],
        [
            24,
            32,
            1
        ],
        [
            9,
            3,
            68
        ]
    ]
}