{
    "NaiveBayes": {
        "Confusion_Matrix": [
            [
                562,
                14,
                5
            ],
            [
                24,
                32,
                1
            ],
            [
                15,
                5,
                60
            ]
        ],
        "Per_Class": {
            "RINGAN": {
                "TP": 562,
                "FP": 39,
                "FN": 19,
                "TN": 98,
                "ACC": 0.9192200557103064,
                "PPV": 0.9351081530782029,
                "SN": 0.9672977624784854,
                "F1": 0.9509306260575296
            },
            "SEDANG": {
                "TP": 32,
                "FP": 19,
                "FN": 25,
                "TN": 642,
                "ACC": 0.9387186629526463,
                "PPV": 0.6274509803921569,
                "SN": 0.5614035087719298,
                "F1": 0.5925925925925926
            },
            "PARAH": {
                "TP": 60,
                "FP": 6,
                "FN": 20,
                "TN": 632,
                "ACC": 0.9637883008356546,
                "PPV": 0.9090909090909091,
                "SN": 0.75,
                "F1": 0.821917808219178
            }
        },
        "Macro_Average": {
            "ACC": 0.9405756731662024,
            "PPV": 0.823883347520423,
            "SN": 0.7595670904168051,
            "F1": 0.7884803422897667
        },
        "Weighted": {
            "Akurasi": 0.9108635097493036,
            "Precision_Weighted": 0.9077852584234841,
            "Recall_Weighted": 0.9108635097493036,
            "F1_Weighted": 0.9081084904940623
        }
    }
}