{
    "NaiveBayes": {
        "Akurasi": 0.9303621169916435,
        "PPV (Presisi)": 0.9262260276905494,
        "Sensitivitas (Recall)": 0.9303621169916435,
        "F1-Score": 0.9269060188664845,
        "Confusion_Matrix": [
            [
                568,
                8,
                5
            ],
            [
                24,
                32,
                1
            ],
            [
                9,
                3,
                68
            ]
        ]
    }
}