Tanggal,Lokasi,Magnitudo,Kedalaman_km,LSTM_Error,Temporal_Risk_Factor,Model_Uncertainty,is_Anomaly,Context_Risk_Pheromone,Context_Impact_Radius,Global_Tectonic_Stress,Dist_To_GA_Pred,Relationship_Narrative
2026-06-27 14:47:21,86 km Tenggara PACITAN-JATIM,5.6,10.0,14.239459099594376,1.0,3.416848659515381,False,0.0,5.564094176054176,0.1691447774827022,270.26386401016987,ACO tidak menunjukkan akumulasi risiko signifikan. GA menunjukkan stress tektonik relatif rendah. Lokasi relatif jauh dari pusat prediksi GA. LSTM tidak mendeteksi penyimpangan pola temporal.
2026-02-06 01:06:10,90 Km Tenggara Pacitan-Jatim,6.4,10.0,7.8684843776099544,0.5431981214476921,2.5511345863342285,False,0.0,11.61919519588168,0.1691447774827022,269.6578134873851,ACO tidak menunjukkan akumulasi risiko signifikan. GA menunjukkan stress tektonik relatif rendah. Lokasi relatif jauh dari pusat prediksi GA. LSTM tidak mendeteksi penyimpangan pola temporal.
2026-01-27 08:20:44,25 Km Timurlaut Pacitan-Jatim,5.5,105.0,7.092537446869582,0.487562362229251,2.5057573318481445,False,0.0,13.60856348039719,0.1691447774827022,228.60755104791187,ACO tidak menunjukkan akumulasi risiko signifikan. GA menunjukkan stress tektonik relatif rendah. Lokasi relatif jauh dari pusat prediksi GA. LSTM tidak mendeteksi penyimpangan pola temporal.
2025-11-24 03:40:21,141 Km Baratdaya Kab-Blitar-Jatim,5.2,10.0,0.49748082771450536,0.014693706449919578,0.5060243606567383,False,0.2521254750514736,15.61138523618781,0.1691447774827022,230.15078860063994,ACO tidak menunjukkan akumulasi risiko signifikan. GA menunjukkan stress tektonik relatif rendah. Lokasi relatif jauh dari pusat prediksi GA. LSTM tidak mendeteksi penyimpangan pola temporal.
2024-12-28 01:50:00,Lumajang,5.15,282.0,0.916638807304129,0.04474753036888981,1.1410269737243652,False,0.9430668357812737,27.51854979935612,0.1691447774827022,24.148467054589585,ACO menunjukkan akumulasi risiko tinggi di wilayah ini. GA menunjukkan stress tektonik relatif rendah. Lokasi berada dekat dengan prediksi pusat stress GA. LSTM tidak mendeteksi penyimpangan pola temporal.
2024-12-27 12:40:00,"Malang, Jawa Timur",3.58,17.0,0.8065216823192074,0.036852080810706095,0.7575492262840271,False,0.6501754119448682,19.12262980451418,0.1691447774827022,78.7129236699044,ACO mendeteksi peningkatan aktivitas moderat. GA menunjukkan stress tektonik relatif rendah. Lokasi berada pada radius menengah dari prediksi GA. LSTM tidak mendeteksi penyimpangan pola temporal.
2024-12-27 08:56:00,"Laut Jawa, Barat Daya Probolinggo",7.46,62.0,1.176259199723212,0.06336243438950796,1.1701229810714722,False,0.09993255188368276,20.56579082983738,0.1691447774827022,39.801108530782315,ACO tidak menunjukkan akumulasi risiko signifikan. GA menunjukkan stress tektonik relatif rendah. Lokasi berada dekat dengan prediksi pusat stress GA. LSTM tidak mendeteksi penyimpangan pola temporal.
2024-12-27 03:27:00,Malang,2.21,538.0,0.8280156388288016,0.038393207583227014,0.47878310084342957,False,0.01385228580827913,9.810143310535647,0.1691447774827022,85.25994168740014,ACO tidak menunjukkan akumulasi risiko signifikan. GA menunjukkan stress tektonik relatif rendah. Lokasi berada pada radius menengah dari prediksi GA. LSTM tidak mendeteksi penyimpangan pola temporal.
2024-12-26 21:34:00,Laut Jawa Timur,6.33,622.0,1.3020880596802415,0.07238442272139119,1.0938732624053955,False,0.0,8.332258457345164,0.1691447774827022,30.747244845973444,ACO tidak menunjukkan akumulasi risiko signifikan. GA menunjukkan stress tektonik relatif rendah. Lokasi berada dekat dengan prediksi pusat stress GA. LSTM tidak mendeteksi penyimpangan pola temporal.
2024-12-26 13:21:00,Banyuwangi,6.74,542.0,0.6220871570708743,0.02362803876379312,0.5595194101333618,False,0.6278781090049043,11.83915662694097,0.1691447774827022,114.88331488487923,ACO mendeteksi peningkatan aktivitas moderat. GA menunjukkan stress tektonik relatif rendah. Lokasi berada pada radius menengah dari prediksi GA. LSTM tidak mendeteksi penyimpangan pola temporal.
2024-12-25 12:25:00,Probolinggo,7.01,200.0,0.5703184908385817,0.019916201091065257,0.5732535123825073,False,0.0,4.289492277647788,0.1691447774827022,25.549839112788728,ACO tidak menunjukkan akumulasi risiko signifikan. GA menunjukkan stress tektonik relatif rendah. Lokasi berada dekat dengan prediksi pusat stress GA. LSTM tidak mendeteksi penyimpangan pola temporal.
2024-12-25 09:46:00,Probolinggo,5.17,566.0,1.2521687558985435,0.06880518520459246,1.34425687789917,False,0.0,7.495457757869096,0.1691447774827022,26.002617313479252,ACO tidak menunjukkan akumulasi risiko signifikan. GA menunjukkan stress tektonik relatif rendah. Lokasi berada dekat dengan prediksi pusat stress GA. LSTM tidak mendeteksi penyimpangan pola temporal.
2024-12-24 04:14:00,Banyuwangi,6.61,518.0,0.968450810802548,0.04846247534394451,1.1544908285140991,False,0.0,4.436552715791846,0.1691447774827022,105.87890031177459,ACO tidak menunjukkan akumulasi risiko signifikan. GA menunjukkan stress tektonik relatif rendah. Lokasi berada pada radius menengah dari prediksi GA. LSTM tidak mendeteksi penyimpangan pola temporal.
2024-12-23 00:57:00,Lumajang,7.71,9.0,1.6823877565557883,0.09965208952693654,1.8377161026000977,False,0.0,6.296969191603211,0.1691447774827022,20.131934449805314,ACO tidak menunjukkan akumulasi risiko signifikan. GA menunjukkan stress tektonik relatif rendah. Lokasi berada dekat dengan prediksi pusat stress GA. LSTM tidak mendeteksi penyimpangan pola temporal.
2024-12-22 14:20:00,Banyuwangi,5.55,519.0,1.2583452252576453,0.0692480409573115,0.6985896825790405,False,0.0,9.801628028036975,0.1691447774827022,115.35097893458945,ACO tidak menunjukkan akumulasi risiko signifikan. GA menunjukkan stress tektonik relatif rendah. Lokasi berada pada radius menengah dari prediksi GA. LSTM tidak mendeteksi penyimpangan pola temporal.
2024-12-21 09:59:00,Lumajang,7.04,503.0,5.011247780670446,0.3383329160582359,0.9301753044128418,False,0.1039625363030408,8.717868542902842,0.1691447774827022,34.81595403461037,ACO tidak menunjukkan akumulasi risiko signifikan. GA menunjukkan stress tektonik relatif rendah. Lokasi berada dekat dengan prediksi pusat stress GA. LSTM tidak mendeteksi penyimpangan pola temporal.
2024-12-21 04:01:00,Laut Jawa Timur,5.49,361.0,2.9844620755488513,0.19301142948449396,0.9261804819107056,False,0.6278781090048535,23.43870266616334,0.1691447774827022,145.40032495529974,ACO mendeteksi peningkatan aktivitas moderat. GA menunjukkan stress tektonik relatif rendah. Lokasi berada pada radius menengah dari prediksi GA. LSTM tidak mendeteksi penyimpangan pola temporal.
2024-12-20 16:41:00,"Pasuruan, Jawa Timur",6.63,120.0,2.3109636041730424,0.14472127289904302,2.2105789184570312,False,0.0,3.0214779496134,0.1691447774827022,70.6590902298363,ACO tidak menunjukkan akumulasi risiko signifikan. GA menunjukkan stress tektonik relatif rendah. Lokasi berada pada radius menengah dari prediksi GA. LSTM tidak mendeteksi penyimpangan pola temporal.
2024-12-20 06:50:00,"Banyuwangi, Jawa Timur",3.77,249.0,0.8137936918662018,0.03737348730922107,0.4306824207305908,False,0.04996627594184144,9.018777061810063,0.1691447774827022,105.60466210263003,ACO tidak menunjukkan akumulasi risiko signifikan. GA menunjukkan stress tektonik relatif rendah. Lokasi berada pada radius menengah dari prediksi GA. LSTM tidak mendeteksi penyimpangan pola temporal.
2024-12-19 19:32:00,"Laut Jawa, Barat Daya Probolinggo",3.45,418.0,2.602025456075483,0.1655905443254622,1.0891751050949097,False,0.3801911938682704,24.26886442013284,0.1691447774827022,23.995824423900824,ACO tidak menunjukkan akumulasi risiko signifikan. GA menunjukkan stress tektonik relatif rendah. Lokasi berada dekat dengan prediksi pusat stress GA. LSTM tidak mendeteksi penyimpangan pola temporal.
2024-12-19 13:45:00,"Banyuwangi, Jawa Timur",5.53,181.0,1.5838291256787047,0.09258538942265924,1.9117698669433594,False,0.2520238119065863,18.90487115542105,0.1691447774827022,116.34206057798777,ACO tidak menunjukkan akumulasi risiko signifikan. GA menunjukkan stress tektonik relatif rendah. Lokasi berada pada radius menengah dari prediksi GA. LSTM tidak mendeteksi penyimpangan pola temporal.
2024-12-19 05:57:00,Banyuwangi,4.93,584.0,1.605049985738236,0.09410693505149988,1.4453926086425781,False,0.0,5.092576558089235,0.1691447774827022,106.98068426601246,ACO tidak menunjukkan akumulasi risiko signifikan. GA menunjukkan stress tektonik relatif rendah. Lokasi berada pada radius menengah dari prediksi GA. LSTM tidak mendeteksi penyimpangan pola temporal.
2024-12-19 01:35:00,"Malang, Jawa Timur",5.26,15.0,1.211041668974301,0.06585635376416159,0.5273555517196655,False,0.0,4.8366988742323,0.1691447774827022,88.94740905995013,ACO tidak menunjukkan akumulasi risiko signifikan. GA menunjukkan stress tektonik relatif rendah. Lokasi berada pada radius menengah dari prediksi GA. LSTM tidak mendeteksi penyimpangan pola temporal.
2024-12-18 23:58:00,Lumajang,2.72,189.0,1.7371440169209098,0.10357813910157616,1.5096714496612549,False,0.2507741396326144,23.19822906286911,0.1691447774827022,33.611323428904925,ACO tidak menunjukkan akumulasi risiko signifikan. GA menunjukkan stress tektonik relatif rendah. Lokasi berada dekat dengan prediksi pusat stress GA. LSTM tidak mendeteksi penyimpangan pola temporal.
2024-12-18 10:04:00,Surabaya,7.01,578.0,1.0814175954147836,0.056562246835238354,0.5934637784957886,False,0.0,11.82363560839051,0.1691447774827022,107.9641064865613,ACO tidak menunjukkan akumulasi risiko signifikan. GA menunjukkan stress tektonik relatif rendah. Lokasi berada pada radius menengah dari prediksi GA. LSTM tidak mendeteksi penyimpangan pola temporal.
2024-12-17 23:01:00,"Laut Selatan Jawa, Barat Daya Lumajang",6.13,278.0,0.9153096980928033,0.0446522326144599,0.7228896021842957,False,0.0,5.352813839467986,0.1691447774827022,26.37339902099465,ACO tidak menunjukkan akumulasi risiko signifikan. GA menunjukkan stress tektonik relatif rendah. Lokasi berada dekat dengan prediksi pusat stress GA. LSTM tidak mendeteksi penyimpangan pola temporal.
2024-12-17 21:02:00,"Laut Jawa, Barat Daya Probolinggo",3.05,195.0,1.3005913673884084,0.07227710918141356,1.740654706954956,False,0.6278781090048555,9.86563547473506,0.1691447774827022,23.26395229330824,ACO mendeteksi peningkatan aktivitas moderat. GA menunjukkan stress tektonik relatif rendah. Lokasi berada dekat dengan prediksi pusat stress GA. LSTM tidak mendeteksi penyimpangan pola temporal.
2024-12-16 18:38:00,Sidoarjo,7.83,260.0,6.7722146150952724,0.46459506480884577,2.875256061553955,False,0.0,18.87858122317459,0.1691447774827022,77.11740147624107,ACO tidak menunjukkan akumulasi risiko signifikan. GA menunjukkan stress tektonik relatif rendah. Lokasi berada pada radius menengah dari prediksi GA. LSTM tidak mendeteksi penyimpangan pola temporal.
2024-12-16 16:14:00,Laut Jawa Timur,7.76,250.0,4.517683425915471,0.30294412010829624,3.049384593963623,False,0.0,20.58068878827917,0.1691447774827022,223.39935265651965,ACO tidak menunjukkan akumulasi risiko signifikan. GA menunjukkan stress tektonik relatif rendah. Lokasi relatif jauh dari pusat prediksi GA. LSTM tidak mendeteksi penyimpangan pola temporal.
2024-12-16 02:50:00,Laut Jawa Timur,7.19,492.0,1.8779173307130397,0.11367165178941943,1.3695250749588013,False,0.0,4.120023422263519,0.1691447774827022,226.7478660520466,ACO tidak menunjukkan akumulasi risiko signifikan. GA menunjukkan stress tektonik relatif rendah. Lokasi relatif jauh dari pusat prediksi GA. LSTM tidak mendeteksi penyimpangan pola temporal.
2024-12-16 02:03:00,"Pasuruan, Jawa Timur",4.36,572.0,3.1890932818814703,0.2076835830469004,1.5653185844421387,False,0.6278781090048654,19.46654381261656,0.1691447774827022,64.6716705471729,ACO mendeteksi peningkatan aktivitas moderat. GA menunjukkan stress tektonik relatif rendah. Lokasi berada pada radius menengah dari prediksi GA. LSTM tidak mendeteksi penyimpangan pola temporal.
2024-12-15 09:58:00,"Malang, Jawa Timur",2.59,466.0,1.438217687391127,0.08214498093713463,1.2652360200881958,False,0.0,8.060074937616895,0.1691447774827022,79.43164369144843,ACO tidak menunjukkan akumulasi risiko signifikan. GA menunjukkan stress tektonik relatif rendah. Lokasi berada pada radius menengah dari prediksi GA. LSTM tidak mendeteksi penyimpangan pola temporal.
2024-12-15 01:57:00,Banyuwangi,8.0,240.0,0.7469404631093048,0.032580079421718804,0.8036098480224609,False,0.0,19.03856866993945,0.1691447774827022,104.18806365531843,ACO tidak menunjukkan akumulasi risiko signifikan. GA menunjukkan stress tektonik relatif rendah. Lokasi berada pada radius menengah dari prediksi GA. LSTM tidak mendeteksi penyimpangan pola temporal.
2024-12-14 17:43:00,Probolinggo,4.31,556.0,2.8048707882346315,0.18013464987121527,1.309602975845337,False,0.3139390545025129,7.882295301621195,0.1691447774827022,31.8415415541979,ACO tidak menunjukkan akumulasi risiko signifikan. GA menunjukkan stress tektonik relatif rendah. Lokasi berada dekat dengan prediksi pusat stress GA. LSTM tidak mendeteksi penyimpangan pola temporal.
2024-12-13 06:12:00,Malang,4.98,21.0,3.0411681069185645,0.1970772785555232,1.2204424142837524,False,1.0,29.25033432920041,0.1691447774827022,79.14913125003444,ACO menunjukkan akumulasi risiko tinggi di wilayah ini. GA menunjukkan stress tektonik relatif rendah. Lokasi berada pada radius menengah dari prediksi GA. LSTM tidak mendeteksi penyimpangan pola temporal.
2024-12-12 22:23:00,Malang,2.05,431.0,1.0149993062769824,0.05180002432261666,0.4864239990711212,False,0.0,5.832000000000001,0.1691447774827022,86.06462386034174,ACO tidak menunjukkan akumulasi risiko signifikan. GA menunjukkan stress tektonik relatif rendah. Lokasi berada pada radius menengah dari prediksi GA. LSTM tidak mendeteksi penyimpangan pola temporal.
2024-12-12 20:46:00,Lumajang,5.25,372.0,1.1498302253801906,0.061467464521483994,0.5091116428375244,False,0.00402998441935881,18.82148403028074,0.1691447774827022,26.97954215474278,ACO tidak menunjukkan akumulasi risiko signifikan. GA menunjukkan stress tektonik relatif rendah. Lokasi berada dekat dengan prediksi pusat stress GA. LSTM tidak mendeteksi penyimpangan pola temporal.
2024-12-11 22:31:00,"Probolinggo, Jawa Timur",3.59,268.0,1.167772691010887,0.062753947730667,1.5615122318267822,False,0.0,4.313887457966422,0.1691447774827022,17.333280390597633,ACO tidak menunjukkan akumulasi risiko signifikan. GA menunjukkan stress tektonik relatif rendah. Lokasi berada dekat dengan prediksi pusat stress GA. LSTM tidak mendeteksi penyimpangan pola temporal.
2024-12-11 21:50:00,Banyuwangi,3.6,191.0,1.2659519694446568,0.06979344808666384,1.6142529249191284,False,0.3007404155744564,16.74934020564287,0.1691447774827022,117.49240038353555,ACO tidak menunjukkan akumulasi risiko signifikan. GA menunjukkan stress tektonik relatif rendah. Lokasi berada pada radius menengah dari prediksi GA. LSTM tidak mendeteksi penyimpangan pola temporal.
2024-12-11 15:19:00,Banyuwangi,2.01,603.0,0.9703882376758347,0.04860138976032433,0.6332951188087463,False,0.0,6.380249524901044,0.1691447774827022,108.29497206909507,ACO tidak menunjukkan akumulasi risiko signifikan. GA menunjukkan stress tektonik relatif rendah. Lokasi berada pada radius menengah dari prediksi GA. LSTM tidak mendeteksi penyimpangan pola temporal.
2024-12-11 09:18:00,"Laut Jawa, Barat Daya Probolinggo",2.62,54.0,0.9502003969807847,0.047153912104889346,0.6548938751220703,False,0.0,8.916669781930919,0.1691447774827022,21.483112889827048,ACO tidak menunjukkan akumulasi risiko signifikan. GA menunjukkan stress tektonik relatif rendah. Lokasi berada dekat dengan prediksi pusat stress GA. LSTM tidak mendeteksi penyimpangan pola temporal.
2024-12-11 07:58:00,"Laut Jawa, Barat Daya Probolinggo",2.27,377.0,1.3123625404533947,0.07312110781639405,1.952958583831787,False,0.1253870698163085,4.887606012828303,0.1691447774827022,29.591866743889682,ACO tidak menunjukkan akumulasi risiko signifikan. GA menunjukkan stress tektonik relatif rendah. Lokasi berada dekat dengan prediksi pusat stress GA. LSTM tidak mendeteksi penyimpangan pola temporal.
2024-12-11 06:17:00,Banyuwangi,3.4,690.0,0.7065744035287158,0.029685813999107927,0.8406332731246948,False,0.0,12.89864333951443,0.1691447774827022,118.8286387676094,ACO tidak menunjukkan akumulasi risiko signifikan. GA menunjukkan stress tektonik relatif rendah. Lokasi berada pada radius menengah dari prediksi GA. LSTM tidak mendeteksi penyimpangan pola temporal.
2024-12-08 20:49:00,Probolinggo,4.28,2.0,1.4619372006269615,0.08384568117176068,1.7769391536712646,False,0.631908093424227,15.55357988815532,0.1691447774827022,36.454685115259885,ACO mendeteksi peningkatan aktivitas moderat. GA menunjukkan stress tektonik relatif rendah. Lokasi berada dekat dengan prediksi pusat stress GA. LSTM tidak mendeteksi penyimpangan pola temporal.
2024-12-07 18:43:00,Banyuwangi,3.71,544.0,1.1075276480982748,0.05843434987054964,1.9682550430297852,False,0.03959591678410032,13.8790716975982,0.1691447774827022,103.48802390922462,ACO tidak menunjukkan akumulasi risiko signifikan. GA menunjukkan stress tektonik relatif rendah. Lokasi berada pada radius menengah dari prediksi GA. LSTM tidak mendeteksi penyimpangan pola temporal.
2024-12-06 16:04:00,"Pasuruan, Jawa Timur",7.49,582.0,0.6103436763399905,0.022786025682168524,0.5768316984176636,False,0.0,9.3872852838294,0.1691447774827022,65.86372583391929,ACO tidak menunjukkan akumulasi risiko signifikan. GA menunjukkan stress tektonik relatif rendah. Lokasi berada pada radius menengah dari prediksi GA. LSTM tidak mendeteksi penyimpangan pola temporal.
2024-12-06 02:12:00,"Laut Selatan Jawa, Barat Daya Lumajang",5.58,537.0,0.9303711645635245,0.04573214683132797,0.9828571081161499,False,0.6278781090048962,18.25710831932041,0.1691447774827022,28.84001031030273,ACO mendeteksi peningkatan aktivitas moderat. GA menunjukkan stress tektonik relatif rendah. Lokasi berada dekat dengan prediksi pusat stress GA. LSTM tidak mendeteksi penyimpangan pola temporal.
2024-12-06 00:23:00,Lumajang,6.6,429.0,1.1994320137150611,0.06502393603168098,0.6697984337806702,False,0.0,10.648,0.1691447774827022,24.508367555795335,ACO tidak menunjukkan akumulasi risiko signifikan. GA menunjukkan stress tektonik relatif rendah. Lokasi berada dekat dengan prediksi pusat stress GA. LSTM tidak mendeteksi penyimpangan pola temporal.
2024-12-05 11:04:00,"Probolinggo, Jawa Timur",2.9,352.0,1.59647434368426,0.09349205749021704,0.9884738922119141,False,0.3139390545024572,3.329801890890452,0.1691447774827022,18.171025057594647,ACO tidak menunjukkan akumulasi risiko signifikan. GA menunjukkan stress tektonik relatif rendah. Lokasi berada dekat dengan prediksi pusat stress GA. LSTM tidak mendeteksi penyimpangan pola temporal.
2024-12-05 00:45:00,Banyuwangi,7.34,170.0,1.3019251438105481,0.07237274157704994,1.0855450630187988,False,0.3139390545025023,8.786299689663418,0.1691447774827022,108.84777957087562,ACO tidak menunjukkan akumulasi risiko signifikan. GA menunjukkan stress tektonik relatif rendah. Lokasi berada pada radius menengah dari prediksi GA. LSTM tidak mendeteksi penyimpangan pola temporal.
2024-12-03 15:12:00,Banyuwangi,2.1,465.0,1.278536025155526,0.07069573078897871,1.0728508234024048,False,0.0,20.82782016918717,0.1691447774827022,104.53064235628622,ACO tidak menunjukkan akumulasi risiko signifikan. GA menunjukkan stress tektonik relatif rendah. Lokasi berada pada radius menengah dari prediksi GA. LSTM tidak mendeteksi penyimpangan pola temporal.
2024-12-02 21:53:00,Sidoarjo,6.52,330.0,4.041890611352551,0.2688295519333445,2.1001203060150146,False,0.0,18.16423328962717,0.1691447774827022,68.55192274715682,ACO tidak menunjukkan akumulasi risiko signifikan. GA menunjukkan stress tektonik relatif rendah. Lokasi berada pada radius menengah dari prediksi GA. LSTM tidak mendeteksi penyimpangan pola temporal.
2024-12-02 16:42:00,Laut Jawa Timur,7.4,39.0,0.9354884648304107,0.0460990596628863,0.6750317811965942,False,0.4510791980308452,23.13278746983676,0.1691447774827022,165.90260691594307,ACO mendeteksi peningkatan aktivitas moderat. GA menunjukkan stress tektonik relatif rendah. Lokasi relatif jauh dari pusat prediksi GA. LSTM tidak mendeteksi penyimpangan pola temporal.
2024-12-02 09:01:00,"Probolinggo, Jawa Timur",7.89,31.0,0.9948202464351505,0.05035317625847977,1.8373068571090698,False,0.0,5.940332650618145,0.1691447774827022,36.99600262867412,ACO tidak menunjukkan akumulasi risiko signifikan. GA menunjukkan stress tektonik relatif rendah. Lokasi berada dekat dengan prediksi pusat stress GA. LSTM tidak mendeteksi penyimpangan pola temporal.
2024-12-02 02:53:00,"Malang, Jawa Timur",5.47,591.0,0.40056713866042915,0.0077449494466039215,1.057383418083191,False,0.0,17.03283675727564,0.1691447774827022,88.98572970946806,ACO tidak menunjukkan akumulasi risiko signifikan. GA menunjukkan stress tektonik relatif rendah. Lokasi berada pada radius menengah dari prediksi GA. LSTM tidak mendeteksi penyimpangan pola temporal.
2024-12-01 15:13:00,Sidoarjo,4.91,8.0,0.6483985651396776,0.025514579074761744,0.6458338499069214,False,0.0,4.436552715791846,0.1691447774827022,65.94821543801203,ACO tidak menunjukkan akumulasi risiko signifikan. GA menunjukkan stress tektonik relatif rendah. Lokasi berada pada radius menengah dari prediksi GA. LSTM tidak mendeteksi penyimpangan pola temporal.
2024-12-01 06:52:00,"Probolinggo, Jawa Timur",3.65,99.0,1.186514971432401,0.06409777803584124,1.371154546737671,False,0.6301703983333615,18.31203035896111,0.1691447774827022,33.20354613928577,ACO mendeteksi peningkatan aktivitas moderat. GA menunjukkan stress tektonik relatif rendah. Lokasi berada dekat dengan prediksi pusat stress GA. LSTM tidak mendeteksi penyimpangan pola temporal.
2024-11-28 19:37:00,Banyuwangi,3.83,139.0,0.8540286652821913,0.04025835379228906,1.2201449871063232,False,0.09993255188367305,21.87871136023609,0.1691447774827022,107.81133703566294,ACO tidak menunjukkan akumulasi risiko signifikan. GA menunjukkan stress tektonik relatif rendah. Lokasi berada pada radius menengah dari prediksi GA. LSTM tidak mendeteksi penyimpangan pola temporal.
2024-11-28 11:34:00,Sidoarjo,4.49,193.0,1.5001036756489807,0.08658223534888157,1.9645600318908691,False,0.0,8.607438643406063,0.1691447774827022,68.14914158312627,ACO tidak menunjukkan akumulasi risiko signifikan. GA menunjukkan stress tektonik relatif rendah. Lokasi berada pada radius menengah dari prediksi GA. LSTM tidak mendeteksi penyimpangan pola temporal.
2024-11-27 05:17:00,"Malang, Jawa Timur",3.24,177.0,0.9011719413306087,0.043638548817347855,1.0085080862045288,False,0.0002614276191779871,14.1503720506546,0.1691447774827022,77.75223933939445,ACO tidak menunjukkan akumulasi risiko signifikan. GA menunjukkan stress tektonik relatif rendah. Lokasi berada pada radius menengah dari prediksi GA. LSTM tidak mendeteksi penyimpangan pola temporal.
2024-11-27 05:00:00,Lumajang,5.36,1.0,0.7472015273872165,0.0325987978530071,2.0605082511901855,False,0.1022248412121741,13.76832642517036,0.1691447774827022,20.49079916147871,ACO tidak menunjukkan akumulasi risiko signifikan. GA menunjukkan stress tektonik relatif rendah. Lokasi berada dekat dengan prediksi pusat stress GA. LSTM tidak mendeteksi penyimpangan pola temporal.
2024-11-27 03:34:00,Banyuwangi,2.61,136.0,0.5181090203959668,0.01617275754951263,1.3545112609863281,False,0.0,20.49853041073921,0.1691447774827022,120.81995687574751,ACO tidak menunjukkan akumulasi risiko signifikan. GA menunjukkan stress tektonik relatif rendah. Lokasi berada pada radius menengah dari prediksi GA. LSTM tidak mendeteksi penyimpangan pola temporal.
2024-11-27 00:16:00,Lumajang,3.64,124.0,1.6114707249693194,0.09456730506871755,2.405256986618042,False,0.0,3.976587858956469,0.1691447774827022,36.92273735321028,ACO tidak menunjukkan akumulasi risiko signifikan. GA menunjukkan stress tektonik relatif rendah. Lokasi berada dekat dengan prediksi pusat stress GA. LSTM tidak mendeteksi penyimpangan pola temporal.
2024-11-26 12:23:00,Lamongan,2.08,550.0,0.6687169067335392,0.026971413705907873,0.5225551128387451,False,0.6606788133830472,23.92474720203816,0.1691447774827022,157.7648191166797,ACO mendeteksi peningkatan aktivitas moderat. GA menunjukkan stress tektonik relatif rendah. Lokasi relatif jauh dari pusat prediksi GA. LSTM tidak mendeteksi penyimpangan pola temporal.
2024-11-25 18:19:00,Lumajang,5.2,456.0,0.7720816114467793,0.03438271156054848,1.2975729703903198,False,0.7533958926307559,25.48471678778368,0.1691447774827022,22.995300101047363,ACO menunjukkan akumulasi risiko tinggi di wilayah ini. GA menunjukkan stress tektonik relatif rendah. Lokasi berada dekat dengan prediksi pusat stress GA. LSTM tidak mendeteksi penyimpangan pola temporal.
2024-11-23 18:22:00,"Banyuwangi, Jawa Timur",5.04,248.0,1.0630285851938361,0.05524374616929474,1.3921757936477661,False,0.0,5.170193323271385,0.1691447774827022,103.27507787234113,ACO tidak menunjukkan akumulasi risiko signifikan. GA menunjukkan stress tektonik relatif rendah. Lokasi berada pada radius menengah dari prediksi GA. LSTM tidak mendeteksi penyimpangan pola temporal.
2024-11-22 02:10:00,Probolinggo,4.94,444.0,1.023565733773331,0.05241424119579166,1.755359411239624,False,0.0,8.150467777986734,0.1691447774827022,38.59920485734258,ACO tidak menunjukkan akumulasi risiko signifikan. GA menunjukkan stress tektonik relatif rendah. Lokasi berada dekat dengan prediksi pusat stress GA. LSTM tidak mendeteksi penyimpangan pola temporal.
2024-11-21 14:15:00,Banyuwangi,2.37,609.0,1.1078817049695797,0.058459735914441535,1.364444375038147,False,0.1197305102757206,21.23482026253326,0.1691447774827022,116.67824774405292,ACO tidak menunjukkan akumulasi risiko signifikan. GA menunjukkan stress tektonik relatif rendah. Lokasi berada pada radius menengah dari prediksi GA. LSTM tidak mendeteksi penyimpangan pola temporal.
2024-11-21 02:00:00,Probolinggo,4.66,355.0,0.9051801827141155,0.04392594160629722,1.1985373497009277,False,0.0,7.970018757819834,0.1691447774827022,54.72400336719295,ACO tidak menunjukkan akumulasi risiko signifikan. GA menunjukkan stress tektonik relatif rendah. Lokasi berada pada radius menengah dari prediksi GA. LSTM tidak mendeteksi penyimpangan pola temporal.
2024-11-19 23:20:00,"Banyuwangi, Jawa Timur",5.28,98.0,0.7019620810747278,0.02935510831380669,1.5564484596252441,False,0.0,4.436552715791846,0.1691447774827022,112.28951656377942,ACO tidak menunjukkan akumulasi risiko signifikan. GA menunjukkan stress tektonik relatif rendah. Lokasi berada pada radius menengah dari prediksi GA. LSTM tidak mendeteksi penyimpangan pola temporal.
2024-11-19 09:30:00,Banyuwangi,5.11,644.0,0.7750840464671165,0.03459798756106196,1.0513863563537598,False,0.0,6.022017186956544,0.1691447774827022,102.602769117474,ACO tidak menunjukkan akumulasi risiko signifikan. GA menunjukkan stress tektonik relatif rendah. Lokasi berada pada radius menengah dari prediksi GA. LSTM tidak mendeteksi penyimpangan pola temporal.
2024-11-19 08:13:00,Jember,7.45,222.0,1.0742368759163228,0.056047385876061236,1.1838797330856323,False,0.0,4.964088133786507,0.1691447774827022,35.85900142959329,ACO tidak menunjukkan akumulasi risiko signifikan. GA menunjukkan stress tektonik relatif rendah. Lokasi berada dekat dengan prediksi pusat stress GA. LSTM tidak mendeteksi penyimpangan pola temporal.
2024-11-19 04:00:00,Probolinggo,2.3,349.0,0.8244210715195115,0.03813547541960685,0.7398802042007446,False,0.0,3.929153725676816,0.1691447774827022,38.06550007279813,ACO tidak menunjukkan akumulasi risiko signifikan. GA menunjukkan stress tektonik relatif rendah. Lokasi berada dekat dengan prediksi pusat stress GA. LSTM tidak mendeteksi penyimpangan pola temporal.
2024-11-18 17:26:00,Lumajang,7.97,466.0,0.6333863826626286,0.024438198543377365,0.5175364017486572,False,0.6278781090048703,16.55644631322318,0.1691447774827022,26.857274314026853,ACO mendeteksi peningkatan aktivitas moderat. GA menunjukkan stress tektonik relatif rendah. Lokasi berada dekat dengan prediksi pusat stress GA. LSTM tidak mendeteksi penyimpangan pola temporal.
2024-11-18 10:38:00,Lumajang,5.03,238.0,1.1033751881322602,0.05813661654152807,0.666467010974884,False,0.0,10.94637643240904,0.1691447774827022,33.185047175521156,ACO tidak menunjukkan akumulasi risiko signifikan. GA menunjukkan stress tektonik relatif rendah. Lokasi berada dekat dengan prediksi pusat stress GA. LSTM tidak mendeteksi penyimpangan pola temporal.
2024-11-18 05:26:00,Lumajang,7.87,387.0,0.8050391406486012,0.036745781876913734,0.4798709452152252,False,0.6976423433388433,26.85171748772526,0.1691447774827022,16.686062153814337,ACO mendeteksi peningkatan aktivitas moderat. GA menunjukkan stress tektonik relatif rendah. Lokasi berada dekat dengan prediksi pusat stress GA. LSTM tidak mendeteksi penyimpangan pola temporal.
2024-11-17 21:33:00,Lumajang,7.38,538.0,2.855083733972476,0.183734941654126,1.5703353881835938,False,0.0,9.609651814712121,0.1691447774827022,20.700749453603436,ACO tidak menunjukkan akumulasi risiko signifikan. GA menunjukkan stress tektonik relatif rendah. Lokasi berada dekat dengan prediksi pusat stress GA. LSTM tidak mendeteksi penyimpangan pola temporal.
2024-11-16 23:29:00,"Banyuwangi, Jawa Timur",7.56,94.0,1.5680907876167,0.09145694319492477,1.4268068075180054,False,0.2507741396326372,16.43892245749527,0.1691447774827022,107.5922534495869,ACO tidak menunjukkan akumulasi risiko signifikan. GA menunjukkan stress tektonik relatif rendah. Lokasi berada pada radius menengah dari prediksi GA. LSTM tidak mendeteksi penyimpangan pola temporal.
2024-11-15 20:42:00,Malang,3.83,678.0,2.4899525188945923,0.157554862114631,1.0190467834472656,False,0.0,6.547900426854397,0.1691447774827022,82.11812651631533,ACO tidak menunjukkan akumulasi risiko signifikan. GA menunjukkan stress tektonik relatif rendah. Lokasi berada pada radius menengah dari prediksi GA. LSTM tidak mendeteksi penyimpangan pola temporal.
2024-11-15 11:10:00,Banyuwangi,7.86,338.0,1.1398241456713973,0.06075002390880217,0.5305355787277222,False,0.2705720980246611,23.01105185385238,0.1691447774827022,106.02973789615142,ACO tidak menunjukkan akumulasi risiko signifikan. GA menunjukkan stress tektonik relatif rendah. Lokasi berada pada radius menengah dari prediksi GA. LSTM tidak mendeteksi penyimpangan pola temporal.
2024-11-14 19:45:00,Probolinggo,4.67,611.0,1.817026162749253,0.10930572645979608,1.4030258655548096,False,0.0,11.2138976720853,0.1691447774827022,38.19582647183234,ACO tidak menunjukkan akumulasi risiko signifikan. GA menunjukkan stress tektonik relatif rendah. Lokasi berada dekat dengan prediksi pusat stress GA. LSTM tidak mendeteksi penyimpangan pola temporal.
2024-11-13 23:42:00,Banyuwangi,4.25,10.0,2.12357831570878,0.13128565974425102,1.0342742204666138,False,0.0,17.22617087457337,0.1691447774827022,108.58288972381688,ACO tidak menunjukkan akumulasi risiko signifikan. GA menunjukkan stress tektonik relatif rendah. Lokasi berada pada radius menengah dari prediksi GA. LSTM tidak mendeteksi penyimpangan pola temporal.
2024-11-12 11:14:00,Malang,7.26,384.0,0.8662075670832698,0.04113158676906406,0.5547579526901245,False,0.01208995325807721,16.78568051288729,0.1691447774827022,84.09388584663459,ACO tidak menunjukkan akumulasi risiko signifikan. GA menunjukkan stress tektonik relatif rendah. Lokasi berada pada radius menengah dari prediksi GA. LSTM tidak mendeteksi penyimpangan pola temporal.
2024-11-11 16:51:00,Lumajang,5.98,616.0,0.9451550651453378,0.04679215944365228,0.7736138105392456,False,0.0,7.203826552603831,0.1691447774827022,30.434530587247956,ACO tidak menunjukkan akumulasi risiko signifikan. GA menunjukkan stress tektonik relatif rendah. Lokasi berada dekat dengan prediksi pusat stress GA. LSTM tidak mendeteksi penyimpangan pola temporal.
2024-11-09 02:26:00,Lumajang,3.67,283.0,1.2647967029386926,0.06971061493582241,0.6839061379432678,False,0.630170398333387,12.34840756730486,0.1691447774827022,29.94573152509017,ACO mendeteksi peningkatan aktivitas moderat. GA menunjukkan stress tektonik relatif rendah. Lokasi berada dekat dengan prediksi pusat stress GA. LSTM tidak mendeteksi penyimpangan pola temporal.
2024-11-08 22:41:00,Probolinggo,3.13,513.0,1.1069665850244688,0.05839412138475507,1.723844289779663,False,0.0,5.222154823442138,0.1691447774827022,31.15906593883903,ACO tidak menunjukkan akumulasi risiko signifikan. GA menunjukkan stress tektonik relatif rendah. Lokasi berada dekat dengan prediksi pusat stress GA. LSTM tidak mendeteksi penyimpangan pola temporal.
2024-11-08 17:30:00,"Malang, Jawa Timur",2.19,390.0,3.0250409113963403,0.19592095106533378,2.2956032752990723,False,0.0003110373301569142,10.9141062356262,0.1691447774827022,92.33708722750951,ACO tidak menunjukkan akumulasi risiko signifikan. GA menunjukkan stress tektonik relatif rendah. Lokasi berada pada radius menengah dari prediksi GA. LSTM tidak mendeteksi penyimpangan pola temporal.
2024-11-08 10:42:00,Laut Jawa Timur,3.84,34.0,0.8362531625196803,0.038983841899139116,1.494665503501892,False,0.0,7.554245495084205,0.1691447774827022,169.09780943012294,ACO tidak menunjukkan akumulasi risiko signifikan. GA menunjukkan stress tektonik relatif rendah. Lokasi relatif jauh dari pusat prediksi GA. LSTM tidak mendeteksi penyimpangan pola temporal.
2024-11-08 06:08:00,Lumajang,6.31,226.0,1.1098238816693171,0.05859899089560778,1.2208764553070068,False,0.0,12.79325302649799,0.1691447774827022,40.35270886623581,ACO tidak menunjukkan akumulasi risiko signifikan. GA menunjukkan stress tektonik relatif rendah. Lokasi berada dekat dengan prediksi pusat stress GA. LSTM tidak mendeteksi penyimpangan pola temporal.
2024-11-08 01:06:00,Sidoarjo,4.24,162.0,1.087832569820649,0.05702220351178149,1.7578625679016113,False,0.008059968838718401,17.46235295302083,0.1691447774827022,70.29894713558546,ACO tidak menunjukkan akumulasi risiko signifikan. GA menunjukkan stress tektonik relatif rendah. Lokasi berada pada radius menengah dari prediksi GA. LSTM tidak mendeteksi penyimpangan pola temporal.
2024-11-07 23:29:00,Malang,5.66,581.0,1.0352131949331,0.05324936962908895,0.8851759433746338,False,0.1197305102757296,22.47994572181821,0.1691447774827022,78.94866000140857,ACO tidak menunjukkan akumulasi risiko signifikan. GA menunjukkan stress tektonik relatif rendah. Lokasi berada pada radius menengah dari prediksi GA. LSTM tidak mendeteksi penyimpangan pola temporal.
2024-11-07 17:48:00,Probolinggo,7.14,458.0,0.6190440361509788,0.023409845565180477,0.5348501801490784,False,0.09993255188367382,13.79581458516517,0.1691447774827022,35.006873149145754,ACO tidak menunjukkan akumulasi risiko signifikan. GA menunjukkan stress tektonik relatif rendah. Lokasi berada dekat dengan prediksi pusat stress GA. LSTM tidak mendeteksi penyimpangan pola temporal.
2024-11-07 17:04:00,Probolinggo,4.13,306.0,0.6459897344232086,0.02534186478151545,2.4638476371765137,False,0.2507741396326156,8.86119968287124,0.1691447774827022,31.77000166377546,ACO tidak menunjukkan akumulasi risiko signifikan. GA menunjukkan stress tektonik relatif rendah. Lokasi berada dekat dengan prediksi pusat stress GA. LSTM tidak mendeteksi penyimpangan pola temporal.
2024-11-07 11:15:00,Laut Jawa Timur,6.11,391.0,0.9953790957834526,0.05039324601911643,1.1719719171524048,False,0.6278781090048781,16.90076766224575,0.1691447774827022,123.86725785171669,ACO mendeteksi peningkatan aktivitas moderat. GA menunjukkan stress tektonik relatif rendah. Lokasi berada pada radius menengah dari prediksi GA. LSTM tidak mendeteksi penyimpangan pola temporal.
2024-11-06 23:17:00,Sidoarjo,7.95,583.0,1.0490920655617466,0.05424449116888616,0.6113502979278564,False,0.00229228932849165,10.49063618719067,0.1691447774827022,76.0437467567826,ACO tidak menunjukkan akumulasi risiko signifikan. GA menunjukkan stress tektonik relatif rendah. Lokasi berada pada radius menengah dari prediksi GA. LSTM tidak mendeteksi penyimpangan pola temporal.
2024-11-06 16:14:00,"Laut Selatan Jawa, Barat Daya Lumajang",6.18,276.0,1.8837997454003175,0.11409342368411865,1.9362239837646484,False,0.653276439834432,19.27329637862211,0.1691447774827022,32.265121829018184,ACO mendeteksi peningkatan aktivitas moderat. GA menunjukkan stress tektonik relatif rendah. Lokasi berada dekat dengan prediksi pusat stress GA. LSTM tidak mendeteksi penyimpangan pola temporal.
2024-11-06 12:30:00,Banyuwangi,7.79,412.0,0.9028371174448707,0.04375794272649185,0.9802814722061157,False,0.0,7.672279257169932,0.1691447774827022,100.36487049062663,ACO tidak menunjukkan akumulasi risiko signifikan. GA menunjukkan stress tektonik relatif rendah. Lokasi berada pada radius menengah dari prediksi GA. LSTM tidak mendeteksi penyimpangan pola temporal.
2024-11-06 11:09:00,Lumajang,2.62,590.0,4.023159865211867,0.2674865486415208,2.308140277862549,False,0.3959591678409639,24.60663276182896,0.1691447774827022,36.39568664884631,ACO tidak menunjukkan akumulasi risiko signifikan. GA menunjukkan stress tektonik relatif rendah. Lokasi berada dekat dengan prediksi pusat stress GA. LSTM tidak mendeteksi penyimpangan pola temporal.
2024-11-06 09:41:00,Laut Jawa Timur,6.16,258.0,1.0329111103352022,0.05308430908265839,0.5853370428085327,False,0.3761612094489241,20.47788776407567,0.1691447774827022,198.87107062298267,ACO tidak menunjukkan akumulasi risiko signifikan. GA menunjukkan stress tektonik relatif rendah. Lokasi relatif jauh dari pusat prediksi GA. LSTM tidak mendeteksi penyimpangan pola temporal.
2024-11-06 05:02:00,"Probolinggo, Jawa Timur",7.5,209.0,1.2855383160856784,0.07119779833604113,0.7835497856140137,False,0.0,5.617338871743453,0.1691447774827022,33.23493958389385,ACO tidak menunjukkan akumulasi risiko signifikan. GA menunjukkan stress tektonik relatif rendah. Lokasi berada dekat dengan prediksi pusat stress GA. LSTM tidak mendeteksi penyimpangan pola temporal.
2024-11-05 17:55:00,Lumajang,6.63,414.0,0.9117404231639734,0.04439631392639277,1.3577619791030884,False,0.6278781090048703,13.96963613444291,0.1691447774827022,20.281741275810543,ACO mendeteksi peningkatan aktivitas moderat. GA menunjukkan stress tektonik relatif rendah. Lokasi berada dekat dengan prediksi pusat stress GA. LSTM tidak mendeteksi penyimpangan pola temporal.
2024-11-05 13:48:00,Probolinggo,4.33,123.0,1.1106175190125653,0.05865589506570817,1.2957881689071655,False,0.0,7.495457757869096,0.1691447774827022,60.29715011553289,ACO tidak menunjukkan akumulasi risiko signifikan. GA menunjukkan stress tektonik relatif rendah. Lokasi berada pada radius menengah dari prediksi GA. LSTM tidak mendeteksi penyimpangan pola temporal.
2024-11-05 06:30:00,"Pasuruan, Jawa Timur",2.07,620.0,0.7203563413008441,0.030673985407585636,0.723479688167572,False,0.0,2.870959421517483,0.1691447774827022,65.95165086438112,ACO tidak menunjukkan akumulasi risiko signifikan. GA menunjukkan stress tektonik relatif rendah. Lokasi berada pada radius menengah dari prediksi GA. LSTM tidak mendeteksi penyimpangan pola temporal.
2024-11-04 20:53:00,Lumajang,6.16,486.0,1.9495845896482678,0.11881022790075421,0.7129976749420166,False,0.0,11.34846355239334,0.1691447774827022,22.655895218829297,ACO tidak menunjukkan akumulasi risiko signifikan. GA menunjukkan stress tektonik relatif rendah. Lokasi berada dekat dengan prediksi pusat stress GA. LSTM tidak mendeteksi penyimpangan pola temporal.
2024-11-04 16:37:00,Lumajang,4.04,605.0,1.0405815900259816,0.053634286077552815,0.5252975225448608,False,0.639631182716955,25.81472299184334,0.1691447774827022,11.797786977787808,ACO mendeteksi peningkatan aktivitas moderat. GA menunjukkan stress tektonik relatif rendah. Lokasi berada dekat dengan prediksi pusat stress GA. LSTM tidak mendeteksi penyimpangan pola temporal.
2024-11-04 08:40:00,Lumajang,7.87,380.0,1.4017904862617427,0.0795331335146538,1.275046944618225,False,0.0,9.32407137467319,0.1691447774827022,29.307460559156922,ACO tidak menunjukkan akumulasi risiko signifikan. GA menunjukkan stress tektonik relatif rendah. Lokasi berada dekat dengan prediksi pusat stress GA. LSTM tidak mendeteksi penyimpangan pola temporal.
2024-11-04 05:14:00,Banyuwangi,2.18,1.0,0.7474736494300245,0.03261830913122976,0.4963688254356384,False,0.0,7.378342564560147,0.1691447774827022,122.04698222787874,ACO tidak menunjukkan akumulasi risiko signifikan. GA menunjukkan stress tektonik relatif rendah. Lokasi berada pada radius menengah dari prediksi GA. LSTM tidak mendeteksi penyimpangan pola temporal.
2024-11-03 05:19:00,"Laut Selatan Jawa, Barat Daya Lumajang",6.34,631.0,1.8657821966667452,0.11280155698121011,0.9324172139167786,False,0.313939054502512,3.692863292683794,0.1691447774827022,24.29576064748958,ACO tidak menunjukkan akumulasi risiko signifikan. GA menunjukkan stress tektonik relatif rendah. Lokasi berada dekat dengan prediksi pusat stress GA. LSTM tidak mendeteksi penyimpangan pola temporal.
2024-11-02 15:09:00,"Pasuruan, Jawa Timur",5.26,6.0,0.7177565807864146,0.030487581358189624,0.6007533669471741,False,0.0,11.92630068378288,0.1691447774827022,64.27029847118371,ACO tidak menunjukkan akumulasi risiko signifikan. GA menunjukkan stress tektonik relatif rendah. Lokasi berada pada radius menengah dari prediksi GA. LSTM tidak mendeteksi penyimpangan pola temporal.
2024-11-01 08:34:00,"Laut Selatan Jawa, Barat Daya Lumajang",4.15,574.0,0.9056276880263358,0.04395802794727404,0.5863682627677917,False,0.0,6.352448897866083,0.1691447774827022,24.840406423675674,ACO tidak menunjukkan akumulasi risiko signifikan. GA menunjukkan stress tektonik relatif rendah. Lokasi berada dekat dengan prediksi pusat stress GA. LSTM tidak mendeteksi penyimpangan pola temporal.
2024-10-27 12:15:00,Probolinggo,5.61,572.0,2.7768394910590732,0.17812479270385476,1.180220127105713,False,0.0,12.89864333951443,0.1691447774827022,37.281768114692454,ACO tidak menunjukkan akumulasi risiko signifikan. GA menunjukkan stress tektonik relatif rendah. Lokasi berada dekat dengan prediksi pusat stress GA. LSTM tidak mendeteksi penyimpangan pola temporal.
2024-10-26 17:48:00,Banyuwangi,7.77,211.0,7.902883194381735,0.5456645327594656,1.8701651096343994,False,0.0,8.792540929674423,0.1691447774827022,101.10720211571257,ACO tidak menunjukkan akumulasi risiko signifikan. GA menunjukkan stress tektonik relatif rendah. Lokasi berada pada radius menengah dari prediksi GA. LSTM tidak mendeteksi penyimpangan pola temporal.
2024-10-26 14:44:00,Laut Jawa Timur,6.62,696.0,1.9970725955166992,0.12221514021574857,1.2579138278961182,False,0.6499683567254033,19.48412533831767,0.1691447774827022,191.08672443842252,ACO mendeteksi peningkatan aktivitas moderat. GA menunjukkan stress tektonik relatif rendah. Lokasi relatif jauh dari pusat prediksi GA. LSTM tidak mendeteksi penyimpangan pola temporal.
2024-10-25 20:29:00,"Malang, Jawa Timur",2.5,268.0,1.2736302828837363,0.07034398676498908,1.3930907249450684,False,0.0,9.898089765202174,0.1691447774827022,73.99207660134769,ACO tidak menunjukkan akumulasi risiko signifikan. GA menunjukkan stress tektonik relatif rendah. Lokasi berada pada radius menengah dari prediksi GA. LSTM tidak mendeteksi penyimpangan pola temporal.
2024-10-25 08:05:00,"Banyuwangi, Jawa Timur",7.33,360.0,0.8079304159508431,0.03695308767345355,1.0576286315917969,False,0.0001555186650784571,12.37516319537757,0.1691447774827022,110.38408821341724,ACO tidak menunjukkan akumulasi risiko signifikan. GA menunjukkan stress tektonik relatif rendah. Lokasi berada pada radius menengah dari prediksi GA. LSTM tidak mendeteksi penyimpangan pola temporal.
2024-10-25 07:20:00,Malang,6.48,360.0,0.5156597818381708,0.01599714599507289,0.6202632188796997,False,0.6278781090049219,21.02586835959482,0.1691447774827022,89.8979372544534,ACO mendeteksi peningkatan aktivitas moderat. GA menunjukkan stress tektonik relatif rendah. Lokasi berada pada radius menengah dari prediksi GA. LSTM tidak mendeteksi penyimpangan pola temporal.
2024-10-24 19:24:00,Lumajang,4.8,383.0,0.49406620762883735,0.014448876586713066,1.0845739841461182,False,0.2548041240519801,23.5848419270836,0.1691447774827022,24.811298451261354,ACO tidak menunjukkan akumulasi risiko signifikan. GA menunjukkan stress tektonik relatif rendah. Lokasi berada dekat dengan prediksi pusat stress GA. LSTM tidak mendeteksi penyimpangan pola temporal.
2024-10-24 12:33:00,Malang,5.02,655.0,1.0314964457400402,0.05298287696704168,1.1295047998428345,False,0.0,15.43787550150603,0.1691447774827022,85.92005596352274,ACO tidak menunjukkan akumulasi risiko signifikan. GA menunjukkan stress tektonik relatif rendah. Lokasi berada pada radius menengah dari prediksi GA. LSTM tidak mendeteksi penyimpangan pola temporal.
2024-10-24 04:49:00,Banyuwangi,3.13,75.0,3.122608361454222,0.2029165830395439,2.3157846927642822,False,0.0,4.660218771688728,0.1691447774827022,105.58088276407997,ACO tidak menunjukkan akumulasi risiko signifikan. GA menunjukkan stress tektonik relatif rendah. Lokasi berada pada radius menengah dari prediksi GA. LSTM tidak mendeteksi penyimpangan pola temporal.
2024-10-22 09:19:00,Laut Jawa Timur,5.41,575.0,0.5212210222553066,0.016395889543821013,0.6397177577018738,False,0.03295622304320514,20.57694826454845,0.1691447774827022,181.3054672777228,ACO tidak menunjukkan akumulasi risiko signifikan. GA menunjukkan stress tektonik relatif rendah. Lokasi relatif jauh dari pusat prediksi GA. LSTM tidak mendeteksi penyimpangan pola temporal.
2024-10-22 06:12:00,Probolinggo,6.45,475.0,0.5920595905099542,0.021475048144312163,1.161318063735962,False,0.3139390545024937,7.380601848620135,0.1691447774827022,37.09220333840505,ACO tidak menunjukkan akumulasi risiko signifikan. GA menunjukkan stress tektonik relatif rendah. Lokasi berada dekat dengan prediksi pusat stress GA. LSTM tidak mendeteksi penyimpangan pola temporal.
2024-10-21 20:50:00,"Laut Selatan Jawa, Barat Daya Lumajang",6.12,632.0,1.6913265503395674,0.10029300523773535,1.0266321897506714,False,0.8103131163322702,26.81985967774027,0.1691447774827022,31.286570627846714,ACO menunjukkan akumulasi risiko tinggi di wilayah ini. GA menunjukkan stress tektonik relatif rendah. Lokasi berada dekat dengan prediksi pusat stress GA. LSTM tidak mendeteksi penyimpangan pola temporal.
2024-10-21 02:13:00,"Banyuwangi, Jawa Timur",7.01,407.0,1.1466883801705108,0.06124219274494565,1.6106706857681274,False,0.02350614742421015,8.60629546316695,0.1691447774827022,111.42431598317468,ACO tidak menunjukkan akumulasi risiko signifikan. GA menunjukkan stress tektonik relatif rendah. Lokasi berada pada radius menengah dari prediksi GA. LSTM tidak mendeteksi penyimpangan pola temporal.
2024-10-21 01:00:00,Sidoarjo,2.72,497.0,0.8340624658705125,0.03882676792092587,0.8433855175971985,False,0.0,5.379074548656115,0.1691447774827022,69.5716022649659,ACO tidak menunjukkan akumulasi risiko signifikan. GA menunjukkan stress tektonik relatif rendah. Lokasi berada pada radius menengah dari prediksi GA. LSTM tidak mendeteksi penyimpangan pola temporal.
2024-10-20 20:28:00,"Probolinggo, Jawa Timur",3.43,526.0,0.5808536117867924,0.020671574208982677,1.5504939556121826,False,0.0,12.167,0.1691447774827022,26.93849745717281,ACO tidak menunjukkan akumulasi risiko signifikan. GA menunjukkan stress tektonik relatif rendah. Lokasi berada dekat dengan prediksi pusat stress GA. LSTM tidak mendeteksi penyimpangan pola temporal.
2024-10-20 05:55:00,Probolinggo,5.98,84.0,0.716139196835454,0.03037161416959136,0.8752936124801636,False,1.0,28.26503573162433,0.1691447774827022,62.081164856108494,ACO menunjukkan akumulasi risiko tinggi di wilayah ini. GA menunjukkan stress tektonik relatif rendah. Lokasi berada pada radius menengah dari prediksi GA. LSTM tidak mendeteksi penyimpangan pola temporal.
2024-10-20 03:04:00,Probolinggo,4.09,509.0,0.7760163026982954,0.03466483077050447,1.135327696800232,False,0.03256817361512986,22.54926752881262,0.1691447774827022,33.16658667969853,ACO tidak menunjukkan akumulasi risiko signifikan. GA menunjukkan stress tektonik relatif rendah. Lokasi berada dekat dengan prediksi pusat stress GA. LSTM tidak mendeteksi penyimpangan pola temporal.
2024-10-19 22:36:00,"Pasuruan, Jawa Timur",5.24,517.0,0.6675820575719822,0.026890044488245793,0.5788769721984863,False,0.0,9.292517850399857,0.1691447774827022,67.88862164763613,ACO tidak menunjukkan akumulasi risiko signifikan. GA menunjukkan stress tektonik relatif rendah. Lokasi berada pada radius menengah dari prediksi GA. LSTM tidak mendeteksi penyimpangan pola temporal.
2024-10-19 10:22:00,"Laut Selatan Jawa, Barat Daya Lumajang",6.85,403.0,0.9210063134133514,0.04506068260733724,0.9659267663955688,False,0.0,9.010146336214524,0.1691447774827022,23.55720321865559,ACO tidak menunjukkan akumulasi risiko signifikan. GA menunjukkan stress tektonik relatif rendah. Lokasi berada dekat dengan prediksi pusat stress GA. LSTM tidak mendeteksi penyimpangan pola temporal.
2024-10-18 15:58:00,"Probolinggo, Jawa Timur",7.66,420.0,3.0931546683677853,0.20080473941760021,1.312042474746704,False,0.0,6.859,0.1691447774827022,38.88389366216378,ACO tidak menunjukkan akumulasi risiko signifikan. GA menunjukkan stress tektonik relatif rendah. Lokasi berada dekat dengan prediksi pusat stress GA. LSTM tidak mendeteksi penyimpangan pola temporal.
2024-10-17 21:17:00,Banyuwangi,7.91,628.0,0.7642048650612864,0.03381794514680692,0.6756929159164429,False,0.0,4.216584043986316,0.1691447774827022,111.12914591244908,ACO tidak menunjukkan akumulasi risiko signifikan. GA menunjukkan stress tektonik relatif rendah. Lokasi berada pada radius menengah dari prediksi GA. LSTM tidak mendeteksi penyimpangan pola temporal.
2024-10-17 12:46:00,Probolinggo,6.87,495.0,1.8428774292289076,0.11115927440279974,1.7452518939971924,False,0.0,16.15292911517908,0.1691447774827022,38.02294659214053,ACO tidak menunjukkan akumulasi risiko signifikan. GA menunjukkan stress tektonik relatif rendah. Lokasi berada dekat dengan prediksi pusat stress GA. LSTM tidak mendeteksi penyimpangan pola temporal.
2024-10-17 02:31:00,Banyuwangi,2.84,476.0,0.7459788127243836,0.032511128637653264,1.4011900424957275,False,0.3639053304442927,15.05452788087168,0.1691447774827022,110.17281102553086,ACO tidak menunjukkan akumulasi risiko signifikan. GA menunjukkan stress tektonik relatif rendah. Lokasi berada pada radius menengah dari prediksi GA. LSTM tidak mendeteksi penyimpangan pola temporal.
2024-10-16 10:36:00,Banyuwangi,5.18,434.0,1.1118710799629448,0.05874577597436052,1.340072512626648,False,0.0,16.38096837796838,0.1691447774827022,103.3173410944955,ACO tidak menunjukkan akumulasi risiko signifikan. GA menunjukkan stress tektonik relatif rendah. Lokasi berada pada radius menengah dari prediksi GA. LSTM tidak mendeteksi penyimpangan pola temporal.
2024-10-16 09:50:00,Banyuwangi,5.21,294.0,0.7963991341865047,0.036126289357351446,1.1599674224853516,False,0.05102630472990546,14.8101432225987,0.1691447774827022,103.51071563792671,ACO tidak menunjukkan akumulasi risiko signifikan. GA menunjukkan stress tektonik relatif rendah. Lokasi berada pada radius menengah dari prediksi GA. LSTM tidak mendeteksi penyimpangan pola temporal.
2024-10-16 03:44:00,Lumajang,5.17,667.0,1.0434690411462042,0.05384131767844651,0.6118282675743103,False,0.6278781090048906,20.84034666337098,0.1691447774827022,26.20545316108371,ACO mendeteksi peningkatan aktivitas moderat. GA menunjukkan stress tektonik relatif rendah. Lokasi berada dekat dengan prediksi pusat stress GA. LSTM tidak mendeteksi penyimpangan pola temporal.
2024-10-16 01:41:00,Lumajang,2.17,414.0,1.1462548933313665,0.06121111153506963,1.4829230308532715,False,0.9453591251098454,26.20675382024651,0.1691447774827022,34.291724513987525,ACO menunjukkan akumulasi risiko tinggi di wilayah ini. GA menunjukkan stress tektonik relatif rendah. Lokasi berada dekat dengan prediksi pusat stress GA. LSTM tidak mendeteksi penyimpangan pola temporal.
2024-10-14 16:17:00,Banyuwangi,3.64,180.0,1.9593551663326139,0.11951078283602139,1.3872171640396118,False,0.01979795839205038,4.096208778048068,0.1691447774827022,107.07278329178905,ACO tidak menunjukkan akumulasi risiko signifikan. GA menunjukkan stress tektonik relatif rendah. Lokasi berada pada radius menengah dari prediksi GA. LSTM tidak mendeteksi penyimpangan pola temporal.
2024-10-13 13:41:00,Banyuwangi,4.64,331.0,0.8189646507075801,0.03774424748576161,0.5400974750518799,False,0.258834108471334,22.31181219921191,0.1691447774827022,104.82162111068808,ACO tidak menunjukkan akumulasi risiko signifikan. GA menunjukkan stress tektonik relatif rendah. Lokasi berada pada radius menengah dari prediksi GA. LSTM tidak mendeteksi penyimpangan pola temporal.
2024-10-12 20:08:00,"Laut Selatan Jawa, Barat Daya Lumajang",6.54,13.0,1.148685620783724,0.061385395834559,1.4169645309448242,False,0.4261274853907389,13.37370789185269,0.1691447774827022,23.85324114293519,ACO mendeteksi peningkatan aktivitas moderat. GA menunjukkan stress tektonik relatif rendah. Lokasi berada dekat dengan prediksi pusat stress GA. LSTM tidak mendeteksi penyimpangan pola temporal.
2024-10-11 22:23:00,"Pasuruan, Jawa Timur",3.17,625.0,0.4266854584440204,0.009617645236873543,0.7553434371948242,False,0.2507741396326156,7.808168561520751,0.1691447774827022,67.05604191682495,ACO tidak menunjukkan akumulasi risiko signifikan. GA menunjukkan stress tektonik relatif rendah. Lokasi berada pada radius menengah dari prediksi GA. LSTM tidak mendeteksi penyimpangan pola temporal.
2024-10-11 05:13:00,"Laut Jawa, Barat Daya Probolinggo",5.3,547.0,1.1993940838256105,0.0650212164408004,1.4946361780166626,False,0.04996627594183239,10.37511869760823,0.1691447774827022,22.756430702729336,ACO tidak menunjukkan akumulasi risiko signifikan. GA menunjukkan stress tektonik relatif rendah. Lokasi berada dekat dengan prediksi pusat stress GA. LSTM tidak mendeteksi penyimpangan pola temporal.
2024-10-10 11:29:00,"Banyuwangi, Jawa Timur",5.73,204.0,0.8854392895726705,0.04251051030028449,0.6694931983947754,False,0.0,9.3872852838294,0.1691447774827022,106.02568634260854,ACO tidak menunjukkan akumulasi risiko signifikan. GA menunjukkan stress tektonik relatif rendah. Lokasi berada pada radius menengah dari prediksi GA. LSTM tidak mendeteksi penyimpangan pola temporal.
2024-10-09 11:31:00,"Laut Jawa, Barat Daya Probolinggo",7.47,455.0,1.3208751019228189,0.07373146247015004,2.519493818283081,False,0.0003110373301569142,13.18231912433201,0.1691447774827022,27.103697858575487,ACO tidak menunjukkan akumulasi risiko signifikan. GA menunjukkan stress tektonik relatif rendah. Lokasi berada dekat dengan prediksi pusat stress GA. LSTM tidak mendeteksi penyimpangan pola temporal.
2024-10-09 08:59:00,Probolinggo,4.02,400.0,0.5833784731142295,0.02085260795150836,1.422194242477417,False,0.01175307371210619,14.34503252998123,0.1691447774827022,33.48346632930491,ACO tidak menunjukkan akumulasi risiko signifikan. GA menunjukkan stress tektonik relatif rendah. Lokasi berada dekat dengan prediksi pusat stress GA. LSTM tidak mendeteksi penyimpangan pola temporal.
2024-10-09 06:03:00,Sidoarjo,5.45,137.0,0.9249775278796686,0.04534542054894106,0.6901201009750366,False,0.01385228580827913,12.3911877443092,0.1691447774827022,66.74883950717913,ACO tidak menunjukkan akumulasi risiko signifikan. GA menunjukkan stress tektonik relatif rendah. Lokasi berada pada radius menengah dari prediksi GA. LSTM tidak mendeteksi penyimpangan pola temporal.
2024-10-08 09:23:00,Probolinggo,2.34,266.0,1.0294724001827489,0.05283775195035379,1.4351797103881836,False,0.00402998441935881,3.334126224158364,0.1691447774827022,23.322883686280036,ACO tidak menunjukkan akumulasi risiko signifikan. GA menunjukkan stress tektonik relatif rendah. Lokasi berada dekat dengan prediksi pusat stress GA. LSTM tidak mendeteksi penyimpangan pola temporal.
2024-10-08 04:47:00,"Laut Selatan Jawa, Barat Daya Lumajang",6.78,434.0,0.6772199531243034,0.027581086124056887,1.2618886232376099,False,0.0,3.929153725676816,0.1691447774827022,17.544606320704304,ACO tidak menunjukkan akumulasi risiko signifikan. GA menunjukkan stress tektonik relatif rendah. Lokasi berada dekat dengan prediksi pusat stress GA. LSTM tidak mendeteksi penyimpangan pola temporal.
2024-10-08 01:10:00,Probolinggo,7.35,389.0,1.1088927627509197,0.05853222923202563,0.7979204654693604,False,0.639631182716998,21.2281673624354,0.1691447774827022,50.44579644520729,ACO mendeteksi peningkatan aktivitas moderat. GA menunjukkan stress tektonik relatif rendah. Lokasi berada pada radius menengah dari prediksi GA. LSTM tidak mendeteksi penyimpangan pola temporal.
2024-10-07 08:27:00,Lumajang,7.96,237.0,1.3461490700041676,0.07554361784697049,1.591789960861206,False,0.0,6.802079020417213,0.1691447774827022,32.82182337785275,ACO tidak menunjukkan akumulasi risiko signifikan. GA menunjukkan stress tektonik relatif rendah. Lokasi berada dekat dengan prediksi pusat stress GA. LSTM tidak mendeteksi penyimpangan pola temporal.
2024-10-07 03:04:00,Banyuwangi,5.11,105.0,0.7067897505356118,0.02970125448060148,0.7809398174285889,False,0.3139390545024818,9.620637525515331,0.1691447774827022,98.54690623078599,ACO tidak menunjukkan akumulasi risiko signifikan. GA menunjukkan stress tektonik relatif rendah. Lokasi berada pada radius menengah dari prediksi GA. LSTM tidak mendeteksi penyimpangan pola temporal.
2024-10-06 16:12:00,Lumajang,6.5,591.0,0.8135495589656112,0.03735598286563548,0.6982930302619934,False,0.0,18.63944545848937,0.1691447774827022,33.5074381955181,ACO tidak menunjukkan akumulasi risiko signifikan. GA menunjukkan stress tektonik relatif rendah. Lokasi berada dekat dengan prediksi pusat stress GA. LSTM tidak mendeteksi penyimpangan pola temporal.
2024-10-04 21:43:00,Probolinggo,2.69,686.0,0.6826102116111366,0.027967570188131303,0.6236096024513245,False,0.9418171635073348,20.52264110291529,0.1691447774827022,30.856156246385222,ACO menunjukkan akumulasi risiko tinggi di wilayah ini. GA menunjukkan stress tektonik relatif rendah. Lokasi berada dekat dengan prediksi pusat stress GA. LSTM tidak mendeteksi penyimpangan pola temporal.
2024-10-04 16:39:00,Probolinggo,5.02,455.0,3.7216923616373943,0.24587118710506817,2.3320040702819824,False,0.0,2.82842712474619,0.1691447774827022,35.39393973639758,ACO tidak menunjukkan akumulasi risiko signifikan. GA menunjukkan stress tektonik relatif rendah. Lokasi berada dekat dengan prediksi pusat stress GA. LSTM tidak mendeteksi penyimpangan pola temporal.
2024-10-04 05:35:00,Gresik,4.92,255.0,1.1064201779777965,0.05835494374298656,1.7765694856643677,False,0.0001045778075126898,10.88017456155615,0.1691447774827022,171.71028524895215,ACO tidak menunjukkan akumulasi risiko signifikan. GA menunjukkan stress tektonik relatif rendah. Lokasi relatif jauh dari pusat prediksi GA. LSTM tidak mendeteksi penyimpangan pola temporal.
2024-10-03 22:48:00,Laut Jawa Timur,3.79,672.0,1.181405875218881,0.06373145343876083,1.4517676830291748,False,0.0,7.672279257169932,0.1691447774827022,129.35410748588316,ACO tidak menunjukkan akumulasi risiko signifikan. GA menunjukkan stress tektonik relatif rendah. Lokasi berada pada radius menengah dari prediksi GA. LSTM tidak mendeteksi penyimpangan pola temporal.
2024-10-03 19:32:00,"Pasuruan, Jawa Timur",5.07,211.0,0.6587699094682857,0.02625820933216533,0.6268022656440735,False,0.0,7.554245495084205,0.1691447774827022,64.76848615754716,ACO tidak menunjukkan akumulasi risiko signifikan. GA menunjukkan stress tektonik relatif rendah. Lokasi berada pada radius menengah dari prediksi GA. LSTM tidak mendeteksi penyimpangan pola temporal.
2024-10-03 17:40:00,"Probolinggo, Jawa Timur",5.85,106.0,0.9959914139637138,0.05043714952010661,0.5162186622619629,False,0.0,19.03856866993945,0.1691447774827022,33.09423862101185,ACO tidak menunjukkan akumulasi risiko signifikan. GA menunjukkan stress tektonik relatif rendah. Lokasi berada dekat dengan prediksi pusat stress GA. LSTM tidak mendeteksi penyimpangan pola temporal.
2024-10-03 09:54:00,Lumajang,5.08,623.0,1.1012386230946793,0.05798342382527882,1.904848575592041,False,0.0,9.514139425087274,0.1691447774827022,19.853045562608465,ACO tidak menunjukkan akumulasi risiko signifikan. GA menunjukkan stress tektonik relatif rendah. Lokasi berada dekat dengan prediksi pusat stress GA. LSTM tidak mendeteksi penyimpangan pola temporal.
2024-10-02 18:08:00,Banyuwangi,2.29,317.0,1.1225224794869861,0.05950948632075438,0.6419116258621216,False,0.0,15.96371209963397,0.1691447774827022,113.73454893405368,ACO tidak menunjukkan akumulasi risiko signifikan. GA menunjukkan stress tektonik relatif rendah. Lokasi berada pada radius menengah dari prediksi GA. LSTM tidak mendeteksi penyimpangan pola temporal.
2024-10-02 17:27:00,"Laut Jawa, Barat Daya Probolinggo",3.36,532.0,0.7333376758673924,0.0316047531903635,0.7213909029960632,False,0.0,4.635186296148192,0.1691447774827022,30.540041038062395,ACO tidak menunjukkan akumulasi risiko signifikan. GA menunjukkan stress tektonik relatif rendah. Lokasi berada dekat dengan prediksi pusat stress GA. LSTM tidak mendeteksi penyimpangan pola temporal.
2024-10-02 06:05:00,Laut Jawa Timur,4.75,624.0,1.8044118249088725,0.10840127251457865,0.9645355343818665,False,0.0,11.449738512298,0.1691447774827022,16.6393848220203,ACO tidak menunjukkan akumulasi risiko signifikan. GA menunjukkan stress tektonik relatif rendah. Lokasi berada dekat dengan prediksi pusat stress GA. LSTM tidak mendeteksi penyimpangan pola temporal.
2024-10-01 17:26:00,Laut Jawa Timur,6.87,69.0,1.1597977258658538,0.06218213898575557,1.1245055198669434,False,0.2507741396326219,18.85636333800415,0.1691447774827022,92.98851113494418,ACO tidak menunjukkan akumulasi risiko signifikan. GA menunjukkan stress tektonik relatif rendah. Lokasi berada pada radius menengah dari prediksi GA. LSTM tidak mendeteksi penyimpangan pola temporal.
2024-09-28 00:37:00,"Malang, Jawa Timur",5.83,88.0,0.9638540712184863,0.048132886957732685,0.6733630299568176,False,0.0,6.604105389831389,0.1691447774827022,85.4045747268129,ACO tidak menunjukkan akumulasi risiko signifikan. GA menunjukkan stress tektonik relatif rendah. Lokasi berada pada radius menengah dari prediksi GA. LSTM tidak mendeteksi penyimpangan pola temporal.
2024-09-26 11:24:00,"Laut Jawa, Barat Daya Probolinggo",6.84,60.0,1.7085842410722563,0.10153038976524946,0.9110606908798218,False,0.6291277812788482,24.02658936385474,0.1691447774827022,40.59177863076635,ACO mendeteksi peningkatan aktivitas moderat. GA menunjukkan stress tektonik relatif rendah. Lokasi berada dekat dengan prediksi pusat stress GA. LSTM tidak mendeteksi penyimpangan pola temporal.
2024-09-24 22:33:00,"Pasuruan, Jawa Timur",7.29,539.0,0.8385365005343353,0.039147558306750194,0.7712291479110718,False,0.6319080934242277,20.30772071799779,0.1691447774827022,53.23041119366396,ACO mendeteksi peningkatan aktivitas moderat. GA menunjukkan stress tektonik relatif rendah. Lokasi berada pada radius menengah dari prediksi GA. LSTM tidak mendeteksi penyimpangan pola temporal.
2024-09-24 05:55:00,Lumajang,3.03,637.0,2.1448428388987524,0.13281033604004283,1.1819555759429932,False,0.0,4.760796887076785,0.1691447774827022,39.24078459784157,ACO tidak menunjukkan akumulasi risiko signifikan. GA menunjukkan stress tektonik relatif rendah. Lokasi berada dekat dengan prediksi pusat stress GA. LSTM tidak mendeteksi penyimpangan pola temporal.
2024-09-23 16:18:00,Banyuwangi,5.93,23.0,2.4399225179802575,0.15396768756145313,0.9852079153060913,False,0.9998434082878648,23.6639260676628,0.1691447774827022,105.8399463635183,ACO menunjukkan akumulasi risiko tinggi di wilayah ini. GA menunjukkan stress tektonik relatif rendah. Lokasi berada pada radius menengah dari prediksi GA. LSTM tidak mendeteksi penyimpangan pola temporal.
2024-09-22 17:48:00,Banyuwangi,4.62,82.0,1.6899705703914,0.1001957808388589,1.513994812965393,False,0.3406631557986861,11.44643959489128,0.1691447774827022,115.65763666234275,ACO tidak menunjukkan akumulasi risiko signifikan. GA menunjukkan stress tektonik relatif rendah. Lokasi berada pada radius menengah dari prediksi GA. LSTM tidak mendeteksi penyimpangan pola temporal.
2024-09-20 00:40:00,Banyuwangi,2.06,369.0,1.2867097931027724,0.07128179378814092,1.292675256729126,False,0.6278781090048795,26.83919270527387,0.1691447774827022,117.51544937807027,ACO mendeteksi peningkatan aktivitas moderat. GA menunjukkan stress tektonik relatif rendah. Lokasi berada pada radius menengah dari prediksi GA. LSTM tidak mendeteksi penyimpangan pola temporal.
2024-09-20 00:00:00,"Pasuruan, Jawa Timur",5.0,398.0,0.7218825095906454,0.030783412390455695,0.776687741279602,False,0.0,17.03283675727564,0.1691447774827022,70.17771880285164,ACO tidak menunjukkan akumulasi risiko signifikan. GA menunjukkan stress tektonik relatif rendah. Lokasi berada pada radius menengah dari prediksi GA. LSTM tidak mendeteksi penyimpangan pola temporal.
2024-09-19 23:53:00,Lumajang,4.81,264.0,1.336973051086369,0.07488569298269221,0.8490859270095825,False,0.0,5.590695395029137,0.1691447774827022,33.98782998313704,ACO tidak menunjukkan akumulasi risiko signifikan. GA menunjukkan stress tektonik relatif rendah. Lokasi berada dekat dengan prediksi pusat stress GA. LSTM tidak mendeteksi penyimpangan pola temporal.
2024-09-19 19:16:00,Lumajang,5.49,79.0,0.49271410927011605,0.014351930499622174,0.6101740598678589,False,0.06171934965394685,14.52224507953177,0.1691447774827022,37.736805192544224,ACO tidak menunjukkan akumulasi risiko signifikan. GA menunjukkan stress tektonik relatif rendah. Lokasi berada dekat dengan prediksi pusat stress GA. LSTM tidak mendeteksi penyimpangan pola temporal.
2024-09-19 18:08:00,"Probolinggo, Jawa Timur",3.6,108.0,0.7469530145995725,0.03258097936946355,0.639378011226654,False,0.01385228580827891,16.91021409147524,0.1691447774827022,28.482041986359434,ACO tidak menunjukkan akumulasi risiko signifikan. GA menunjukkan stress tektonik relatif rendah. Lokasi berada dekat dengan prediksi pusat stress GA. LSTM tidak mendeteksi penyimpangan pola temporal.
2024-09-19 08:34:00,"Laut Selatan Jawa, Barat Daya Lumajang",7.26,421.0,2.5992588520480937,0.16539217751785884,2.0292794704437256,False,0.6396311827169744,25.66536127805342,0.1691447774827022,28.30061886166619,ACO mendeteksi peningkatan aktivitas moderat. GA menunjukkan stress tektonik relatif rendah. Lokasi berada dekat dengan prediksi pusat stress GA. LSTM tidak mendeteksi penyimpangan pola temporal.
2024-09-19 08:16:00,Laut Jawa Timur,3.28,578.0,0.8564075317773823,0.04042891963680239,1.740681529045105,False,0.01385228580827768,15.84079668350338,0.1691447774827022,150.0111610382202,ACO tidak menunjukkan akumulasi risiko signifikan. GA menunjukkan stress tektonik relatif rendah. Lokasi relatif jauh dari pusat prediksi GA. LSTM tidak mendeteksi penyimpangan pola temporal.
2024-09-18 10:54:00,Banyuwangi,6.89,499.0,0.6661119512948528,0.026784637178003775,0.6435295939445496,False,0.647676067396944,21.8350234929271,0.1691447774827022,119.72838382976171,ACO mendeteksi peningkatan aktivitas moderat. GA menunjukkan stress tektonik relatif rendah. Lokasi berada pada radius menengah dari prediksi GA. LSTM tidak mendeteksi penyimpangan pola temporal.
2024-09-17 21:53:00,Lumajang,7.06,93.0,0.7182931042661218,0.030526050343566688,1.4709519147872925,False,0.0,18.04607081887911,0.1691447774827022,22.281372702913266,ACO tidak menunjukkan akumulasi risiko signifikan. GA menunjukkan stress tektonik relatif rendah. Lokasi berada dekat dengan prediksi pusat stress GA. LSTM tidak mendeteksi penyimpangan pola temporal.
2024-09-17 05:58:00,"Malang, Jawa Timur",5.54,143.0,1.1666792999681874,0.06267555107959037,1.7020704746246338,False,0.6296819076437551,25.25457377096612,0.1691447774827022,79.69503906537861,ACO mendeteksi peningkatan aktivitas moderat. GA menunjukkan stress tektonik relatif rendah. Lokasi berada pada radius menengah dari prediksi GA. LSTM tidak mendeteksi penyimpangan pola temporal.
2024-09-16 19:27:00,Malang,7.07,101.0,0.4972398802809313,0.014676430405814556,1.2601799964904785,False,0.0,4.120023422263519,0.1691447774827022,91.45836915575082,ACO tidak menunjukkan akumulasi risiko signifikan. GA menunjukkan stress tektonik relatif rendah. Lokasi berada pada radius menengah dari prediksi GA. LSTM tidak mendeteksi penyimpangan pola temporal.
2024-09-15 23:12:00,"Probolinggo, Jawa Timur",5.21,258.0,1.351086098731645,0.075897605124521,1.3787736892700195,False,0.0,7.001992287913491,0.1691447774827022,35.23144746678061,ACO tidak menunjukkan akumulasi risiko signifikan. GA menunjukkan stress tektonik relatif rendah. Lokasi berada dekat dengan prediksi pusat stress GA. LSTM tidak mendeteksi penyimpangan pola temporal.
2024-09-15 10:15:00,Banyuwangi,2.99,226.0,2.0586276515805926,0.12662866663382558,2.0084128379821777,False,0.6778443849467041,26.77058638563806,0.1691447774827022,108.71827845912402,ACO mendeteksi peningkatan aktivitas moderat. GA menunjukkan stress tektonik relatif rendah. Lokasi berada pada radius menengah dari prediksi GA. LSTM tidak mendeteksi penyimpangan pola temporal.
2024-09-15 03:14:00,Gresik,7.2,480.0,0.6691971680953088,0.027005848671015395,0.6872621774673462,False,0.02350614742420792,5.791744270780583,0.1691447774827022,169.23291163526164,ACO tidak menunjukkan akumulasi risiko signifikan. GA menunjukkan stress tektonik relatif rendah. Lokasi relatif jauh dari pusat prediksi GA. LSTM tidak mendeteksi penyimpangan pola temporal.
2024-09-13 23:02:00,Lumajang,7.51,601.0,0.8970967616250891,0.04334635651928458,0.705253005027771,False,0.0,13.28753103477091,0.1691447774827022,19.52892865743299,ACO tidak menunjukkan akumulasi risiko signifikan. GA menunjukkan stress tektonik relatif rendah. Lokasi berada dekat dengan prediksi pusat stress GA. LSTM tidak mendeteksi penyimpangan pola temporal.
2024-09-13 08:04:00,Probolinggo,2.83,240.0,0.6189739464795889,0.023404820102836777,0.6543194055557251,False,0.6476760673969228,23.65271938864671,0.1691447774827022,21.805212514278363,ACO mendeteksi peningkatan aktivitas moderat. GA menunjukkan stress tektonik relatif rendah. Lokasi berada dekat dengan prediksi pusat stress GA. LSTM tidak mendeteksi penyimpangan pola temporal.
2024-09-13 07:39:00,Lumajang,3.67,631.0,1.0241139545083269,0.052453548879864434,1.2385249137878418,False,0.3139390545025098,5.713986327763283,0.1691447774827022,23.11979381019518,ACO tidak menunjukkan akumulasi risiko signifikan. GA menunjukkan stress tektonik relatif rendah. Lokasi berada dekat dengan prediksi pusat stress GA. LSTM tidak mendeteksi penyimpangan pola temporal.
2024-09-12 20:23:00,Sidoarjo,2.56,498.0,1.440635289025236,0.0823183241092934,1.8533952236175537,False,0.2946865611692421,8.254140776448388,0.1691447774827022,72.24811473681838,ACO tidak menunjukkan akumulasi risiko signifikan. GA menunjukkan stress tektonik relatif rendah. Lokasi berada pada radius menengah dari prediksi GA. LSTM tidak mendeteksi penyimpangan pola temporal.
2024-09-12 17:58:00,Banyuwangi,7.29,238.0,0.8562861650739781,0.0404202175871902,0.797985315322876,False,0.0,4.8366988742323,0.1691447774827022,110.3267621811903,ACO tidak menunjukkan akumulasi risiko signifikan. GA menunjukkan stress tektonik relatif rendah. Lokasi berada pada radius menengah dari prediksi GA. LSTM tidak mendeteksi penyimpangan pola temporal.
2024-09-11 17:04:00,Probolinggo,2.2,496.0,1.022504622508265,0.052338159019925765,1.1686471700668335,False,0.1267922607553682,14.01482586396705,0.1691447774827022,35.2002921968334,ACO tidak menunjukkan akumulasi risiko signifikan. GA menunjukkan stress tektonik relatif rendah. Lokasi berada dekat dengan prediksi pusat stress GA. LSTM tidak mendeteksi penyimpangan pola temporal.
2024-09-11 16:26:00,Banyuwangi,5.57,97.0,0.9360501868124834,0.04613933539271293,1.7706174850463867,False,0.1197305102757296,19.97189151615194,0.1691447774827022,108.14718600697012,ACO tidak menunjukkan akumulasi risiko signifikan. GA menunjukkan stress tektonik relatif rendah. Lokasi berada pada radius menengah dari prediksi GA. LSTM tidak mendeteksi penyimpangan pola temporal.
2024-09-11 05:33:00,Banyuwangi,2.65,8.0,1.300766051543611,0.07228963411735068,1.5189067125320435,False,0.0,14.73369610790178,0.1691447774827022,108.9439042816867,ACO tidak menunjukkan akumulasi risiko signifikan. GA menunjukkan stress tektonik relatif rendah. Lokasi berada pada radius menengah dari prediksi GA. LSTM tidak mendeteksi penyimpangan pola temporal.
2024-09-11 00:15:00,Banyuwangi,7.53,98.0,1.1640104668131852,0.06248419448943771,1.3881040811538696,False,0.0,5.697522180737868,0.1691447774827022,116.8909275060781,ACO tidak menunjukkan akumulasi risiko signifikan. GA menunjukkan stress tektonik relatif rendah. Lokasi berada pada radius menengah dari prediksi GA. LSTM tidak mendeteksi penyimpangan pola temporal.
2024-09-10 05:18:00,Probolinggo,2.67,55.0,0.7683039261055857,0.034111849748072284,1.3277674913406372,False,0.09993255188367382,11.6886878292182,0.1691447774827022,58.555491664729175,ACO tidak menunjukkan akumulasi risiko signifikan. GA menunjukkan stress tektonik relatif rendah. Lokasi berada pada radius menengah dari prediksi GA. LSTM tidak mendeteksi penyimpangan pola temporal.
2024-09-09 23:17:00,Probolinggo,2.71,442.0,0.3890944520909662,0.0069223524334831215,1.3714773654937744,False,0.0,6.408090589247315,0.1691447774827022,52.145685029044266,ACO tidak menunjukkan akumulasi risiko signifikan. GA menunjukkan stress tektonik relatif rendah. Lokasi berada pada radius menengah dari prediksi GA. LSTM tidak mendeteksi penyimpangan pola temporal.
2024-09-09 16:36:00,Banyuwangi,5.44,174.0,0.5248777352777563,0.016658077584250308,1.2814226150512695,False,0.0,3.533718721120853,0.1691447774827022,109.75311290492861,ACO tidak menunjukkan akumulasi risiko signifikan. GA menunjukkan stress tektonik relatif rendah. Lokasi berada pada radius menengah dari prediksi GA. LSTM tidak mendeteksi penyimpangan pola temporal.
2024-09-09 16:10:00,"Pasuruan, Jawa Timur",5.18,575.0,1.1079467679348431,0.05846440095959608,2.2578933238983154,False,0.0,7.672279257169932,0.1691447774827022,64.38901738476238,ACO tidak menunjukkan akumulasi risiko signifikan. GA menunjukkan stress tektonik relatif rendah. Lokasi berada pada radius menengah dari prediksi GA. LSTM tidak mendeteksi penyimpangan pola temporal.
2024-09-09 11:53:00,Banyuwangi,5.41,456.0,3.5202915850791747,0.23143065687407832,2.040327310562134,False,0.0,5.484544739538552,0.1691447774827022,107.3533565261391,ACO tidak menunjukkan akumulasi risiko signifikan. GA menunjukkan stress tektonik relatif rendah. Lokasi berada pada radius menengah dari prediksi GA. LSTM tidak mendeteksi penyimpangan pola temporal.
2024-09-09 06:26:00,Gresik,7.85,443.0,0.7718157696614747,0.034363650579737205,0.5393065214157104,False,0.0,11.07986791437515,0.1691447774827022,178.33631994211345,ACO tidak menunjukkan akumulasi risiko signifikan. GA menunjukkan stress tektonik relatif rendah. Lokasi relatif jauh dari pusat prediksi GA. LSTM tidak mendeteksi penyimpangan pola temporal.
2024-09-09 06:15:00,Lumajang,4.8,486.0,1.220669512218565,0.0665466746447657,0.9926713705062866,False,0.0,11.24748896420885,0.1691447774827022,19.586342275355147,ACO tidak menunjukkan akumulasi risiko signifikan. GA menunjukkan stress tektonik relatif rendah. Lokasi berada dekat dengan prediksi pusat stress GA. LSTM tidak mendeteksi penyimpangan pola temporal.
2024-09-09 05:10:00,"Pasuruan, Jawa Timur",3.45,635.0,1.2854415085654556,0.07119085719139287,1.0345110893249512,False,0.0,20.00788726977439,0.1691447774827022,66.86496916882906,ACO tidak menunjukkan akumulasi risiko signifikan. GA menunjukkan stress tektonik relatif rendah. Lokasi berada pada radius menengah dari prediksi GA. LSTM tidak mendeteksi penyimpangan pola temporal.
2024-09-09 00:12:00,Probolinggo,2.03,282.0,0.81704854022919,0.0376068614649033,0.594473659992218,False,0.0,12.02926119925908,0.1691447774827022,61.043490621033385,ACO tidak menunjukkan akumulasi risiko signifikan. GA menunjukkan stress tektonik relatif rendah. Lokasi berada pada radius menengah dari prediksi GA. LSTM tidak mendeteksi penyimpangan pola temporal.
2024-09-08 13:01:00,Probolinggo,7.39,657.0,0.8454198832550437,0.039641100079371556,0.6298291683197021,False,0.0,20.29361436511495,0.1691447774827022,24.528047658469692,ACO tidak menunjukkan akumulasi risiko signifikan. GA menunjukkan stress tektonik relatif rendah. Lokasi berada dekat dengan prediksi pusat stress GA. LSTM tidak mendeteksi penyimpangan pola temporal.
2024-09-08 03:02:00,"Laut Jawa, Barat Daya Probolinggo",2.39,80.0,0.4946806603854321,0.014492933137828484,1.52951979637146,False,0.0,2.935153317971652,0.1691447774827022,36.01472799534469,ACO tidak menunjukkan akumulasi risiko signifikan. GA menunjukkan stress tektonik relatif rendah. Lokasi berada dekat dengan prediksi pusat stress GA. LSTM tidak mendeteksi penyimpangan pola temporal.
2024-09-07 20:39:00,"Banyuwangi, Jawa Timur",4.16,137.0,0.6666058718842908,0.02682005151614773,0.6818262338638306,False,0.0,5.670752331040389,0.1691447774827022,119.68199226789432,ACO tidak menunjukkan akumulasi risiko signifikan. GA menunjukkan stress tektonik relatif rendah. Lokasi berada pada radius menengah dari prediksi GA. LSTM tidak mendeteksi penyimpangan pola temporal.
2024-09-07 15:31:00,Probolinggo,6.04,57.0,0.8779769858647609,0.041975459621094356,1.3284493684768677,False,0.0,7.701882886671284,0.1691447774827022,28.557750864815418,ACO tidak menunjukkan akumulasi risiko signifikan. GA menunjukkan stress tektonik relatif rendah. Lokasi berada dekat dengan prediksi pusat stress GA. LSTM tidak mendeteksi penyimpangan pola temporal.
2024-09-07 14:11:00,Banyuwangi,6.89,437.0,1.1072560646241296,0.05841487720795295,0.49685484170913696,False,0.0,3.330100148644182,0.1691447774827022,105.04486569044728,ACO tidak menunjukkan akumulasi risiko signifikan. GA menunjukkan stress tektonik relatif rendah. Lokasi berada pada radius menengah dari prediksi GA. LSTM tidak mendeteksi penyimpangan pola temporal.
2024-09-07 10:34:00,"Probolinggo, Jawa Timur",3.6,165.0,0.6174384526284695,0.023294724472842126,0.5560222268104553,False,0.00402998441935881,13.41045146934131,0.1691447774827022,22.270469399036614,ACO tidak menunjukkan akumulasi risiko signifikan. GA menunjukkan stress tektonik relatif rendah. Lokasi berada dekat dengan prediksi pusat stress GA. LSTM tidak mendeteksi penyimpangan pola temporal.
2024-09-07 05:04:00,"Laut Jawa, Barat Daya Probolinggo",5.29,244.0,0.6475078114728601,0.02545071161866817,0.5577055215835571,False,0.0,8.030018742194814,0.1691447774827022,22.605660067111366,ACO tidak menunjukkan akumulasi risiko signifikan. GA menunjukkan stress tektonik relatif rendah. Lokasi berada dekat dengan prediksi pusat stress GA. LSTM tidak mendeteksi penyimpangan pola temporal.
2024-09-07 03:40:00,"Laut Jawa, Barat Daya Probolinggo",6.65,388.0,0.6476178459018211,0.02545860113888262,1.3977546691894531,False,0.6278781090048984,21.53887003295733,0.1691447774827022,30.06878174157317,ACO mendeteksi peningkatan aktivitas moderat. GA menunjukkan stress tektonik relatif rendah. Lokasi berada dekat dengan prediksi pusat stress GA. LSTM tidak mendeteksi penyimpangan pola temporal.
2024-09-06 23:33:00,Banyuwangi,3.02,447.0,0.616706910982671,0.023242272593401,0.9693853259086609,False,0.0,6.463893795538414,0.1691447774827022,111.31738903876247,ACO tidak menunjukkan akumulasi risiko signifikan. GA menunjukkan stress tektonik relatif rendah. Lokasi berada pada radius menengah dari prediksi GA. LSTM tidak mendeteksi penyimpangan pola temporal.
2024-09-06 21:39:00,Lumajang,7.56,593.0,0.818132852235979,0.0376846071448428,1.1244243383407593,False,0.0,20.08938572978278,0.1691447774827022,52.01839615613393,ACO tidak menunjukkan akumulasi risiko signifikan. GA menunjukkan stress tektonik relatif rendah. Lokasi berada pada radius menengah dari prediksi GA. LSTM tidak mendeteksi penyimpangan pola temporal.
2024-09-06 13:24:00,Probolinggo,4.35,366.0,0.4166980540027663,0.008901543649641774,0.738097608089447,False,0.0,14.18555800805876,0.1691447774827022,37.97081292361351,ACO tidak menunjukkan akumulasi risiko signifikan. GA menunjukkan stress tektonik relatif rendah. Lokasi berada dekat dengan prediksi pusat stress GA. LSTM tidak mendeteksi penyimpangan pola temporal.
2024-09-06 02:52:00,Lumajang,6.18,376.0,1.379443789386476,0.07793086485757753,1.1965693235397339,False,0.6280336276699486,13.44658911747394,0.1691447774827022,28.367267781230073,ACO mendeteksi peningkatan aktivitas moderat. GA menunjukkan stress tektonik relatif rendah. Lokasi berada dekat dengan prediksi pusat stress GA. LSTM tidak mendeteksi penyimpangan pola temporal.
2024-09-04 22:35:00,Malang,3.45,254.0,1.619295409997426,0.09512833865869323,1.34254789352417,False,0.0,5.144277597486356,0.1691447774827022,87.35729599894373,ACO tidak menunjukkan akumulasi risiko signifikan. GA menunjukkan stress tektonik relatif rendah. Lokasi berada pada radius menengah dari prediksi GA. LSTM tidak mendeteksi penyimpangan pola temporal.
2024-09-04 20:59:00,Banyuwangi,3.25,124.0,0.6878180249726489,0.028340972851067573,1.0698457956314087,False,0.0,13.21653808680624,0.1691447774827022,112.41813824717721,ACO tidak menunjukkan akumulasi risiko signifikan. GA menunjukkan stress tektonik relatif rendah. Lokasi berada pada radius menengah dari prediksi GA. LSTM tidak mendeteksi penyimpangan pola temporal.
2024-09-04 10:33:00,Lumajang,6.5,640.0,0.7722571826176483,0.034395300095925306,1.620849370956421,False,0.0,5.431724311855306,0.1691447774827022,38.61178886226426,ACO tidak menunjukkan akumulasi risiko signifikan. GA menunjukkan stress tektonik relatif rendah. Lokasi berada dekat dengan prediksi pusat stress GA. LSTM tidak mendeteksi penyimpangan pola temporal.
2024-09-04 08:54:00,"Banyuwangi, Jawa Timur",5.25,198.0,0.4658631911068007,0.012426707061592853,1.079268217086792,False,0.6278781090048919,23.19830689252693,0.1691447774827022,120.66892901256655,ACO mendeteksi peningkatan aktivitas moderat. GA menunjukkan stress tektonik relatif rendah. Lokasi berada pada radius menengah dari prediksi GA. LSTM tidak mendeteksi penyimpangan pola temporal.
2024-09-04 06:49:00,"Laut Selatan Jawa, Barat Daya Lumajang",6.72,272.0,0.9981195277039349,0.050589736274367525,0.47267359495162964,False,0.0,3.08676659305494,0.1691447774827022,37.857318973864,ACO tidak menunjukkan akumulasi risiko signifikan. GA menunjukkan stress tektonik relatif rendah. Lokasi berada dekat dengan prediksi pusat stress GA. LSTM tidak mendeteksi penyimpangan pola temporal.
2024-09-03 12:50:00,Probolinggo,2.26,700.0,0.7098847918123319,0.029923170393173534,1.5636907815933228,False,0.0,4.560359086738675,0.1691447774827022,29.962611132934335,ACO tidak menunjukkan akumulasi risiko signifikan. GA menunjukkan stress tektonik relatif rendah. Lokasi berada dekat dengan prediksi pusat stress GA. LSTM tidak mendeteksi penyimpangan pola temporal.
2024-09-03 00:52:00,Banyuwangi,3.97,15.0,0.774303531197549,0.03454202424980491,0.7105530500411987,False,0.300740415574471,16.79001038526069,0.1691447774827022,114.36172700083966,ACO tidak menunjukkan akumulasi risiko signifikan. GA menunjukkan stress tektonik relatif rendah. Lokasi berada pada radius menengah dari prediksi GA. LSTM tidak mendeteksi penyimpangan pola temporal.
2024-09-01 22:52:00,Probolinggo,3.86,46.0,0.6560233520227505,0.02606127987389218,1.320122241973877,False,0.0,6.688712506902953,0.1691447774827022,21.706219623623333,ACO tidak menunjukkan akumulasi risiko signifikan. GA menunjukkan stress tektonik relatif rendah. Lokasi berada dekat dengan prediksi pusat stress GA. LSTM tidak mendeteksi penyimpangan pola temporal.
2024-09-01 19:28:00,"Malang, Jawa Timur",6.17,155.0,0.451033102332083,0.011363382734153289,0.6568083167076111,False,0.0,11.89204612335489,0.1691447774827022,74.25105531851601,ACO tidak menunjukkan akumulasi risiko signifikan. GA menunjukkan stress tektonik relatif rendah. Lokasi berada pada radius menengah dari prediksi GA. LSTM tidak mendeteksi penyimpangan pola temporal.
2024-09-01 15:41:00,Probolinggo,5.9,428.0,0.7323426570426932,0.031533409873500375,0.6906055212020874,False,0.0,10.02719427357424,0.1691447774827022,32.43696780351648,ACO tidak menunjukkan akumulasi risiko signifikan. GA menunjukkan stress tektonik relatif rendah. Lokasi berada dekat dengan prediksi pusat stress GA. LSTM tidak mendeteksi penyimpangan pola temporal.
2024-09-01 09:14:00,Probolinggo,6.57,130.0,1.3156789203917771,0.07335889381491932,1.0003080368041992,False,0.0,20.62180903800634,0.1691447774827022,34.75904379211874,ACO tidak menunjukkan akumulasi risiko signifikan. GA menunjukkan stress tektonik relatif rendah. Lokasi berada dekat dengan prediksi pusat stress GA. LSTM tidak mendeteksi penyimpangan pola temporal.
2024-09-01 03:14:00,Lumajang,7.96,60.0,1.9807296016796947,0.12104333988507843,1.556583046913147,False,0.0,14.47703643706128,0.1691447774827022,17.195988720919782,ACO tidak menunjukkan akumulasi risiko signifikan. GA menunjukkan stress tektonik relatif rendah. Lokasi berada dekat dengan prediksi pusat stress GA. LSTM tidak mendeteksi penyimpangan pola temporal.
2024-08-26 09:47:00,Banyuwangi,5.83,478.0,0.8250791640913945,0.038182660965966043,1.9846299886703491,False,0.1521911171540122,22.69126897379678,0.1691447774827022,117.691099971433,ACO tidak menunjukkan akumulasi risiko signifikan. GA menunjukkan stress tektonik relatif rendah. Lokasi berada pada radius menengah dari prediksi GA. LSTM tidak mendeteksi penyimpangan pola temporal.
2024-08-25 21:19:00,Banyuwangi,5.79,246.0,0.8511050661700572,0.04004873036340489,0.6722199320793152,False,0.02381718475436896,7.255299012986369,0.1691447774827022,109.90080663415073,ACO tidak menunjukkan akumulasi risiko signifikan. GA menunjukkan stress tektonik relatif rendah. Lokasi berada pada radius menengah dari prediksi GA. LSTM tidak mendeteksi penyimpangan pola temporal.
2024-08-25 03:14:00,Lumajang,8.0,667.0,0.5594607683767053,0.019137697293166053,1.552374243736267,False,0.04996627594184144,7.667482749566142,0.1691447774827022,28.98079984560107,ACO tidak menunjukkan akumulasi risiko signifikan. GA menunjukkan stress tektonik relatif rendah. Lokasi berada dekat dengan prediksi pusat stress GA. LSTM tidak mendeteksi penyimpangan pola temporal.
2024-08-24 20:56:00,Banyuwangi,2.94,33.0,1.040781761229344,0.053648638446808415,1.1957215070724487,False,0.0,4.685296148590822,0.1691447774827022,111.79915453267104,ACO tidak menunjukkan akumulasi risiko signifikan. GA menunjukkan stress tektonik relatif rendah. Lokasi berada pada radius menengah dari prediksi GA. LSTM tidak mendeteksi penyimpangan pola temporal.
2024-08-24 15:21:00,"Malang, Jawa Timur",4.58,640.0,0.7081057759202788,0.029795614118517475,0.5208446979522705,False,1.0,24.6460742997744,0.1691447774827022,87.8838243161858,ACO menunjukkan akumulasi risiko tinggi di wilayah ini. GA menunjukkan stress tektonik relatif rendah. Lokasi berada pada radius menengah dari prediksi GA. LSTM tidak mendeteksi penyimpangan pola temporal.
2024-08-24 13:17:00,"Laut Selatan Jawa, Barat Daya Lumajang",3.99,8.0,0.7926426526657833,0.03585694786875768,0.4785139560699463,False,0.09993255188368243,11.68868782921822,0.1691447774827022,29.864465073736085,ACO tidak menunjukkan akumulasi risiko signifikan. GA menunjukkan stress tektonik relatif rendah. Lokasi berada dekat dengan prediksi pusat stress GA. LSTM tidak mendeteksi penyimpangan pola temporal.
2024-08-23 16:33:00,Lumajang,4.93,547.0,0.9004696150408074,0.04358819169264747,1.5604568719863892,False,0.0,11.48356342778669,0.1691447774827022,22.383583261841515,ACO tidak menunjukkan akumulasi risiko signifikan. GA menunjukkan stress tektonik relatif rendah. Lokasi berada dekat dengan prediksi pusat stress GA. LSTM tidak mendeteksi penyimpangan pola temporal.
2024-08-23 16:09:00,Laut Jawa Timur,4.26,657.0,0.7545224005036999,0.03312370789239446,1.3615857362747192,False,0.0,6.604105389831389,0.1691447774827022,95.74067450850278,ACO tidak menunjukkan akumulasi risiko signifikan. GA menunjukkan stress tektonik relatif rendah. Lokasi berada pada radius menengah dari prediksi GA. LSTM tidak mendeteksi penyimpangan pola temporal.
2024-08-23 04:23:00,"Malang, Jawa Timur",7.17,327.0,1.027629139005757,0.05270558925860634,1.8692795038223267,False,0.0,16.91718590664535,0.1691447774827022,90.36057707337689,ACO tidak menunjukkan akumulasi risiko signifikan. GA menunjukkan stress tektonik relatif rendah. Lokasi berada pada radius menengah dari prediksi GA. LSTM tidak mendeteksi penyimpangan pola temporal.
2024-08-22 18:32:00,Banyuwangi,7.37,643.0,0.5369384003477962,0.017522832931901162,0.8360024094581604,False,0.0,10.51627310409919,0.1691447774827022,99.52217776627954,ACO tidak menunjukkan akumulasi risiko signifikan. GA menunjukkan stress tektonik relatif rendah. Lokasi berada pada radius menengah dari prediksi GA. LSTM tidak mendeteksi penyimpangan pola temporal.
2024-08-22 01:01:00,Sidoarjo,6.04,507.0,1.1038280862881966,0.058169089551931126,2.174175262451172,False,0.0001555186650783455,5.53779363908311,0.1691447774827022,67.90190403148313,ACO tidak menunjukkan akumulasi risiko signifikan. GA menunjukkan stress tektonik relatif rendah. Lokasi berada pada radius menengah dari prediksi GA. LSTM tidak mendeteksi penyimpangan pola temporal.
2024-08-22 00:31:00,Lumajang,3.57,56.0,0.8038278066708425,0.03665892866202262,1.9683679342269897,False,0.01175307371210396,3.341841822398893,0.1691447774827022,32.26398979320266,ACO tidak menunjukkan akumulasi risiko signifikan. GA menunjukkan stress tektonik relatif rendah. Lokasi berada dekat dengan prediksi pusat stress GA. LSTM tidak mendeteksi penyimpangan pola temporal.
2024-08-21 22:24:00,"Malang, Jawa Timur",7.62,36.0,0.3813253993939698,0.006365307707765795,0.6488038301467896,False,0.0,3.240904040541774,0.1691447774827022,78.4977001288608,ACO tidak menunjukkan akumulasi risiko signifikan. GA menunjukkan stress tektonik relatif rendah. Lokasi berada pada radius menengah dari prediksi GA. LSTM tidak mendeteksi penyimpangan pola temporal.
2024-08-21 22:14:00,"Probolinggo, Jawa Timur",7.67,333.0,0.765503753534529,0.03391107606012851,0.7433599233627319,False,0.0,10.61501705132875,0.1691447774827022,28.36096943049547,ACO tidak menunjukkan akumulasi risiko signifikan. GA menunjukkan stress tektonik relatif rendah. Lokasi berada dekat dengan prediksi pusat stress GA. LSTM tidak mendeteksi penyimpangan pola temporal.
2024-08-20 12:00:00,"Laut Jawa, Barat Daya Probolinggo",7.48,474.0,0.7303691653492157,0.03139190959258149,0.5593897104263306,False,0.1253870698163189,10.64019797122157,0.1691447774827022,29.359392488618855,ACO tidak menunjukkan akumulasi risiko signifikan. GA menunjukkan stress tektonik relatif rendah. Lokasi berada dekat dengan prediksi pusat stress GA. LSTM tidak mendeteksi penyimpangan pola temporal.
2024-08-19 22:02:00,"Probolinggo, Jawa Timur",3.89,126.0,0.41511034834217186,0.008787704408395847,0.5104175806045532,False,0.9418171635072538,25.92259772026094,0.1691447774827022,19.91894964181764,ACO menunjukkan akumulasi risiko tinggi di wilayah ini. GA menunjukkan stress tektonik relatif rendah. Lokasi berada dekat dengan prediksi pusat stress GA. LSTM tidak mendeteksi penyimpangan pola temporal.
2024-08-19 18:47:00,Lumajang,6.27,241.0,0.5235664186786803,0.016564055568471826,1.3462921380996704,False,0.0001307138095888819,7.583994112060824,0.1691447774827022,26.64035108623135,ACO tidak menunjukkan akumulasi risiko signifikan. GA menunjukkan stress tektonik relatif rendah. Lokasi berada dekat dengan prediksi pusat stress GA. LSTM tidak mendeteksi penyimpangan pola temporal.
2024-08-19 17:39:00,Malang,7.13,364.0,0.48944358062064186,0.014117432060037467,0.58175128698349,False,0.0,19.96717947032079,0.1691447774827022,75.36016557462568,ACO tidak menunjukkan akumulasi risiko signifikan. GA menunjukkan stress tektonik relatif rendah. Lokasi berada pada radius menengah dari prediksi GA. LSTM tidak mendeteksi penyimpangan pola temporal.
2024-08-18 02:33:00,Lumajang,3.49,340.0,0.7662479043269905,0.033964432021305,1.4449881315231323,False,0.0,4.411928036584459,0.1691447774827022,32.055524120565096,ACO tidak menunjukkan akumulasi risiko signifikan. GA menunjukkan stress tektonik relatif rendah. Lokasi berada dekat dengan prediksi pusat stress GA. LSTM tidak mendeteksi penyimpangan pola temporal.
2024-08-17 12:54:00,Banyuwangi,6.43,17.0,0.49871845984184715,0.014782445254482019,0.6600362062454224,False,0.6396311827169713,12.73059050808525,0.1691447774827022,114.19351577358687,ACO mendeteksi peningkatan aktivitas moderat. GA menunjukkan stress tektonik relatif rendah. Lokasi berada pada radius menengah dari prediksi GA. LSTM tidak mendeteksi penyimpangan pola temporal.
2024-08-16 21:12:00,"Laut Selatan Jawa, Barat Daya Lumajang",5.97,421.0,1.6771252225473738,0.09927476336792763,1.672245740890503,False,0.0,2.935153317971652,0.1691447774827022,29.84077436848336,ACO tidak menunjukkan akumulasi risiko signifikan. GA menunjukkan stress tektonik relatif rendah. Lokasi berada dekat dengan prediksi pusat stress GA. LSTM tidak mendeteksi penyimpangan pola temporal.
2024-08-16 12:49:00,Surabaya,2.4,438.0,1.1854426820392217,0.06402089438294183,1.1293619871139526,False,0.0,19.31962732559818,0.1691447774827022,92.10226766105751,ACO tidak menunjukkan akumulasi risiko signifikan. GA menunjukkan stress tektonik relatif rendah. Lokasi berada pada radius menengah dari prediksi GA. LSTM tidak mendeteksi penyimpangan pola temporal.
2024-08-16 08:46:00,Probolinggo,4.97,316.0,1.655915332170288,0.09775400427046829,1.4248442649841309,False,0.0,5.590695395029137,0.1691447774827022,52.24254979890153,ACO tidak menunjukkan akumulasi risiko signifikan. GA menunjukkan stress tektonik relatif rendah. Lokasi berada pada radius menengah dari prediksi GA. LSTM tidak mendeteksi penyimpangan pola temporal.
2024-08-16 00:14:00,Banyuwangi,2.67,607.0,1.0858841660619423,0.056882502047563725,1.7085843086242676,False,0.02350614742421015,17.66068272058278,0.1691447774827022,112.70793604260402,ACO tidak menunjukkan akumulasi risiko signifikan. GA menunjukkan stress tektonik relatif rendah. Lokasi berada pada radius menengah dari prediksi GA. LSTM tidak mendeteksi penyimpangan pola temporal.
2024-08-15 21:13:00,Banyuwangi,4.0,521.0,1.9980544294977691,0.12228553817313358,2.0278725624084473,False,0.6388342363284196,20.85156522317409,0.1691447774827022,113.69617434382494,ACO mendeteksi peningkatan aktivitas moderat. GA menunjukkan stress tektonik relatif rendah. Lokasi berada pada radius menengah dari prediksi GA. LSTM tidak mendeteksi penyimpangan pola temporal.
2024-08-15 19:59:00,"Banyuwangi, Jawa Timur",2.17,564.0,1.0786130046314626,0.05636115635940101,1.2723230123519897,False,0.6489257396709005,23.80574480858942,0.1691447774827022,107.18892352130256,ACO mendeteksi peningkatan aktivitas moderat. GA menunjukkan stress tektonik relatif rendah. Lokasi berada pada radius menengah dari prediksi GA. LSTM tidak mendeteksi penyimpangan pola temporal.
2024-08-15 05:09:00,"Pasuruan, Jawa Timur",3.48,350.0,0.658594958126682,0.026245665238837812,0.8039819598197937,False,0.6517060518162718,24.89990510430726,0.1691447774827022,76.74715597753509,ACO mendeteksi peningkatan aktivitas moderat. GA menunjukkan stress tektonik relatif rendah. Lokasi berada pada radius menengah dari prediksi GA. LSTM tidak mendeteksi penyimpangan pola temporal.
2024-08-14 18:05:00,Laut Jawa Timur,3.39,250.0,0.6812591826626319,0.027870700778254997,0.5728645920753479,False,0.0,17.30370795523318,0.1691447774827022,41.40247703874948,ACO tidak menunjukkan akumulasi risiko signifikan. GA menunjukkan stress tektonik relatif rendah. Lokasi berada dekat dengan prediksi pusat stress GA. LSTM tidak mendeteksi penyimpangan pola temporal.
2024-08-14 14:01:00,"Laut Selatan Jawa, Barat Daya Lumajang",5.98,694.0,0.4022630906437573,0.007866550000008332,2.189305067062378,False,0.7534206974862414,26.91372734536539,0.1691447774827022,24.042232842829236,ACO menunjukkan akumulasi risiko tinggi di wilayah ini. GA menunjukkan stress tektonik relatif rendah. Lokasi berada dekat dengan prediksi pusat stress GA. LSTM tidak mendeteksi penyimpangan pola temporal.
2024-08-14 08:26:00,Laut Jawa Timur,6.13,421.0,0.9782605215274428,0.04916583620829132,0.6059950590133667,False,0.01788227022763862,13.60962402706039,0.1691447774827022,134.92455751239154,ACO tidak menunjukkan akumulasi risiko signifikan. GA menunjukkan stress tektonik relatif rendah. Lokasi berada pada radius menengah dari prediksi GA. LSTM tidak mendeteksi penyimpangan pola temporal.
2024-08-13 23:19:00,"Laut Jawa, Barat Daya Probolinggo",2.6,69.0,0.9314815535462816,0.04581176224268676,0.5670539140701294,False,0.392389048075213,20.78918259039171,0.1691447774827022,28.611232374682558,ACO tidak menunjukkan akumulasi risiko signifikan. GA menunjukkan stress tektonik relatif rendah. Lokasi berada dekat dengan prediksi pusat stress GA. LSTM tidak mendeteksi penyimpangan pola temporal.
2024-08-13 04:50:00,"Laut Selatan Jawa, Barat Daya Lumajang",3.29,12.0,1.7457728306648155,0.10419682909798951,3.0354278087615967,False,0.3639053304443413,13.34251488077438,0.1691447774827022,15.528166649102097,ACO tidak menunjukkan akumulasi risiko signifikan. GA menunjukkan stress tektonik relatif rendah. Lokasi berada dekat dengan prediksi pusat stress GA. LSTM tidak mendeteksi penyimpangan pola temporal.
2024-08-12 10:52:00,"Banyuwangi, Jawa Timur",2.93,627.0,0.6723652232501631,0.02723299971292755,0.5893893241882324,False,0.6348042519090717,22.2365273632229,0.1691447774827022,112.62773551660746,ACO mendeteksi peningkatan aktivitas moderat. GA menunjukkan stress tektonik relatif rendah. Lokasi berada pada radius menengah dari prediksi GA. LSTM tidak mendeteksi penyimpangan pola temporal.
2024-08-10 08:23:00,"Probolinggo, Jawa Timur",3.75,259.0,0.9251713803557218,0.04535931986248213,1.3781681060791016,False,0.03959591678410077,4.464336337202671,0.1691447774827022,18.721350835365186,ACO tidak menunjukkan akumulasi risiko signifikan. GA menunjukkan stress tektonik relatif rendah. Lokasi berada dekat dengan prediksi pusat stress GA. LSTM tidak mendeteksi penyimpangan pola temporal.
2024-08-10 06:32:00,Malang,6.04,489.0,0.6141398632130171,0.02305821406316307,0.5583187341690063,False,0.6278781090048652,19.69333708090076,0.1691447774827022,89.29905708681602,ACO mendeteksi peningkatan aktivitas moderat. GA menunjukkan stress tektonik relatif rendah. Lokasi berada pada radius menengah dari prediksi GA. LSTM tidak mendeteksi penyimpangan pola temporal.
2024-08-09 23:02:00,Probolinggo,4.39,692.0,1.5187213595980593,0.0879171320284878,2.5136287212371826,False,0.01095612732349916,11.14985267602592,0.1691447774827022,28.704627880060873,ACO tidak menunjukkan akumulasi risiko signifikan. GA menunjukkan stress tektonik relatif rendah. Lokasi berada dekat dengan prediksi pusat stress GA. LSTM tidak mendeteksi penyimpangan pola temporal.
2024-08-09 21:43:00,Tuban,3.27,46.0,0.7958740165993445,0.036088638179824745,1.0120790004730225,False,0.1220227996042205,10.42780605421914,0.1691447774827022,179.00941975685936,ACO tidak menunjukkan akumulasi risiko signifikan. GA menunjukkan stress tektonik relatif rendah. Lokasi relatif jauh dari pusat prediksi GA. LSTM tidak mendeteksi penyimpangan pola temporal.
2024-08-09 14:33:00,Probolinggo,2.49,659.0,1.3219670128930345,0.07380975299933472,1.295160174369812,False,0.04996627594184065,4.628718334895234,0.1691447774827022,34.45814610010484,ACO tidak menunjukkan akumulasi risiko signifikan. GA menunjukkan stress tektonik relatif rendah. Lokasi berada dekat dengan prediksi pusat stress GA. LSTM tidak mendeteksi penyimpangan pola temporal.
2024-08-09 09:02:00,Malang,7.6,232.0,1.1235449987485353,0.0595828014318503,0.6813707947731018,False,0.0,13.57276718285553,0.1691447774827022,89.6869651653345,ACO tidak menunjukkan akumulasi risiko signifikan. GA menunjukkan stress tektonik relatif rendah. Lokasi berada pada radius menengah dari prediksi GA. LSTM tidak mendeteksi penyimpangan pola temporal.
2024-08-08 23:13:00,Probolinggo,2.28,308.0,0.5810329765736116,0.020684434748404132,0.5686792135238647,False,0.0,4.710418346601499,0.1691447774827022,28.32493008076046,ACO tidak menunjukkan akumulasi risiko signifikan. GA menunjukkan stress tektonik relatif rendah. Lokasi berada dekat dengan prediksi pusat stress GA. LSTM tidak mendeteksi penyimpangan pola temporal.
2024-08-07 01:30:00,Lumajang,3.69,378.0,0.9282857024703508,0.04558261822018405,0.6678286790847778,False,0.2617302669561336,24.26695667150904,0.1691447774827022,26.09363336287619,ACO tidak menunjukkan akumulasi risiko signifikan. GA menunjukkan stress tektonik relatif rendah. Lokasi berada dekat dengan prediksi pusat stress GA. LSTM tidak mendeteksi penyimpangan pola temporal.
2024-08-06 13:56:00,"Laut Jawa, Barat Daya Probolinggo",7.46,551.0,0.7583296809322186,0.0333966916865259,0.5779510736465454,False,0.3007404155744692,22.79699768242308,0.1691447774827022,32.21306747033,ACO tidak menunjukkan akumulasi risiko signifikan. GA menunjukkan stress tektonik relatif rendah. Lokasi berada dekat dengan prediksi pusat stress GA. LSTM tidak mendeteksi penyimpangan pola temporal.
2024-08-06 07:53:00,Probolinggo,4.18,171.0,0.31296873388908575,0.0014641026996133316,1.4962517023086548,False,0.0,2.870959421517483,0.1691447774827022,37.53757036126978,ACO tidak menunjukkan akumulasi risiko signifikan. GA menunjukkan stress tektonik relatif rendah. Lokasi berada dekat dengan prediksi pusat stress GA. LSTM tidak mendeteksi penyimpangan pola temporal.
2024-08-05 07:49:00,Banyuwangi,3.85,117.0,2.030519800987652,0.12461332055049919,1.4308909177780151,False,0.0,4.362815948444307,0.1691447774827022,119.25715000077946,ACO tidak menunjukkan akumulasi risiko signifikan. GA menunjukkan stress tektonik relatif rendah. Lokasi berada pada radius menengah dari prediksi GA. LSTM tidak mendeteksi penyimpangan pola temporal.
2024-08-05 05:15:00,Banyuwangi,2.38,335.0,0.2925490251978975,0.0,0.803850531578064,False,0.0,3.741326101798666,0.1691447774827022,114.39289379266403,ACO tidak menunjukkan akumulasi risiko signifikan. GA menunjukkan stress tektonik relatif rendah. Lokasi berada pada radius menengah dari prediksi GA. LSTM tidak mendeteksi penyimpangan pola temporal.
2024-08-05 03:52:00,Lumajang,5.17,528.0,0.49577278644546485,0.014571239089054028,0.8408883213996887,False,0.0,9.292517850399857,0.1691447774827022,38.13118089805458,ACO tidak menunjukkan akumulasi risiko signifikan. GA menunjukkan stress tektonik relatif rendah. Lokasi berada dekat dengan prediksi pusat stress GA. LSTM tidak mendeteksi penyimpangan pola temporal.
2024-08-04 22:54:00,Lumajang,4.98,537.0,0.8923315047230211,0.04300468536225777,2.53865122795105,False,0.0001555186650785688,6.104357527927181,0.1691447774827022,37.391819099886256,ACO tidak menunjukkan akumulasi risiko signifikan. GA menunjukkan stress tektonik relatif rendah. Lokasi berada dekat dengan prediksi pusat stress GA. LSTM tidak mendeteksi penyimpangan pola temporal.
2024-08-04 07:54:00,Sidoarjo,2.33,643.0,0.5016242875169425,0.01499079446298734,1.3247536420822144,False,0.0,4.862088337329959,0.1691447774827022,75.65617738784616,ACO tidak menunjukkan akumulasi risiko signifikan. GA menunjukkan stress tektonik relatif rendah. Lokasi berada pada radius menengah dari prediksi GA. LSTM tidak mendeteksi penyimpangan pola temporal.
2024-08-04 07:13:00,Probolinggo,2.76,384.0,0.638004624561793,0.024769328655676753,0.8660485744476318,False,0.0,5.066791391008713,0.1691447774827022,36.9691194491067,ACO tidak menunjukkan akumulasi risiko signifikan. GA menunjukkan stress tektonik relatif rendah. Lokasi berada dekat dengan prediksi pusat stress GA. LSTM tidak mendeteksi penyimpangan pola temporal.
2024-08-02 02:46:00,"Laut Selatan Jawa, Barat Daya Lumajang",3.43,551.0,0.7518724830938733,0.03293370757005129,0.5487867593765259,False,0.01979795839205038,5.463985427432266,0.1691447774827022,19.854388915775953,ACO tidak menunjukkan akumulasi risiko signifikan. GA menunjukkan stress tektonik relatif rendah. Lokasi berada dekat dengan prediksi pusat stress GA. LSTM tidak mendeteksi penyimpangan pola temporal.
2024-08-01 19:25:00,Lumajang,5.78,430.0,0.7504064950350213,0.032828595537993145,0.45072469115257263,False,0.662971102711519,24.82200384932912,0.1691447774827022,29.766070528475662,ACO mendeteksi peningkatan aktivitas moderat. GA menunjukkan stress tektonik relatif rendah. Lokasi berada dekat dengan prediksi pusat stress GA. LSTM tidak mendeteksi penyimpangan pola temporal.
2024-08-01 08:40:00,"Laut Selatan Jawa, Barat Daya Lumajang",6.57,316.0,0.4887772606352653,0.01406965660426825,0.636228621006012,False,0.0,13.11028664827737,0.1691447774827022,22.865756246636177,ACO tidak menunjukkan akumulasi risiko signifikan. GA menunjukkan stress tektonik relatif rendah. Lokasi berada dekat dengan prediksi pusat stress GA. LSTM tidak mendeteksi penyimpangan pola temporal.
2024-07-28 17:41:00,"Probolinggo, Jawa Timur",3.08,510.0,0.8435306554663151,0.03950564155998261,0.7210149765014648,False,0.0,12.79325302649799,0.1691447774827022,31.024353345955745,ACO tidak menunjukkan akumulasi risiko signifikan. GA menunjukkan stress tektonik relatif rendah. Lokasi berada dekat dengan prediksi pusat stress GA. LSTM tidak mendeteksi penyimpangan pola temporal.
2024-07-27 01:12:00,"Laut Jawa, Barat Daya Probolinggo",2.89,630.0,1.1948144789686141,0.06469285662256342,0.7094361782073975,False,0.0,5.564094176054176,0.1691447774827022,32.13316137457676,ACO tidak menunjukkan akumulasi risiko signifikan. GA menunjukkan stress tektonik relatif rendah. Lokasi berada dekat dengan prediksi pusat stress GA. LSTM tidak mendeteksi penyimpangan pola temporal.
2024-07-25 18:44:00,Probolinggo,2.9,496.0,0.6912303109338906,0.02858563535645692,0.6868554353713989,False,0.6278781090048844,22.67235313089035,0.1691447774827022,16.561877127078464,ACO mendeteksi peningkatan aktivitas moderat. GA menunjukkan stress tektonik relatif rendah. Lokasi berada dekat dengan prediksi pusat stress GA. LSTM tidak mendeteksi penyimpangan pola temporal.
2024-07-24 18:53:00,"Laut Selatan Jawa, Barat Daya Lumajang",4.69,620.0,1.527733181937113,0.08856328392098459,1.3581634759902954,False,0.02438253704903324,18.53592934140672,0.1691447774827022,30.730701792407064,ACO tidak menunjukkan akumulasi risiko signifikan. GA menunjukkan stress tektonik relatif rendah. Lokasi berada dekat dengan prediksi pusat stress GA. LSTM tidak mendeteksi penyimpangan pola temporal.
2024-07-23 11:37:00,Banyuwangi,2.08,71.0,0.6075840061340094,0.022588156032815346,2.3910791873931885,False,0.7532651788211991,23.48836357626373,0.1691447774827022,119.54103061090953,ACO menunjukkan akumulasi risiko tinggi di wilayah ini. GA menunjukkan stress tektonik relatif rendah. Lokasi berada pada radius menengah dari prediksi GA. LSTM tidak mendeteksi penyimpangan pola temporal.
2024-07-23 03:20:00,"Banyuwangi, Jawa Timur",5.72,109.0,0.6003120989319204,0.022066756872478128,1.7676368951797485,False,0.2694533562488602,10.28322446506008,0.1691447774827022,117.29320888240433,ACO tidak menunjukkan akumulasi risiko signifikan. GA menunjukkan stress tektonik relatif rendah. Lokasi berada pada radius menengah dari prediksi GA. LSTM tidak mendeteksi penyimpangan pola temporal.
2024-07-22 21:17:00,"Pasuruan, Jawa Timur",2.3,68.0,2.107030637814985,0.1300991834706158,1.9920313358306885,False,0.01087653413193132,9.322838966671295,0.1691447774827022,65.00225491763509,ACO tidak menunjukkan akumulasi risiko signifikan. GA menunjukkan stress tektonik relatif rendah. Lokasi berada pada radius menengah dari prediksi GA. LSTM tidak mendeteksi penyimpangan pola temporal.
2024-07-22 03:57:00,Tuban,5.66,692.0,1.9539119085474805,0.11912049869737723,3.7768325805664062,False,0.0,3.307725502516798,0.1691447774827022,186.60461941897734,ACO tidak menunjukkan akumulasi risiko signifikan. GA menunjukkan stress tektonik relatif rendah. Lokasi relatif jauh dari pusat prediksi GA. LSTM tidak mendeteksi penyimpangan pola temporal.
2024-07-21 06:57:00,Tuban,4.85,296.0,0.8457746183828772,0.03966653475457497,0.7521008253097534,False,0.02350614742421227,15.0231417621002,0.1691447774827022,224.05834262965158,ACO tidak menunjukkan akumulasi risiko signifikan. GA menunjukkan stress tektonik relatif rendah. Lokasi relatif jauh dari pusat prediksi GA. LSTM tidak mendeteksi penyimpangan pola temporal.
2024-07-20 09:12:00,"Laut Selatan Jawa, Barat Daya Lumajang",5.7,319.0,1.5618870864621055,0.09101213490968435,1.381279468536377,False,0.0,21.78421446827955,0.1691447774827022,32.636179024447536,ACO tidak menunjukkan akumulasi risiko signifikan. GA menunjukkan stress tektonik relatif rendah. Lokasi berada dekat dengan prediksi pusat stress GA. LSTM tidak mendeteksi penyimpangan pola temporal.
2024-07-19 15:03:00,"Banyuwangi, Jawa Timur",7.78,285.0,1.8314531483645564,0.1103401481014605,1.3545423746109009,False,0.01385228580827779,16.33441531920593,0.1691447774827022,106.36942056181182,ACO tidak menunjukkan akumulasi risiko signifikan. GA menunjukkan stress tektonik relatif rendah. Lokasi berada pada radius menengah dari prediksi GA. LSTM tidak mendeteksi penyimpangan pola temporal.
2024-07-19 14:51:00,"Pasuruan, Jawa Timur",3.06,357.0,0.5704030986103186,0.019922267508019665,0.7893509864807129,False,0.03959591678410065,18.14113033679745,0.1691447774827022,64.33639892132078,ACO tidak menunjukkan akumulasi risiko signifikan. GA menunjukkan stress tektonik relatif rendah. Lokasi berada pada radius menengah dari prediksi GA. LSTM tidak mendeteksi penyimpangan pola temporal.
2024-07-19 05:02:00,Lumajang,2.58,48.0,0.5730772355195891,0.020114004379843318,0.49089178442955017,False,0.5653992803814747,18.45103250444718,0.1691447774827022,33.0936853171095,ACO mendeteksi peningkatan aktivitas moderat. GA menunjukkan stress tektonik relatif rendah. Lokasi berada dekat dengan prediksi pusat stress GA. LSTM tidak mendeteksi penyimpangan pola temporal.
2024-07-18 14:47:00,Probolinggo,5.4,616.0,0.7941160692624496,0.03596259253046459,0.556068480014801,False,0.008059968838719183,20.9609767519368,0.1691447774827022,18.601840490432746,ACO tidak menunjukkan akumulasi risiko signifikan. GA menunjukkan stress tektonik relatif rendah. Lokasi berada dekat dengan prediksi pusat stress GA. LSTM tidak mendeteksi penyimpangan pola temporal.
2024-07-18 12:34:00,Probolinggo,7.67,193.0,0.7268730235420542,0.031141234583671833,0.5743430852890015,False,0.2144734320629172,16.19324061064967,0.1691447774827022,34.297973806609974,ACO tidak menunjukkan akumulasi risiko signifikan. GA menunjukkan stress tektonik relatif rendah. Lokasi berada dekat dengan prediksi pusat stress GA. LSTM tidak mendeteksi penyimpangan pola temporal.
2024-07-17 21:53:00,"Laut Jawa, Barat Daya Probolinggo",6.09,305.0,0.6205473251607524,0.023517632092931402,1.801835060119629,False,0.6337306638674393,19.99614237905018,0.1691447774827022,32.328525570245695,ACO mendeteksi peningkatan aktivitas moderat. GA menunjukkan stress tektonik relatif rendah. Lokasi berada dekat dengan prediksi pusat stress GA. LSTM tidak mendeteksi penyimpangan pola temporal.
2024-07-16 10:41:00,Probolinggo,6.07,469.0,1.8978787136114292,0.11510289231451856,1.8100334405899048,False,0.0,11.449738512298,0.1691447774827022,58.589392706209225,ACO tidak menunjukkan akumulasi risiko signifikan. GA menunjukkan stress tektonik relatif rendah. Lokasi berada pada radius menengah dari prediksi GA. LSTM tidak mendeteksi penyimpangan pola temporal.
2024-07-16 09:55:00,Kediri,5.02,376.0,0.7516382367405241,0.03291691199654435,0.7693037986755371,False,0.0,7.790921447428411,0.1691447774827022,160.17052113936074,ACO tidak menunjukkan akumulasi risiko signifikan. GA menunjukkan stress tektonik relatif rendah. Lokasi relatif jauh dari pusat prediksi GA. LSTM tidak mendeteksi penyimpangan pola temporal.
2024-07-15 13:51:00,Lumajang,6.89,463.0,1.5513340362007995,0.09025547625160071,0.629726231098175,False,0.0,5.092576558089235,0.1691447774827022,38.108762679957294,ACO tidak menunjukkan akumulasi risiko signifikan. GA menunjukkan stress tektonik relatif rendah. Lokasi berada dekat dengan prediksi pusat stress GA. LSTM tidak mendeteksi penyimpangan pola temporal.
2024-07-15 00:43:00,Laut Jawa Timur,7.35,373.0,0.8458468527101417,0.03967171398975174,0.591241180896759,False,0.633069990798042,26.52197739078042,0.1691447774827022,10.701376686362936,ACO mendeteksi peningkatan aktivitas moderat. GA menunjukkan stress tektonik relatif rendah. Lokasi berada dekat dengan prediksi pusat stress GA. LSTM tidak mendeteksi penyimpangan pola temporal.
2024-07-14 09:53:00,"Probolinggo, Jawa Timur",2.7,70.0,1.5332317108094293,0.08895753102252792,1.0603315830230713,False,0.941817163507327,26.5539835083398,0.1691447774827022,35.258990879485474,ACO menunjukkan akumulasi risiko tinggi di wilayah ini. GA menunjukkan stress tektonik relatif rendah. Lokasi berada dekat dengan prediksi pusat stress GA. LSTM tidak mendeteksi penyimpangan pola temporal.
2024-07-13 23:47:00,Laut Jawa Timur,7.69,576.0,1.4533819323597261,0.08323226442055204,1.2946115732192993,False,0.03959591678410077,14.20734619898275,0.1691447774827022,65.40660834372586,ACO tidak menunjukkan akumulasi risiko signifikan. GA menunjukkan stress tektonik relatif rendah. Lokasi berada pada radius menengah dari prediksi GA. LSTM tidak mendeteksi penyimpangan pola temporal.
2024-07-13 15:11:00,Sidoarjo,6.57,674.0,1.0940735376357038,0.05746968383407251,1.896407127380371,False,0.03975143544917208,19.3061567481292,0.1691447774827022,65.29489495466176,ACO tidak menunjukkan akumulasi risiko signifikan. GA menunjukkan stress tektonik relatif rendah. Lokasi berada pada radius menengah dari prediksi GA. LSTM tidak mendeteksi penyimpangan pola temporal.
2024-07-11 21:02:00,Banyuwangi,6.41,120.0,1.0873616610816184,0.05698843913411514,1.1010266542434692,False,0.0,3.556590642736384,0.1691447774827022,104.3055741312031,ACO tidak menunjukkan akumulasi risiko signifikan. GA menunjukkan stress tektonik relatif rendah. Lokasi berada pada radius menengah dari prediksi GA. LSTM tidak mendeteksi penyimpangan pola temporal.
2024-07-11 20:27:00,Banyuwangi,2.66,678.0,0.5515004235617678,0.0185669368327863,0.6947146654129028,False,0.2548041240519974,16.8597770202047,0.1691447774827022,111.52108319831692,ACO tidak menunjukkan akumulasi risiko signifikan. GA menunjukkan stress tektonik relatif rendah. Lokasi berada pada radius menengah dari prediksi GA. LSTM tidak mendeteksi penyimpangan pola temporal.
2024-07-10 00:06:00,"Laut Selatan Jawa, Barat Daya Lumajang",2.88,435.0,1.219105817013391,0.06643455696444564,1.7158290147781372,False,0.02350614742421015,13.30973905461809,0.1691447774827022,24.396344851700427,ACO tidak menunjukkan akumulasi risiko signifikan. GA menunjukkan stress tektonik relatif rendah. Lokasi berada dekat dengan prediksi pusat stress GA. LSTM tidak mendeteksi penyimpangan pola temporal.
2024-07-09 03:50:00,"Banyuwangi, Jawa Timur",5.41,16.0,0.9425079959343268,0.04660236333850133,0.7876558899879456,False,0.0,6.604105389831389,0.1691447774827022,104.89558816321961,ACO tidak menunjukkan akumulasi risiko signifikan. GA menunjukkan stress tektonik relatif rendah. Lokasi berada pada radius menengah dari prediksi GA. LSTM tidak mendeteksi penyimpangan pola temporal.
2024-07-08 00:58:00,Lumajang,5.05,216.0,1.879221846306089,0.11376518616987293,1.2457187175750732,False,0.6396311827169987,20.07169251685383,0.1691447774827022,29.99236422303212,ACO mendeteksi peningkatan aktivitas moderat. GA menunjukkan stress tektonik relatif rendah. Lokasi berada dekat dengan prediksi pusat stress GA. LSTM tidak mendeteksi penyimpangan pola temporal.
2024-07-07 21:36:00,Sidoarjo,7.1,22.0,0.4235560938259772,0.009393268324614816,0.7103719115257263,False,0.0,8.916669781930919,0.1691447774827022,66.92952184047854,ACO tidak menunjukkan akumulasi risiko signifikan. GA menunjukkan stress tektonik relatif rendah. Lokasi berada pada radius menengah dari prediksi GA. LSTM tidak mendeteksi penyimpangan pola temporal.
2024-07-07 20:34:00,Lumajang,5.11,75.0,7.33022540031216,0.504604700078616,2.083280086517334,False,0.003061115095886442,22.30932431646837,0.1691447774827022,31.82601438573502,ACO tidak menunjukkan akumulasi risiko signifikan. GA menunjukkan stress tektonik relatif rendah. Lokasi berada dekat dengan prediksi pusat stress GA. LSTM tidak mendeteksi penyimpangan pola temporal.
2024-07-06 14:52:00,Laut Jawa Timur,6.4,428.0,1.5192330829321383,0.0879538228317804,1.3313045501708984,False,0.0,5.248200453488796,0.1691447774827022,192.28865071611892,ACO tidak menunjukkan akumulasi risiko signifikan. GA menunjukkan stress tektonik relatif rendah. Lokasi relatif jauh dari pusat prediksi GA. LSTM tidak mendeteksi penyimpangan pola temporal.
2024-07-06 07:32:00,Banyuwangi,7.83,212.0,1.2205260175573143,0.06653638601018749,1.5584895610809326,False,0.638834236328366,23.60018664428593,0.1691447774827022,108.7760641671631,ACO mendeteksi peningkatan aktivitas moderat. GA menunjukkan stress tektonik relatif rendah. Lokasi berada pada radius menengah dari prediksi GA. LSTM tidak mendeteksi penyimpangan pola temporal.
2024-07-06 06:31:00,Banyuwangi,2.36,686.0,0.0,0.0,0.0,False,0.0,10.12438798150288,0.1691447774827022,114.31319513237791,ACO tidak menunjukkan akumulasi risiko signifikan. GA menunjukkan stress tektonik relatif rendah. Lokasi berada pada radius menengah dari prediksi GA. LSTM tidak mendeteksi penyimpangan pola temporal.
2024-07-05 19:18:00,Lumajang,3.26,277.0,0.0,0.0,0.0,False,0.627878109004877,19.06052914612661,0.1691447774827022,39.81334125871752,ACO mendeteksi peningkatan aktivitas moderat. GA menunjukkan stress tektonik relatif rendah. Lokasi berada dekat dengan prediksi pusat stress GA. LSTM tidak mendeteksi penyimpangan pola temporal.
2024-07-05 13:42:00,Laut Jawa Timur,4.6,662.0,0.0,0.0,0.0,False,0.0,5.405378062633547,0.1691447774827022,184.72491990964494,ACO tidak menunjukkan akumulasi risiko signifikan. GA menunjukkan stress tektonik relatif rendah. Lokasi relatif jauh dari pusat prediksi GA. LSTM tidak mendeteksi penyimpangan pola temporal.
2024-07-05 13:38:00,"Laut Jawa, Barat Daya Probolinggo",2.9,423.0,0.0,0.0,0.0,False,0.0,10.87983322482473,0.1691447774827022,34.71756767674288,ACO tidak menunjukkan akumulasi risiko signifikan. GA menunjukkan stress tektonik relatif rendah. Lokasi berada dekat dengan prediksi pusat stress GA. LSTM tidak mendeteksi penyimpangan pola temporal.
2024-07-04 17:14:00,Banyuwangi,7.24,379.0,0.0,0.0,0.0,False,0.313939054502457,6.001088576510699,0.1691447774827022,102.42110712726824,ACO tidak menunjukkan akumulasi risiko signifikan. GA menunjukkan stress tektonik relatif rendah. Lokasi berada pada radius menengah dari prediksi GA. LSTM tidak mendeteksi penyimpangan pola temporal.
2024-07-04 16:50:00,"Banyuwangi, Jawa Timur",2.84,368.0,0.0,0.0,0.0,False,0.1266367420902895,4.127662498284683,0.1691447774827022,116.6298323264942,ACO tidak menunjukkan akumulasi risiko signifikan. GA menunjukkan stress tektonik relatif rendah. Lokasi berada pada radius menengah dari prediksi GA. LSTM tidak mendeteksi penyimpangan pola temporal.
2024-07-04 16:41:00,"Probolinggo, Jawa Timur",3.95,406.0,0.0,0.0,0.0,False,0.7572951632405794,25.55966241167819,0.1691447774827022,41.20755171888074,ACO menunjukkan akumulasi risiko tinggi di wilayah ini. GA menunjukkan stress tektonik relatif rendah. Lokasi berada dekat dengan prediksi pusat stress GA. LSTM tidak mendeteksi penyimpangan pola temporal.
2024-07-04 11:32:00,"Malang, Jawa Timur",5.08,24.0,0.0,0.0,0.0,False,0.0,13.96824971139906,0.1691447774827022,86.67061821580916,ACO tidak menunjukkan akumulasi risiko signifikan. GA menunjukkan stress tektonik relatif rendah. Lokasi berada pada radius menengah dari prediksi GA. LSTM tidak mendeteksi penyimpangan pola temporal.
2024-07-04 07:17:00,"Malang, Jawa Timur",3.13,118.0,0.0,0.0,0.0,False,0.6278781090048696,17.85974355140973,0.1691447774827022,75.33728505578088,ACO mendeteksi peningkatan aktivitas moderat. GA menunjukkan stress tektonik relatif rendah. Lokasi berada pada radius menengah dari prediksi GA. LSTM tidak mendeteksi penyimpangan pola temporal.
2024-07-03 02:53:00,"Malang, Jawa Timur",6.04,502.0,0.0,0.0,0.0,False,0.0,10.05955744553407,0.1691447774827022,89.83979710266848,ACO tidak menunjukkan akumulasi risiko signifikan. GA menunjukkan stress tektonik relatif rendah. Lokasi berada pada radius menengah dari prediksi GA. LSTM tidak mendeteksi penyimpangan pola temporal.
2024-06-28 07:42:00,"Pasuruan, Jawa Timur",3.91,621.0,0.0,0.0,0.0,False,0.02350614742421216,12.98960256308772,0.1691447774827022,62.399247375207395,ACO tidak menunjukkan akumulasi risiko signifikan. GA menunjukkan stress tektonik relatif rendah. Lokasi berada pada radius menengah dari prediksi GA. LSTM tidak mendeteksi penyimpangan pola temporal.
2024-06-28 05:00:00,Lumajang,6.89,272.0,0.0,0.0,0.0,False,0.2548041240519832,21.66895193871442,0.1691447774827022,39.16078927133193,ACO tidak menunjukkan akumulasi risiko signifikan. GA menunjukkan stress tektonik relatif rendah. Lokasi berada dekat dengan prediksi pusat stress GA. LSTM tidak mendeteksi penyimpangan pola temporal.
2024-06-28 02:45:00,Lumajang,3.5,122.0,0.0,0.0,0.0,False,0.376161209448902,25.13368456143969,0.1691447774827022,29.752043445996893,ACO tidak menunjukkan akumulasi risiko signifikan. GA menunjukkan stress tektonik relatif rendah. Lokasi berada dekat dengan prediksi pusat stress GA. LSTM tidak mendeteksi penyimpangan pola temporal.
2024-06-28 01:12:00,Banyuwangi,3.11,181.0,0.0,0.0,0.0,False,0.0,3.130550111402148,0.1691447774827022,105.34361820481553,ACO tidak menunjukkan akumulasi risiko signifikan. GA menunjukkan stress tektonik relatif rendah. Lokasi berada pada radius menengah dari prediksi GA. LSTM tidak mendeteksi penyimpangan pola temporal.
2024-06-28 00:24:00,Banyuwangi,6.36,180.0,0.0,0.0,0.0,False,0.01385228580827646,11.15950846115205,0.1691447774827022,123.25480790024382,ACO tidak menunjukkan akumulasi risiko signifikan. GA menunjukkan stress tektonik relatif rendah. Lokasi berada pada radius menengah dari prediksi GA. LSTM tidak mendeteksi penyimpangan pola temporal.
