Generation,Start_Lat,Start_Lon,End_Lat,End_Lon,Angle,Distance,Fitness,Snap_Start_Idx,Snap_End_Idx,Pred_Lat,Pred_Lon,Angle_Deg,Is_Best,Magnitudo,Kedalaman_km
199,-7.940958410257145,113.3949971158924,-7.95538977641417,113.38614280304513,211.28444639135566,1.877726935317292,0.17144654413111873,448,448,-7.95538977641417,113.38614280304513,211.28444639135566,True,0.0,0.0
