Generation,Start_Lat,Start_Lon,End_Lat,End_Lon,Angle,Distance,Fitness,Pred_Lat,Pred_Lon,Angle_Deg,Is_Best,Magnitudo,Kedalaman_km
149,-8.037625864811272,113.33583939793371,-7.936949883458189,113.36314358998717,15.035486274971968,11.591385734357527,0.15703788650739117,-7.936949883458189,113.36314358998717,15.035486274971968,True,0.0,0.0
