Generation,Start_Lat,Start_Lon,End_Lat,End_Lon,Angle,Distance,Fitness,Snap_Start_Idx,Snap_End_Idx,Pred_Lat,Pred_Lon,Angle_Deg,Is_Best,Magnitudo,Kedalaman_km
149,-7.935356693677204,113.38191388655605,-7.944077799601007,113.37968497070833,194.20460207837138,1.0003277709037832,0.1662970712822313,448,448,-7.944077799601007,113.37968497070833,194.20460207837138,True,0.0,0.0
