Generation,Start_Lat,Start_Lon,End_Lat,End_Lon,Angle,Distance,Fitness,Pred_Lat,Pred_Lon,Angle_Deg,Is_Best,Magnitudo,Kedalaman_km
149,-7.926662640977625,113.36401282956625,-7.937459805006945,113.36785873438636,160.56804061865475,1.273111794006951,0.15596696021941908,-7.937459805006945,113.36785873438636,160.56804061865475,True,0.0,0.0
