Generation,Start_Lat,Start_Lon,End_Lat,End_Lon,Angle,Distance,Fitness,Pred_Lat,Pred_Lon,Angle_Deg,Is_Best,Magnitudo,Kedalaman_km
149,-7.838820480764189,113.33272337467467,-7.937459802692075,113.36785873597579,160.56804061865398,11.630881868047018,0.15596696021941908,-7.937459802692075,113.36785873597579,160.56804061865398,True,0.0,0.0
