{
    "start_lat": -7.9460891113163035,
    "start_lon": 113.39005761208338,
    "end_lat": -7.953795820988366,
    "end_lon": 113.38532922069773,
    "angle_deg": 211.28444639135498,
    "distance_km": 1.0027500119264063,
    "fitness": 0.1674605734605759,
    "generation": 149
}