{
    "start_lat": -7.880039272561183,
    "start_lon": 113.34740564124168,
    "end_lat": -7.937459803173582,
    "end_lon": 113.36785873518001,
    "angle_deg": 160.5680406186532,
    "distance_km": 6.77059899539901,
    "fitness": 0.15596696021941908,
    "generation": 149
}