{
    "start_lat": -7.960525000368167,
    "start_lon": 113.38396417365452,
    "end_lat": -7.952144614838879,
    "end_lon": 113.38770623098331,
    "angle_deg": 23.856584144326966,
    "distance_km": 1.01890940942808,
    "fitness": 0.16913177880943753,
    "generation": 149
}