{
    "start_lat": -7.939928977475632,
    "start_lon": 113.40346551373901,
    "end_lat": -7.9554194799532185,
    "end_lon": 113.39728887331738,
    "angle_deg": 201.54899765736516,
    "distance_km": 1.8519119499640637,
    "fitness": 0.1686025932184425,
    "generation": 149
}