{
    "start_lat": -7.741618897521512,
    "start_lon": 113.46863175118959,
    "end_lat": -7.946186946443689,
    "end_lon": 113.35890362374172,
    "angle_deg": 207.97739879329995,
    "distance_km": 25.75887086886179,
    "fitness": 0.17414069454157904,
    "generation": 149
}