{
    "start_lat": -7.826413944224287,
    "start_lon": 113.41248780945719,
    "end_lat": -7.949038752280877,
    "end_lon": 113.38114707346237,
    "angle_deg": 194.20460207908272,
    "distance_km": 14.06542713220543,
    "fitness": 0.17000512196280024,
    "generation": 149
}