{
    "start_lat": -7.929213485745082,
    "start_lon": 113.39203048630523,
    "end_lat": -7.950109955354322,
    "end_lon": 113.38269965745559,
    "angle_deg": 203.8565841443264,
    "distance_km": 2.540665684408777,
    "fitness": 0.17337754052728152,
    "generation": 149
}