{
    "start_lat": -7.9394282417036415,
    "start_lon": 113.38588046523263,
    "end_lat": -7.950512882146051,
    "end_lon": 113.38093088538666,
    "angle_deg": 203.8565841443275,
    "distance_km": 1.3477061169559164,
    "fitness": 0.1704036508747104,
    "generation": 149
}