{
    "start_lat": -7.839211215424294,
    "start_lon": 113.41910230977625,
    "end_lat": -7.953089295061024,
    "end_lon": 113.39305006624664,
    "angle_deg": 192.76604302260543,
    "distance_km": 12.983704979101685,
    "fitness": 0.16966632755526126,
    "generation": 149
}