{
    "start_lat": -7.951016005878953,
    "start_lon": 113.40544550003439,
    "end_lat": -7.962657251628346,
    "end_lon": 113.40313788288242,
    "angle_deg": 191.10685089216156,
    "distance_km": 1.3191564546161598,
    "fitness": 0.16910514603692164,
    "generation": 149
}