{
    "start_lat": -7.926662640977625,
    "start_lon": 113.36401282956625,
    "end_lat": -7.937459805006945,
    "end_lon": 113.36785873438636,
    "angle_deg": 160.56804061865475,
    "distance_km": 1.273111794006951,
    "fitness": 0.15596696021941908,
    "generation": 149
}