{
    "start_lat": -7.970533249860014,
    "start_lon": 113.41210382727137,
    "end_lat": -7.960788140246184,
    "end_lon": 113.41424928446526,
    "angle_deg": 12.300029758676486,
    "distance_km": 1.109064189621368,
    "fitness": 0.16686582078554155,
    "generation": 149
}