{
    "start_lat": -7.944616201967507,
    "start_lon": 113.40379638533726,
    "end_lat": -7.962047427666894,
    "end_lon": 113.39684579130278,
    "angle_deg": 201.54899765736684,
    "distance_km": 2.0839289877241014,
    "fitness": 0.17031462597891703,
    "generation": 199
}