{
    "start_lat": -7.796525995845142,
    "start_lon": 113.39744004022371,
    "end_lat": -7.95122818904494,
    "end_lon": 113.37120700757804,
    "angle_deg": 189.5333073902075,
    "distance_km": 17.443087282688882,
    "fitness": 0.17418490578719892,
    "generation": 149
}