{
    "start_lat": -7.838820480764189,
    "start_lon": 113.33272337467467,
    "end_lat": -7.937459802692075,
    "end_lon": 113.36785873597579,
    "angle_deg": 160.56804061865398,
    "distance_km": 11.630881868047018,
    "fitness": 0.15596696021941908,
    "generation": 149
}